product,page,page_title,section,item,attribute,value,doc_url
basics,basics/channel-access-token,Channel access token,Types of channel access tokens,Channel access token with a user-specified expiration,Validity period,Up to 30 days,https://developers.line.biz/en/docs/basics/channel-access-token/
basics,basics/channel-access-token,Channel access token,Types of channel access tokens,Channel access token with a user-specified expiration,Number of issues per channel,30,https://developers.line.biz/en/docs/basics/channel-access-token/
basics,basics/channel-access-token,Channel access token,Types of channel access tokens,Stateless channel access token,Validity period,15 minutes,https://developers.line.biz/en/docs/basics/channel-access-token/
basics,basics/channel-access-token,Channel access token,Types of channel access tokens,Stateless channel access token,Number of issues per channel,Limitless,https://developers.line.biz/en/docs/basics/channel-access-token/
basics,basics/channel-access-token,Channel access token,Types of channel access tokens,Short-lived channel access token,Validity period,30 days,https://developers.line.biz/en/docs/basics/channel-access-token/
basics,basics/channel-access-token,Channel access token,Types of channel access tokens,Short-lived channel access token,Number of issues per channel,30,https://developers.line.biz/en/docs/basics/channel-access-token/
basics,basics/channel-access-token,Channel access token,Types of channel access tokens,Long-lived channel access token,Validity period,Indefinite,https://developers.line.biz/en/docs/basics/channel-access-token/
basics,basics/channel-access-token,Channel access token,Types of channel access tokens,Long-lived channel access token,Number of issues per channel,1,https://developers.line.biz/en/docs/basics/channel-access-token/
basics,basics/channel-access-token,Channel access token,Channel access token with a user-specified expiration (Channel access token v2.1),Channel access token with a user-specified expiration (Channel access token v2.1),限制（寫在內文）,Channel access token v2.1 allows developers to set the validity period of up to 30 days.,https://developers.line.biz/en/docs/basics/channel-access-token/
basics,basics/channel-access-token,Channel access token,Channel access token with a user-specified expiration (Channel access token v2.1),Channel access token with a user-specified expiration (Channel access token v2.1),限制（寫在內文）,Up to 30 channel access tokens v2.1 can be issued per channel.,https://developers.line.biz/en/docs/basics/channel-access-token/
basics,basics/channel-access-token,Channel access token,Stateless channel access token,Stateless channel access token,限制（寫在內文）,Stateless channel tokens are channel access tokens that are only valid for 15 minutes.,https://developers.line.biz/en/docs/basics/channel-access-token/
basics,basics/channel-access-token,Channel access token,Short-lived channel access token,Short-lived channel access token,限制（寫在內文）,Short-lived channel access tokens are channel access tokens valid for 30 days.,https://developers.line.biz/en/docs/basics/channel-access-token/
basics,basics/channel-access-token,Channel access token,Short-lived channel access token,Short-lived channel access token,限制（寫在內文）,Up to 30 tokens can be issued per channel.,https://developers.line.biz/en/docs/basics/channel-access-token/
basics,basics/channel-access-token,Channel access token,Long-lived channel access token,Long-lived channel access token,限制（寫在內文）,You can also extend the validity of a currently active long-lived channel access token by up to 24 hours when reissuing it.,https://developers.line.biz/en/docs/basics/channel-access-token/
basics,basics/user-profile,Get user profile information,Types of profile information that can be obtained,User ID,Method 1 Get profile endpoint of Messaging API,✅ (userId),https://developers.line.biz/en/docs/basics/user-profile/
basics,basics/user-profile,Get user profile information,Types of profile information that can be obtained,User ID,Method 2 Get user information endpoint of LINE Login,✅ (sub),https://developers.line.biz/en/docs/basics/user-profile/
basics,basics/user-profile,Get user profile information,Types of profile information that can be obtained,User ID,Method 3 Get user profile endpoint of LINE Login,✅ (userId),https://developers.line.biz/en/docs/basics/user-profile/
basics,basics/user-profile,Get user profile information,Types of profile information that can be obtained,User ID,Method 4 Payload of ID token of LINE Login,✅ (sub),https://developers.line.biz/en/docs/basics/user-profile/
basics,basics/user-profile,Get user profile information,Types of profile information that can be obtained,User ID,Method 5 liff.getProfile(),✅ (userId),https://developers.line.biz/en/docs/basics/user-profile/
basics,basics/user-profile,Get user profile information,Types of profile information that can be obtained,User ID,Method 6 Payload of liff.getDecodedIDToken(),✅ (sub),https://developers.line.biz/en/docs/basics/user-profile/
basics,basics/user-profile,Get user profile information,Types of profile information that can be obtained,User ID,Method 7 Common Profile Quick-fill of LINE MINI App,❌,https://developers.line.biz/en/docs/basics/user-profile/
basics,basics/user-profile,Get user profile information,Types of profile information that can be obtained,Display name,Method 1 Get profile endpoint of Messaging API,✅ (displayName),https://developers.line.biz/en/docs/basics/user-profile/
basics,basics/user-profile,Get user profile information,Types of profile information that can be obtained,Display name,Method 2 Get user information endpoint of LINE Login,✅ (name),https://developers.line.biz/en/docs/basics/user-profile/
basics,basics/user-profile,Get user profile information,Types of profile information that can be obtained,Display name,Method 3 Get user profile endpoint of LINE Login,✅ (displayName),https://developers.line.biz/en/docs/basics/user-profile/
basics,basics/user-profile,Get user profile information,Types of profile information that can be obtained,Display name,Method 4 Payload of ID token of LINE Login,✅ (name),https://developers.line.biz/en/docs/basics/user-profile/
basics,basics/user-profile,Get user profile information,Types of profile information that can be obtained,Display name,Method 5 liff.getProfile(),✅ (displayName),https://developers.line.biz/en/docs/basics/user-profile/
basics,basics/user-profile,Get user profile information,Types of profile information that can be obtained,Display name,Method 6 Payload of liff.getDecodedIDToken(),✅ (name),https://developers.line.biz/en/docs/basics/user-profile/
basics,basics/user-profile,Get user profile information,Types of profile information that can be obtained,Display name,Method 7 Common Profile Quick-fill of LINE MINI App,❌,https://developers.line.biz/en/docs/basics/user-profile/
basics,basics/user-profile,Get user profile information,Types of profile information that can be obtained,Profile image,Method 1 Get profile endpoint of Messaging API,✅ (pictureUrl),https://developers.line.biz/en/docs/basics/user-profile/
basics,basics/user-profile,Get user profile information,Types of profile information that can be obtained,Profile image,Method 2 Get user information endpoint of LINE Login,✅ (picture),https://developers.line.biz/en/docs/basics/user-profile/
basics,basics/user-profile,Get user profile information,Types of profile information that can be obtained,Profile image,Method 3 Get user profile endpoint of LINE Login,✅ (pictureUrl),https://developers.line.biz/en/docs/basics/user-profile/
basics,basics/user-profile,Get user profile information,Types of profile information that can be obtained,Profile image,Method 4 Payload of ID token of LINE Login,✅ (picture),https://developers.line.biz/en/docs/basics/user-profile/
basics,basics/user-profile,Get user profile information,Types of profile information that can be obtained,Profile image,Method 5 liff.getProfile(),✅ (pictureUrl),https://developers.line.biz/en/docs/basics/user-profile/
basics,basics/user-profile,Get user profile information,Types of profile information that can be obtained,Profile image,Method 6 Payload of liff.getDecodedIDToken(),✅ (picture),https://developers.line.biz/en/docs/basics/user-profile/
basics,basics/user-profile,Get user profile information,Types of profile information that can be obtained,Profile image,Method 7 Common Profile Quick-fill of LINE MINI App,❌,https://developers.line.biz/en/docs/basics/user-profile/
basics,basics/user-profile,Get user profile information,Types of profile information that can be obtained,Status message,Method 1 Get profile endpoint of Messaging API,✅ (statusMessage),https://developers.line.biz/en/docs/basics/user-profile/
basics,basics/user-profile,Get user profile information,Types of profile information that can be obtained,Status message,Method 2 Get user information endpoint of LINE Login,❌,https://developers.line.biz/en/docs/basics/user-profile/
basics,basics/user-profile,Get user profile information,Types of profile information that can be obtained,Status message,Method 3 Get user profile endpoint of LINE Login,✅ (statusMessage),https://developers.line.biz/en/docs/basics/user-profile/
basics,basics/user-profile,Get user profile information,Types of profile information that can be obtained,Status message,Method 4 Payload of ID token of LINE Login,❌,https://developers.line.biz/en/docs/basics/user-profile/
basics,basics/user-profile,Get user profile information,Types of profile information that can be obtained,Status message,Method 5 liff.getProfile(),✅ (statusMessage),https://developers.line.biz/en/docs/basics/user-profile/
basics,basics/user-profile,Get user profile information,Types of profile information that can be obtained,Status message,Method 6 Payload of liff.getDecodedIDToken(),❌,https://developers.line.biz/en/docs/basics/user-profile/
basics,basics/user-profile,Get user profile information,Types of profile information that can be obtained,Status message,Method 7 Common Profile Quick-fill of LINE MINI App,❌,https://developers.line.biz/en/docs/basics/user-profile/
basics,basics/user-profile,Get user profile information,Types of profile information that can be obtained,Language,Method 1 Get profile endpoint of Messaging API,✅ (language),https://developers.line.biz/en/docs/basics/user-profile/
basics,basics/user-profile,Get user profile information,Types of profile information that can be obtained,Language,Method 2 Get user information endpoint of LINE Login,❌,https://developers.line.biz/en/docs/basics/user-profile/
basics,basics/user-profile,Get user profile information,Types of profile information that can be obtained,Language,Method 3 Get user profile endpoint of LINE Login,❌,https://developers.line.biz/en/docs/basics/user-profile/
basics,basics/user-profile,Get user profile information,Types of profile information that can be obtained,Language,Method 4 Payload of ID token of LINE Login,❌,https://developers.line.biz/en/docs/basics/user-profile/
basics,basics/user-profile,Get user profile information,Types of profile information that can be obtained,Language,Method 5 liff.getProfile(),❌,https://developers.line.biz/en/docs/basics/user-profile/
basics,basics/user-profile,Get user profile information,Types of profile information that can be obtained,Language,Method 6 Payload of liff.getDecodedIDToken(),❌,https://developers.line.biz/en/docs/basics/user-profile/
basics,basics/user-profile,Get user profile information,Types of profile information that can be obtained,Language,Method 7 Common Profile Quick-fill of LINE MINI App,❌,https://developers.line.biz/en/docs/basics/user-profile/
basics,basics/user-profile,Get user profile information,Types of profile information that can be obtained,Email address,Method 1 Get profile endpoint of Messaging API,❌,https://developers.line.biz/en/docs/basics/user-profile/
basics,basics/user-profile,Get user profile information,Types of profile information that can be obtained,Email address,Method 2 Get user information endpoint of LINE Login,❌,https://developers.line.biz/en/docs/basics/user-profile/
basics,basics/user-profile,Get user profile information,Types of profile information that can be obtained,Email address,Method 3 Get user profile endpoint of LINE Login,❌,https://developers.line.biz/en/docs/basics/user-profile/
basics,basics/user-profile,Get user profile information,Types of profile information that can be obtained,Email address,Method 4 Payload of ID token of LINE Login,✅ (email),https://developers.line.biz/en/docs/basics/user-profile/
basics,basics/user-profile,Get user profile information,Types of profile information that can be obtained,Email address,Method 5 liff.getProfile(),❌,https://developers.line.biz/en/docs/basics/user-profile/
basics,basics/user-profile,Get user profile information,Types of profile information that can be obtained,Email address,Method 6 Payload of liff.getDecodedIDToken(),✅ (email),https://developers.line.biz/en/docs/basics/user-profile/
basics,basics/user-profile,Get user profile information,Types of profile information that can be obtained,Email address,Method 7 Common Profile Quick-fill of LINE MINI App,✅ (email),https://developers.line.biz/en/docs/basics/user-profile/
basics,basics/user-profile,Get user profile information,Types of profile information that can be obtained,Name,Method 1 Get profile endpoint of Messaging API,❌,https://developers.line.biz/en/docs/basics/user-profile/
basics,basics/user-profile,Get user profile information,Types of profile information that can be obtained,Name,Method 2 Get user information endpoint of LINE Login,❌,https://developers.line.biz/en/docs/basics/user-profile/
basics,basics/user-profile,Get user profile information,Types of profile information that can be obtained,Name,Method 3 Get user profile endpoint of LINE Login,❌,https://developers.line.biz/en/docs/basics/user-profile/
basics,basics/user-profile,Get user profile information,Types of profile information that can be obtained,Name,Method 4 Payload of ID token of LINE Login,"✅ (given_name, family_name etc.)",https://developers.line.biz/en/docs/basics/user-profile/
basics,basics/user-profile,Get user profile information,Types of profile information that can be obtained,Name,Method 5 liff.getProfile(),❌,https://developers.line.biz/en/docs/basics/user-profile/
basics,basics/user-profile,Get user profile information,Types of profile information that can be obtained,Name,Method 6 Payload of liff.getDecodedIDToken(),"✅ (given_name, family_name etc.)",https://developers.line.biz/en/docs/basics/user-profile/
basics,basics/user-profile,Get user profile information,Types of profile information that can be obtained,Name,Method 7 Common Profile Quick-fill of LINE MINI App,"✅ (given-name, family-name etc.)",https://developers.line.biz/en/docs/basics/user-profile/
basics,basics/user-profile,Get user profile information,Types of profile information that can be obtained,Gender,Method 1 Get profile endpoint of Messaging API,❌,https://developers.line.biz/en/docs/basics/user-profile/
basics,basics/user-profile,Get user profile information,Types of profile information that can be obtained,Gender,Method 2 Get user information endpoint of LINE Login,❌,https://developers.line.biz/en/docs/basics/user-profile/
basics,basics/user-profile,Get user profile information,Types of profile information that can be obtained,Gender,Method 3 Get user profile endpoint of LINE Login,❌,https://developers.line.biz/en/docs/basics/user-profile/
basics,basics/user-profile,Get user profile information,Types of profile information that can be obtained,Gender,Method 4 Payload of ID token of LINE Login,✅ (gender),https://developers.line.biz/en/docs/basics/user-profile/
basics,basics/user-profile,Get user profile information,Types of profile information that can be obtained,Gender,Method 5 liff.getProfile(),❌,https://developers.line.biz/en/docs/basics/user-profile/
basics,basics/user-profile,Get user profile information,Types of profile information that can be obtained,Gender,Method 6 Payload of liff.getDecodedIDToken(),✅ (gender),https://developers.line.biz/en/docs/basics/user-profile/
basics,basics/user-profile,Get user profile information,Types of profile information that can be obtained,Gender,Method 7 Common Profile Quick-fill of LINE MINI App,✅ (sex-enum),https://developers.line.biz/en/docs/basics/user-profile/
basics,basics/user-profile,Get user profile information,Types of profile information that can be obtained,Birthday,Method 1 Get profile endpoint of Messaging API,❌,https://developers.line.biz/en/docs/basics/user-profile/
basics,basics/user-profile,Get user profile information,Types of profile information that can be obtained,Birthday,Method 2 Get user information endpoint of LINE Login,❌,https://developers.line.biz/en/docs/basics/user-profile/
basics,basics/user-profile,Get user profile information,Types of profile information that can be obtained,Birthday,Method 3 Get user profile endpoint of LINE Login,❌,https://developers.line.biz/en/docs/basics/user-profile/
basics,basics/user-profile,Get user profile information,Types of profile information that can be obtained,Birthday,Method 4 Payload of ID token of LINE Login,✅ (birthdate),https://developers.line.biz/en/docs/basics/user-profile/
basics,basics/user-profile,Get user profile information,Types of profile information that can be obtained,Birthday,Method 5 liff.getProfile(),❌,https://developers.line.biz/en/docs/basics/user-profile/
basics,basics/user-profile,Get user profile information,Types of profile information that can be obtained,Birthday,Method 6 Payload of liff.getDecodedIDToken(),✅ (birthdate),https://developers.line.biz/en/docs/basics/user-profile/
basics,basics/user-profile,Get user profile information,Types of profile information that can be obtained,Birthday,Method 7 Common Profile Quick-fill of LINE MINI App,"✅ (bday-year, bday-month etc.)",https://developers.line.biz/en/docs/basics/user-profile/
basics,basics/user-profile,Get user profile information,Types of profile information that can be obtained,Address,Method 1 Get profile endpoint of Messaging API,❌,https://developers.line.biz/en/docs/basics/user-profile/
basics,basics/user-profile,Get user profile information,Types of profile information that can be obtained,Address,Method 2 Get user information endpoint of LINE Login,❌,https://developers.line.biz/en/docs/basics/user-profile/
basics,basics/user-profile,Get user profile information,Types of profile information that can be obtained,Address,Method 3 Get user profile endpoint of LINE Login,❌,https://developers.line.biz/en/docs/basics/user-profile/
basics,basics/user-profile,Get user profile information,Types of profile information that can be obtained,Address,Method 4 Payload of ID token of LINE Login,✅ (address),https://developers.line.biz/en/docs/basics/user-profile/
basics,basics/user-profile,Get user profile information,Types of profile information that can be obtained,Address,Method 5 liff.getProfile(),❌,https://developers.line.biz/en/docs/basics/user-profile/
basics,basics/user-profile,Get user profile information,Types of profile information that can be obtained,Address,Method 6 Payload of liff.getDecodedIDToken(),✅ (address),https://developers.line.biz/en/docs/basics/user-profile/
basics,basics/user-profile,Get user profile information,Types of profile information that can be obtained,Address,Method 7 Common Profile Quick-fill of LINE MINI App,"✅ (address-level1, address-level2 etc.)",https://developers.line.biz/en/docs/basics/user-profile/
basics,basics/user-profile,Get user profile information,Types of profile information that can be obtained,Phone number,Method 1 Get profile endpoint of Messaging API,❌,https://developers.line.biz/en/docs/basics/user-profile/
basics,basics/user-profile,Get user profile information,Types of profile information that can be obtained,Phone number,Method 2 Get user information endpoint of LINE Login,❌,https://developers.line.biz/en/docs/basics/user-profile/
basics,basics/user-profile,Get user profile information,Types of profile information that can be obtained,Phone number,Method 3 Get user profile endpoint of LINE Login,❌,https://developers.line.biz/en/docs/basics/user-profile/
basics,basics/user-profile,Get user profile information,Types of profile information that can be obtained,Phone number,Method 4 Payload of ID token of LINE Login,✅ (phone_number),https://developers.line.biz/en/docs/basics/user-profile/
basics,basics/user-profile,Get user profile information,Types of profile information that can be obtained,Phone number,Method 5 liff.getProfile(),❌,https://developers.line.biz/en/docs/basics/user-profile/
basics,basics/user-profile,Get user profile information,Types of profile information that can be obtained,Phone number,Method 6 Payload of liff.getDecodedIDToken(),✅ (phone_number),https://developers.line.biz/en/docs/basics/user-profile/
basics,basics/user-profile,Get user profile information,Types of profile information that can be obtained,Phone number,Method 7 Common Profile Quick-fill of LINE MINI App,✅ (tel),https://developers.line.biz/en/docs/basics/user-profile/
downloads,downloads,LINE API SDKs,,fireliff-cli,Description,CLI for LIFF,https://developers.line.biz/en/docs/downloads/
downloads,downloads,LINE API SDKs,,fireliff-cli,Publisher,intocode,https://developers.line.biz/en/docs/downloads/
downloads,downloads,LINE API SDKs,,fireliff-cli,License,MIT,https://developers.line.biz/en/docs/downloads/
downloads,downloads,LINE API SDKs,,LINEChannelConnector,Description,LINE Channel Connector for BotBuilder,https://developers.line.biz/en/docs/downloads/
downloads,downloads,LINE API SDKs,,LINEChannelConnector,Publisher,kenakamu,https://developers.line.biz/en/docs/downloads/
downloads,downloads,LINE API SDKs,,LINEChannelConnector,License,MIT,https://developers.line.biz/en/docs/downloads/
downloads,downloads,LINE API SDKs,,line_bot_framework,Language/ Technology,PHP,https://developers.line.biz/en/docs/downloads/
downloads,downloads,LINE API SDKs,,line_bot_framework,Description,Framework for bot development,https://developers.line.biz/en/docs/downloads/
downloads,downloads,LINE API SDKs,,line_bot_framework,Publisher,shidec,https://developers.line.biz/en/docs/downloads/
downloads,downloads,LINE API SDKs,,line_bot_framework,License,MIT,https://developers.line.biz/en/docs/downloads/
downloads,downloads,LINE API SDKs,,line-chatbot-boilerplate,Language/ Technology,Python,https://developers.line.biz/en/docs/downloads/
downloads,downloads,LINE API SDKs,,line-chatbot-boilerplate,Description,Templates for bot development,https://developers.line.biz/en/docs/downloads/
downloads,downloads,LINE API SDKs,,line-chatbot-boilerplate,Publisher,mgilangjanuar,https://developers.line.biz/en/docs/downloads/
downloads,downloads,LINE API SDKs,,line-chatbot-boilerplate,License,MIT,https://developers.line.biz/en/docs/downloads/
downloads,downloads,LINE API SDKs,,LINESimulator,Description,LINE simulator for debugging bots,https://developers.line.biz/en/docs/downloads/
downloads,downloads,LINE API SDKs,,LINESimulator,Publisher,kenakamu,https://developers.line.biz/en/docs/downloads/
downloads,downloads,LINE API SDKs,,LINESimulator,License,MIT,https://developers.line.biz/en/docs/downloads/
downloads,downloads,LINE API SDKs,,line-richmenus-manager,Description,GUI tool to create and manage rich menu,https://developers.line.biz/en/docs/downloads/
downloads,downloads,LINE API SDKs,,line-richmenus-manager,Publisher,kenakamu,https://developers.line.biz/en/docs/downloads/
downloads,downloads,LINE API SDKs,,line-richmenus-manager,License,MIT,https://developers.line.biz/en/docs/downloads/
downloads,downloads,LINE API SDKs,,linebot,Language/ Technology,Node.js,https://developers.line.biz/en/docs/downloads/
downloads,downloads,LINE API SDKs,,linebot,Description,LINE Messaging API SDK for Node.js,https://developers.line.biz/en/docs/downloads/
downloads,downloads,LINE API SDKs,,linebot,Publisher,boybundit,https://developers.line.biz/en/docs/downloads/
downloads,downloads,LINE API SDKs,,linebot,License,MIT,https://developers.line.biz/en/docs/downloads/
downloads,downloads,LINE API SDKs,,botbuilder-linebot-connector,Language/ Technology,Node.js,https://developers.line.biz/en/docs/downloads/
downloads,downloads,LINE API SDKs,,botbuilder-linebot-connector,Description,Microsoft Bot Framework v3 connector for the LINE Messaging API,https://developers.line.biz/en/docs/downloads/
downloads,downloads,LINE API SDKs,,botbuilder-linebot-connector,Publisher,Wolke,https://developers.line.biz/en/docs/downloads/
downloads,downloads,LINE API SDKs,,botbuilder-linebot-connector,License,MIT,https://developers.line.biz/en/docs/downloads/
downloads,downloads,LINE API SDKs,,bottender,Language/ Technology,Node.js,https://developers.line.biz/en/docs/downloads/
downloads,downloads,LINE API SDKs,,bottender,Description,Framework that lets you quickly create bots that can run on multiple platforms,https://developers.line.biz/en/docs/downloads/
downloads,downloads,LINE API SDKs,,bottender,Publisher,Yoctol,https://developers.line.biz/en/docs/downloads/
downloads,downloads,LINE API SDKs,,bottender,License,MIT,https://developers.line.biz/en/docs/downloads/
downloads,downloads,LINE API SDKs,,messaging-api-line,Language/ Technology,Node.js,https://developers.line.biz/en/docs/downloads/
downloads,downloads,LINE API SDKs,,messaging-api-line,Description,LINE Messaging API SDK for Node.js,https://developers.line.biz/en/docs/downloads/
downloads,downloads,LINE API SDKs,,messaging-api-line,Publisher,Yoctol,https://developers.line.biz/en/docs/downloads/
downloads,downloads,LINE API SDKs,,messaging-api-line,License,MIT,https://developers.line.biz/en/docs/downloads/
downloads,downloads,LINE API SDKs,,line-bot-sdk-dotnet,Language/ Technology,C#,https://developers.line.biz/en/docs/downloads/
downloads,downloads,LINE API SDKs,,line-bot-sdk-dotnet,Description,LINE Messaging API SDK for .NET Standard,https://developers.line.biz/en/docs/downloads/
downloads,downloads,LINE API SDKs,,line-bot-sdk-dotnet,Publisher,dlemstra,https://developers.line.biz/en/docs/downloads/
downloads,downloads,LINE API SDKs,,line-bot-sdk-dotnet,License,Apache-2.0,https://developers.line.biz/en/docs/downloads/
downloads,downloads,LINE API SDKs,,LineMessagingApi,Language/ Technology,C#,https://developers.line.biz/en/docs/downloads/
downloads,downloads,LINE API SDKs,,LineMessagingApi,Description,LINE Messaging API SDK for C#,https://developers.line.biz/en/docs/downloads/
downloads,downloads,LINE API SDKs,,LineMessagingApi,Publisher,pierre3,https://developers.line.biz/en/docs/downloads/
downloads,downloads,LINE API SDKs,,LineMessagingApi,License,MIT,https://developers.line.biz/en/docs/downloads/
downloads,downloads,LINE API SDKs,,line-bot-sdk,Language/ Technology,Haskell,https://developers.line.biz/en/docs/downloads/
downloads,downloads,LINE API SDKs,,line-bot-sdk,Description,LINE Messaging API SDK for Haskell,https://developers.line.biz/en/docs/downloads/
downloads,downloads,LINE API SDKs,,line-bot-sdk,Publisher,moleike,https://developers.line.biz/en/docs/downloads/
downloads,downloads,LINE API SDKs,,line-bot-sdk,License,BSD,https://developers.line.biz/en/docs/downloads/
liff,liff/cli-tool-create-liff-app,Building a LIFF app development environment with Create LIFF App,Operating environment,Create LIFF App,Version,1.1.0,https://developers.line.biz/en/docs/liff/cli-tool-create-liff-app/
liff,liff/cli-tool-create-liff-app,Building a LIFF app development environment with Create LIFF App,Operating environment,Node.js,Version,18.17.1,https://developers.line.biz/en/docs/liff/cli-tool-create-liff-app/
liff,liff/cli-tool-create-liff-app,Building a LIFF app development environment with Create LIFF App,Operating environment,Yarn,Version,1.22.19,https://developers.line.biz/en/docs/liff/cli-tool-create-liff-app/
liff,liff/cli-tool-create-liff-app,Building a LIFF app development environment with Create LIFF App,Create a development environment using the Create LIFF App,-v,Long option,--version,https://developers.line.biz/en/docs/liff/cli-tool-create-liff-app/
liff,liff/cli-tool-create-liff-app,Building a LIFF app development environment with Create LIFF App,Create a development environment using the Create LIFF App,-v,Behavior,Display the version number,https://developers.line.biz/en/docs/liff/cli-tool-create-liff-app/
liff,liff/cli-tool-create-liff-app,Building a LIFF app development environment with Create LIFF App,Create a development environment using the Create LIFF App,-t,Long option,--template,https://developers.line.biz/en/docs/liff/cli-tool-create-liff-app/
liff,liff/cli-tool-create-liff-app,Building a LIFF app development environment with Create LIFF App,Create a development environment using the Create LIFF App,-t,Argument,&lt;template&gt;,https://developers.line.biz/en/docs/liff/cli-tool-create-liff-app/
liff,liff/cli-tool-create-liff-app,Building a LIFF app development environment with Create LIFF App,Create a development environment using the Create LIFF App,-t,Behavior,"Specify the template Argument choices: vanilla, react, vue, svelte, nextjs, nuxtjs",https://developers.line.biz/en/docs/liff/cli-tool-create-liff-app/
liff,liff/cli-tool-create-liff-app,Building a LIFF app development environment with Create LIFF App,Create a development environment using the Create LIFF App,-l,Long option,--liffid,https://developers.line.biz/en/docs/liff/cli-tool-create-liff-app/
liff,liff/cli-tool-create-liff-app,Building a LIFF app development environment with Create LIFF App,Create a development environment using the Create LIFF App,-l,Argument,&lt;liff id&gt;,https://developers.line.biz/en/docs/liff/cli-tool-create-liff-app/
liff,liff/cli-tool-create-liff-app,Building a LIFF app development environment with Create LIFF App,Create a development environment using the Create LIFF App,-l,Behavior,Specify LIFF ID,https://developers.line.biz/en/docs/liff/cli-tool-create-liff-app/
liff,liff/cli-tool-create-liff-app,Building a LIFF app development environment with Create LIFF App,Create a development environment using the Create LIFF App,--js,Long option,--javascript,https://developers.line.biz/en/docs/liff/cli-tool-create-liff-app/
liff,liff/cli-tool-create-liff-app,Building a LIFF app development environment with Create LIFF App,Create a development environment using the Create LIFF App,--js,Behavior,Generate source code written in JavaScript,https://developers.line.biz/en/docs/liff/cli-tool-create-liff-app/
liff,liff/cli-tool-create-liff-app,Building a LIFF app development environment with Create LIFF App,Create a development environment using the Create LIFF App,--ts,Long option,--typescript,https://developers.line.biz/en/docs/liff/cli-tool-create-liff-app/
liff,liff/cli-tool-create-liff-app,Building a LIFF app development environment with Create LIFF App,Create a development environment using the Create LIFF App,--ts,Behavior,Generate source code written in TypeScript,https://developers.line.biz/en/docs/liff/cli-tool-create-liff-app/
liff,liff/cli-tool-create-liff-app,Building a LIFF app development environment with Create LIFF App,Create a development environment using the Create LIFF App,--npm,Long option,--use-npm,https://developers.line.biz/en/docs/liff/cli-tool-create-liff-app/
liff,liff/cli-tool-create-liff-app,Building a LIFF app development environment with Create LIFF App,Create a development environment using the Create LIFF App,--npm,Behavior,Use npm as package manager,https://developers.line.biz/en/docs/liff/cli-tool-create-liff-app/
liff,liff/cli-tool-create-liff-app,Building a LIFF app development environment with Create LIFF App,Create a development environment using the Create LIFF App,--yarn,Long option,--use-yarn,https://developers.line.biz/en/docs/liff/cli-tool-create-liff-app/
liff,liff/cli-tool-create-liff-app,Building a LIFF app development environment with Create LIFF App,Create a development environment using the Create LIFF App,--yarn,Behavior,Use Yarn as package manager,https://developers.line.biz/en/docs/liff/cli-tool-create-liff-app/
liff,liff/cli-tool-create-liff-app,Building a LIFF app development environment with Create LIFF App,Create a development environment using the Create LIFF App,-h,Long option,--help,https://developers.line.biz/en/docs/liff/cli-tool-create-liff-app/
liff,liff/cli-tool-create-liff-app,Building a LIFF app development environment with Create LIFF App,Create a development environment using the Create LIFF App,-h,Behavior,Display help for command,https://developers.line.biz/en/docs/liff/cli-tool-create-liff-app/
liff,liff/developing-liff-apps,Developing a LIFF app,Execute `liff.init()` at the endpoint URL or at a lower level,https://example.com/,Guaranteed to work,❌,https://developers.line.biz/en/docs/liff/developing-liff-apps/
liff,liff/developing-liff-apps,Developing a LIFF app,Execute `liff.init()` at the endpoint URL or at a lower level,https://example.com/path1/,Guaranteed to work,✅,https://developers.line.biz/en/docs/liff/developing-liff-apps/
liff,liff/developing-liff-apps,Developing a LIFF app,Execute `liff.init()` at the endpoint URL or at a lower level,https://example.com/path1/language/,Guaranteed to work,✅,https://developers.line.biz/en/docs/liff/developing-liff-apps/
liff,liff/developing-liff-apps,Developing a LIFF app,Execute `liff.init()` at the endpoint URL or at a lower level,https://example.com/path2/,Guaranteed to work,❌,https://developers.line.biz/en/docs/liff/developing-liff-apps/
liff,liff/developing-liff-apps,Developing a LIFF app,Recipients that can be selected in the share target picker,Groups,Selectable recipients,Groups that the user participates in. OpenChat isn't included.,https://developers.line.biz/en/docs/liff/developing-liff-apps/
liff,liff/developing-liff-apps,Developing a LIFF app,Recipients that can be selected in the share target picker,Friends,Selectable recipients,"The user's friends. However, LINE Official Accounts aren't displayed in the Friends section.",https://developers.line.biz/en/docs/liff/developing-liff-apps/
liff,liff/developing-liff-apps,Developing a LIFF app,Recipients that can be selected in the share target picker,Chats,Selectable recipients,"Chats in which messages have been sent or received within a certain period. Includes groups, users, chat rooms, and LINE Official Accounts.",https://developers.line.biz/en/docs/liff/developing-liff-apps/
liff,liff/developing-liff-apps,Developing a LIFF app,Sending messages to the current chat room,Sending messages to the current chat room,限制（寫在內文）,You can send up to 5 message objects in a single request.,https://developers.line.biz/en/docs/liff/developing-liff-apps/
liff,liff/differences-between-liff-browser-and-external-browser,The differences between the LIFF browser and external browser,,theme-color Meta Tag,Description,A feature to specify the color of the user interface,https://developers.line.biz/en/docs/liff/differences-between-liff-browser-and-external-browser/
liff,liff/differences-between-liff-browser-and-external-browser,The differences between the LIFF browser and external browser,,Download attribute,Description,"A feature to use a hyperlink for downloading the resource, not for navigating to the resource",https://developers.line.biz/en/docs/liff/differences-between-liff-browser-and-external-browser/
liff,liff/differences-between-liff-browser-and-external-browser,The differences between the LIFF browser and external browser,,Service Workers,Description,"A feature that enables offline support, background synchronization, push notifications, etc. in a web application",https://developers.line.biz/en/docs/liff/differences-between-liff-browser-and-external-browser/
liff,liff/differences-between-liff-browser-and-line-in-app-browser,The differences between LIFF browser and LINE's in-app browser,Identify from the user interface,Header Minimizing button is not present Action button is present (\*) Footer is not present,LINE's in-app browser,Header Minimizing button is present Action button is not present Footer is present,https://developers.line.biz/en/docs/liff/differences-between-liff-browser-and-line-in-app-browser/
liff,liff/differences-between-liff-browser-and-line-in-app-browser,The differences between LIFF browser and LINE's in-app browser,The differences in features available between the LIFF browser and LINE's in-app browser,Specifying the view size,LIFF browser,✅,https://developers.line.biz/en/docs/liff/differences-between-liff-browser-and-line-in-app-browser/
liff,liff/differences-between-liff-browser-and-line-in-app-browser,The differences between LIFF browser and LINE's in-app browser,The differences in features available between the LIFF browser and LINE's in-app browser,Specifying the view size,LINE's in-app browser,❌,https://developers.line.biz/en/docs/liff/differences-between-liff-browser-and-line-in-app-browser/
liff,liff/differences-between-liff-browser-and-line-in-app-browser,The differences between LIFF browser and LINE's in-app browser,The differences in features available between the LIFF browser and LINE's in-app browser,Action button,LIFF browser,✅,https://developers.line.biz/en/docs/liff/differences-between-liff-browser-and-line-in-app-browser/
liff,liff/differences-between-liff-browser-and-line-in-app-browser,The differences between LIFF browser and LINE's in-app browser,The differences in features available between the LIFF browser and LINE's in-app browser,Action button,LINE's in-app browser,❌,https://developers.line.biz/en/docs/liff/differences-between-liff-browser-and-line-in-app-browser/
liff,liff/differences-between-liff-browser-and-line-in-app-browser,The differences between LIFF browser and LINE's in-app browser,The differences in features available between the LIFF browser and LINE's in-app browser,Multi-tab view,LIFF browser,✅,https://developers.line.biz/en/docs/liff/differences-between-liff-browser-and-line-in-app-browser/
liff,liff/differences-between-liff-browser-and-line-in-app-browser,The differences between LIFF browser and LINE's in-app browser,The differences in features available between the LIFF browser and LINE's in-app browser,Multi-tab view,LINE's in-app browser,❌,https://developers.line.biz/en/docs/liff/differences-between-liff-browser-and-line-in-app-browser/
liff,liff/differences-between-liff-browser-and-line-in-app-browser,The differences between LIFF browser and LINE's in-app browser,The differences in features available between the LIFF browser and LINE's in-app browser,2D code reader,LIFF browser,✅,https://developers.line.biz/en/docs/liff/differences-between-liff-browser-and-line-in-app-browser/
liff,liff/differences-between-liff-browser-and-line-in-app-browser,The differences between LIFF browser and LINE's in-app browser,The differences in features available between the LIFF browser and LINE's in-app browser,2D code reader,LINE's in-app browser,❌,https://developers.line.biz/en/docs/liff/differences-between-liff-browser-and-line-in-app-browser/
liff,liff/differences-between-liff-browser-and-line-in-app-browser,The differences between LIFF browser and LINE's in-app browser,The differences in features available between the LIFF browser and LINE's in-app browser,Sending messages to the chat room,LIFF browser,✅,https://developers.line.biz/en/docs/liff/differences-between-liff-browser-and-line-in-app-browser/
liff,liff/differences-between-liff-browser-and-line-in-app-browser,The differences between LIFF browser and LINE's in-app browser,The differences in features available between the LIFF browser and LINE's in-app browser,Sending messages to the chat room,LINE's in-app browser,❌,https://developers.line.biz/en/docs/liff/differences-between-liff-browser-and-line-in-app-browser/
liff,liff/differences-between-liff-browser-and-line-in-app-browser,The differences between LIFF browser and LINE's in-app browser,The differences in features available between the LIFF browser and LINE's in-app browser,Share target picker,LIFF browser,✅,https://developers.line.biz/en/docs/liff/differences-between-liff-browser-and-line-in-app-browser/
liff,liff/differences-between-liff-browser-and-line-in-app-browser,The differences between LIFF browser and LINE's in-app browser,The differences in features available between the LIFF browser and LINE's in-app browser,Share target picker,LINE's in-app browser,❌,https://developers.line.biz/en/docs/liff/differences-between-liff-browser-and-line-in-app-browser/
liff,liff/differences-between-liff-browser-and-line-in-app-browser,The differences between LIFF browser and LINE's in-app browser,The differences in features available between the LIFF browser and LINE's in-app browser,Popup display when navigating to an external site that isn't a LIFF app,LIFF browser,✅,https://developers.line.biz/en/docs/liff/differences-between-liff-browser-and-line-in-app-browser/
liff,liff/differences-between-liff-browser-and-line-in-app-browser,The differences between LIFF browser and LINE's in-app browser,The differences in features available between the LIFF browser and LINE's in-app browser,Popup display when navigating to an external site that isn't a LIFF app,LINE's in-app browser,❌,https://developers.line.biz/en/docs/liff/differences-between-liff-browser-and-line-in-app-browser/
liff,liff/differences-between-liff-browser-and-line-in-app-browser,The differences between LIFF browser and LINE's in-app browser,The differences in features available between the LIFF browser and LINE's in-app browser,LIFF-to-LIFF transition,LIFF browser,✅,https://developers.line.biz/en/docs/liff/differences-between-liff-browser-and-line-in-app-browser/
liff,liff/differences-between-liff-browser-and-line-in-app-browser,The differences between LIFF browser and LINE's in-app browser,The differences in features available between the LIFF browser and LINE's in-app browser,LIFF-to-LIFF transition,LINE's in-app browser,❌,https://developers.line.biz/en/docs/liff/differences-between-liff-browser-and-line-in-app-browser/
liff,liff/getting-started,Create a channel,2. Create a channel,LINE Login,Description,"If you want to create a LIFF app, or try the LIFF starter app in the next step, or build a LIFF app development environment with Create LIFF App, create a LINE Login channel.",https://developers.line.biz/en/docs/liff/getting-started/
liff,liff/getting-started,Create a channel,2. Create a channel,LINE MINI App,Description,"If you want to create a LIFF app with LINE MINI App, create a LINE MINI App channel.",https://developers.line.biz/en/docs/liff/getting-started/
liff,liff/liff-cli,LIFF CLI,Operating environment of the LIFF CLI,LIFF CLI,Version,0.4.1,https://developers.line.biz/en/docs/liff/liff-cli/
liff,liff/liff-cli,LIFF CLI,Operating environment of the LIFF CLI,LIFF SDK,Version,2.24.0,https://developers.line.biz/en/docs/liff/liff-cli/
liff,liff/liff-cli,LIFF CLI,Operating environment of the LIFF CLI,Node.js,Version,22.2.0,https://developers.line.biz/en/docs/liff/liff-cli/
liff,liff/liff-cli,LIFF CLI,Operating environment of the LIFF CLI,npm,Version,10.7.0,https://developers.line.biz/en/docs/liff/liff-cli/
liff,liff/liff-cli,LIFF CLI,Options,"-c, --channel-id",Description,"Specify the channel ID of a channel for which you want to create a LIFF app. If the channel ID is omitted, the channel ID of the default channel is specified.",https://developers.line.biz/en/docs/liff/liff-cli/
liff,liff/liff-cli,LIFF CLI,Options,"-n, --name",Required,✅,https://developers.line.biz/en/docs/liff/liff-cli/
liff,liff/liff-cli,LIFF CLI,Options,"-n, --name",Description,"Specify a LIFF app name. The LIFF app name can't include ""LINE"" or similar strings, or inappropriate strings.",https://developers.line.biz/en/docs/liff/liff-cli/
liff,liff/liff-cli,LIFF CLI,Options,"-e, --endpoint-url",Required,✅,https://developers.line.biz/en/docs/liff/liff-cli/
liff,liff/liff-cli,LIFF CLI,Options,"-v, --view-type",Required,✅,https://developers.line.biz/en/docs/liff/liff-cli/
liff,liff/liff-cli,LIFF CLI,Options,"-v, --view-type",Description,"Size of a LIFF app view. Specify one of these values: full tall compact For more information, see Size of the LIFF browser.",https://developers.line.biz/en/docs/liff/liff-cli/
liff,liff/liff-cli,LIFF CLI,Options,--liff-id,Required,✅,https://developers.line.biz/en/docs/liff/liff-cli/
liff,liff/liff-cli,LIFF CLI,Options,--liff-id,Description,Specify a LIFF ID you want to update.,https://developers.line.biz/en/docs/liff/liff-cli/
liff,liff/liff-cli,LIFF CLI,Options,--channel-id,Description,"Specify the channel ID of the channel which a LIFF app belongs to. If the channel ID is omitted, the channel ID of the default channel is specified.",https://developers.line.biz/en/docs/liff/liff-cli/
liff,liff/liff-cli,LIFF CLI,Options,--name,Description,"Specify a LIFF app name. The LIFF app name can't include ""LINE"" or similar strings, or inappropriate strings.",https://developers.line.biz/en/docs/liff/liff-cli/
liff,liff/liff-cli,LIFF CLI,Options,--view-type,Description,"Size of a LIFF app view. Specify one of these values: full tall compact For more information, see Size of the LIFF browser.",https://developers.line.biz/en/docs/liff/liff-cli/
liff,liff/liff-cli,LIFF CLI,Options,--channel-id,Description,"Specify a channel ID for which you want to list LIFF apps. If the channel ID is omitted, the channel ID of the default channel is specified.",https://developers.line.biz/en/docs/liff/liff-cli/
liff,liff/liff-cli,LIFF CLI,Options,--liff-id,Description,Specify the LIFF ID of a LIFF app you want to delete.,https://developers.line.biz/en/docs/liff/liff-cli/
liff,liff/liff-cli,LIFF CLI,Options,--channel-id,Description,"Specify the channel ID of the channel to which a LIFF app belongs. If the channel ID is omitted, the channel ID of the default channel is specified.",https://developers.line.biz/en/docs/liff/liff-cli/
liff,liff/liff-cli,LIFF CLI,Options,"-l, --liff-id",Description,Specify the LIFF ID of a LIFF app.,https://developers.line.biz/en/docs/liff/liff-cli/
liff,liff/liff-cli,LIFF CLI,Options,"-c, --channel-id",Required,✅ \*1,https://developers.line.biz/en/docs/liff/liff-cli/
liff,liff/liff-cli,LIFF CLI,Options,"-c, --channel-id",Description,Specify the channel ID of a channel for which you want to create a LIFF app.,https://developers.line.biz/en/docs/liff/liff-cli/
liff,liff/liff-cli,LIFF CLI,Options,"-n,--name",Required,✅ \*2,https://developers.line.biz/en/docs/liff/liff-cli/
liff,liff/liff-cli,LIFF CLI,Options,"-n,--name",Description,"Specify a LIFF app name. The LIFF app name can't include ""LINE"" or similar strings, or inappropriate strings.",https://developers.line.biz/en/docs/liff/liff-cli/
liff,liff/liff-cli,LIFF CLI,Options,"-v, --view-type",Required,✅ \*2,https://developers.line.biz/en/docs/liff/liff-cli/
liff,liff/liff-cli,LIFF CLI,Options,-l、 --liff-id,Required,✅,https://developers.line.biz/en/docs/liff/liff-cli/
liff,liff/liff-cli,LIFF CLI,Options,-l、 --liff-id,Description,Specify the LIFF ID of a LIFF app on your local development server. You can specify the LIFF ID of a LIFF app only in the default channel.,https://developers.line.biz/en/docs/liff/liff-cli/
liff,liff/liff-cli,LIFF CLI,Options,-u、 --url,Required,✅ \*1,https://developers.line.biz/en/docs/liff/liff-cli/
liff,liff/liff-cli,LIFF CLI,Options,-u、 --url,Description,Specify the URL of your local development server.,https://developers.line.biz/en/docs/liff/liff-cli/
liff,liff/liff-cli,LIFF CLI,Options,--host,Required,✅ \*2,https://developers.line.biz/en/docs/liff/liff-cli/
liff,liff/liff-cli,LIFF CLI,Options,--host,Description,Specify the host of your local development server.,https://developers.line.biz/en/docs/liff/liff-cli/
liff,liff/liff-cli,LIFF CLI,Options,--port,Required,✅ \*2,https://developers.line.biz/en/docs/liff/liff-cli/
liff,liff/liff-cli,LIFF CLI,Options,--port,Description,Specify the port number of your local development server.,https://developers.line.biz/en/docs/liff/liff-cli/
liff,liff/liff-cli,LIFF CLI,Options,-i、 --inspect,Description,"When specified, the LIFF Inspector is launched.",https://developers.line.biz/en/docs/liff/liff-cli/
liff,liff/liff-cli,LIFF CLI,Options,--proxy-type,Description,The type of proxy to use. Specify one of these values: local-proxy: local proxy ngrok: ngrok ngrok-v1: ngrok v1 (deprecated) The default value is local-proxy.,https://developers.line.biz/en/docs/liff/liff-cli/
liff,liff/liff-cli,LIFF CLI,Options,--ngrok-command,Description,Specify a command to execute ngrok v1. The default value is ngrok.,https://developers.line.biz/en/docs/liff/liff-cli/
liff,liff/liff-cli,LIFF CLI,Options,--local-proxy-port,Description,Specify the port number on which a local proxy server for your local development server listens. The default value is 9000.,https://developers.line.biz/en/docs/liff/liff-cli/
liff,liff/liff-cli,LIFF CLI,Options,--local-proxy-inspector-port,Description,Specify the port number on which a local proxy server for the LIFF Inspector Server listens. The default value is 9223.,https://developers.line.biz/en/docs/liff/liff-cli/
liff,liff/liff-plugin,LIFF plugin,`context` object,liff,Value,liff object,https://developers.line.biz/en/docs/liff/liff-plugin/
liff,liff/liff-plugin,LIFF plugin,`context` object,hooks,Value,Object that provides methods for registering a callback on a hook,https://developers.line.biz/en/docs/liff/liff-plugin/
liff,liff/liff-plugin,LIFF plugin,Creating a hook,sync hook,Class,SyncHook,https://developers.line.biz/en/docs/liff/liff-plugin/
liff,liff/liff-plugin,LIFF plugin,Creating a hook,async hook,Class,AsyncHook,https://developers.line.biz/en/docs/liff/liff-plugin/
liff,liff/opening-liff-app,Opening a LIFF app,Behaviors from accessing the LIFF URL to opening the LIFF app,Primary redirect URL,Description,"The first time users access the LIFF URL, they are redirected from the LIFF server to this URL. When users are redirected to this URL, execute the liff.init() method.",https://developers.line.biz/en/docs/liff/opening-liff-app/
liff,liff/opening-liff-app,Opening a LIFF app,Behaviors from accessing the LIFF URL to opening the LIFF app,Secondary redirect URL,Description,"When executing the liff.init() method, users are redirected to this URL. Once users are redirected to this URL, the LIFF app page is displayed.",https://developers.line.biz/en/docs/liff/opening-liff-app/
liff,liff/opening-liff-app,Opening a LIFF app,Create a secondary redirect URL,LIFF URL (1) e.g. https://liff.line.me/{liffId},Secondary redirect URL,The URL specified in Endpoint URL of the LINE Developers Console. e.g. https://example.com/2020campaign/?key=value,https://developers.line.biz/en/docs/liff/opening-liff-app/
liff,liff/opening-liff-app,Opening a LIFF app,"About the ""chat_message.write"" scope after transitioning between LIFF apps",LIFF URL,Example URL,https://liff.line.me/{liffId},https://developers.line.biz/en/docs/liff/opening-liff-app/
liff,liff/opening-liff-app,Opening a LIFF app,"About the ""chat_message.write"" scope after transitioning between LIFF apps",LIFF URL,The chat_message.write scope after transition,Enabled,https://developers.line.biz/en/docs/liff/opening-liff-app/
liff,liff/opening-liff-app,Opening a LIFF app,"About the ""chat_message.write"" scope after transitioning between LIFF apps",LIFF URL including additional information,Example URL,https://liff.line.me/{liffId}/path_A/?key1=value1#URL-fragment,https://developers.line.biz/en/docs/liff/opening-liff-app/
liff,liff/opening-liff-app,Opening a LIFF app,"About the ""chat_message.write"" scope after transitioning between LIFF apps",LIFF URL including additional information,The chat_message.write scope after transition,Enabled,https://developers.line.biz/en/docs/liff/opening-liff-app/
liff,liff/opening-liff-app,Opening a LIFF app,"About the ""chat_message.write"" scope after transitioning between LIFF apps",Endpoint URL,Example URL,https://example.com,https://developers.line.biz/en/docs/liff/opening-liff-app/
liff,liff/opening-liff-app,Opening a LIFF app,"About the ""chat_message.write"" scope after transitioning between LIFF apps",Endpoint URL,The chat_message.write scope after transition,Disabled,https://developers.line.biz/en/docs/liff/opening-liff-app/
liff,liff/opening-liff-app,Opening a LIFF app,Get URL from before LIFF-to-LIFF transition,Given,LIFF app URL before transition,https://first.example.com/,https://developers.line.biz/en/docs/liff/opening-liff-app/
liff,liff/opening-liff-app,Opening a LIFF app,Get URL from before LIFF-to-LIFF transition,Given,URL of the link,https://liff.line.me/{LIFF ID} (LIFF URL),https://developers.line.biz/en/docs/liff/opening-liff-app/
liff,liff/opening-liff-app,Opening a LIFF app,Get URL from before LIFF-to-LIFF transition,Given,LIFF app URL after transition (after executing liff.init() method),✅ https://second.example.com/?liff.referrer=https%3A%2F%2Ffirst.example.com%2F \*1,https://developers.line.biz/en/docs/liff/opening-liff-app/
liff,liff/opening-liff-app,Opening a LIFF app,Get URL from before LIFF-to-LIFF transition,Not given,LIFF app URL before transition,https://first.example.com/,https://developers.line.biz/en/docs/liff/opening-liff-app/
liff,liff/opening-liff-app,Opening a LIFF app,Get URL from before LIFF-to-LIFF transition,Not given,URL of the link,https://second.example.com/ (Endpoint URL),https://developers.line.biz/en/docs/liff/opening-liff-app/
liff,liff/opening-liff-app,Opening a LIFF app,Get URL from before LIFF-to-LIFF transition,Not given,LIFF app URL after transition (after executing liff.init() method),❌ https://second.example.com/ \*2,https://developers.line.biz/en/docs/liff/opening-liff-app/
liff,liff/overview,LIFF overview,When the LIFF app is opened in a LIFF browser,iOS,Recommended environment,Latest version. WKWebView is used.,https://developers.line.biz/en/docs/liff/overview/
liff,liff/overview,LIFF overview,When the LIFF app is opened in a LIFF browser,iOS,Minimum operating environment,In accordance with the recommended system specifications for LINE. \*,https://developers.line.biz/en/docs/liff/overview/
liff,liff/overview,LIFF overview,When the LIFF app is opened in a LIFF browser,Android,Recommended environment,Latest version. Android WebView is used.,https://developers.line.biz/en/docs/liff/overview/
liff,liff/overview,LIFF overview,When the LIFF app is opened in a LIFF browser,Android,Minimum operating environment,In accordance with the recommended system specifications for LINE. \*,https://developers.line.biz/en/docs/liff/overview/
liff,liff/overview,LIFF overview,When the LIFF app is opened in a LIFF browser,LINE,Recommended environment,Latest version,https://developers.line.biz/en/docs/liff/overview/
liff,liff/overview,LIFF overview,When the LIFF app is opened in a LIFF browser,LINE,Minimum operating environment,In accordance with the recommended system specifications for LINE. \*,https://developers.line.biz/en/docs/liff/overview/
liff,liff/overview,LIFF overview,Action button,26.7.0 or later,Available feature,Dropdown menu,https://developers.line.biz/en/docs/liff/overview/
liff,liff/overview,LIFF overview,Action button,"15.12.0 or later, and earlier than 26.7.0",Available feature,Multi-tab view,https://developers.line.biz/en/docs/liff/overview/
liff,liff/overview,LIFF overview,Action button,Earlier than 15.12.0,Available feature,Options,https://developers.line.biz/en/docs/liff/overview/
liff,liff/overview,LIFF overview,Dropdown menu,All tabs,Description,Displays the Multi-tab view.,https://developers.line.biz/en/docs/liff/overview/
liff,liff/overview,LIFF overview,Dropdown menu,Refresh,Description,Reloads the current page.,https://developers.line.biz/en/docs/liff/overview/
liff,liff/overview,LIFF overview,Dropdown menu,Minimize browser,Description,"Minimizes LIFF browser. For more information, see Minimizing LIFF browser.",https://developers.line.biz/en/docs/liff/overview/
liff,liff/overview,LIFF overview,Dropdown menu,Share,Description,Shares the permanent link of the current page via a LINE message.,https://developers.line.biz/en/docs/liff/overview/
liff,liff/overview,LIFF overview,Recently used services,LIFF apps will resume,Conditions,LIFF apps that meet both of the following conditions: LIFF apps used within the last 12 hours LIFF apps included in the 10 most recent usage items,https://developers.line.biz/en/docs/liff/overview/
liff,liff/overview,LIFF overview,Recently used services,LIFF apps will resume,Specifications,"The LIFF app will resume from the screen where the user left off. The access token, browsing history, and screen scroll position will be retained.",https://developers.line.biz/en/docs/liff/overview/
liff,liff/overview,LIFF overview,Recently used services,LIFF apps will reload,Conditions,If the conditions for resuming are not met,https://developers.line.biz/en/docs/liff/overview/
liff,liff/overview,LIFF overview,Recently used services,LIFF apps will reload,Specifications,"The LIFF app will be initialized at the URL where the user left off. The access token, browsing history, and screen scroll position will be discarded.",https://developers.line.biz/en/docs/liff/overview/
liff,liff/overview,LIFF overview,Recently used services,Recently used services,限制（寫在內文）,"The recently used services section includes LIFF apps opened by the user, displayed in order of most recent use, up to a maximum of 50 items.",https://developers.line.biz/en/docs/liff/overview/
liff,liff/pluggable-sdk,Pluggable SDK,LIFF API and the corresponding module list,liff.getOS(),Module,@line/liff/get-os,https://developers.line.biz/en/docs/liff/pluggable-sdk/
liff,liff/pluggable-sdk,Pluggable SDK,LIFF API and the corresponding module list,liff.getAppLanguage(),Module,@line/liff/get-app-language,https://developers.line.biz/en/docs/liff/pluggable-sdk/
liff,liff/pluggable-sdk,Pluggable SDK,LIFF API and the corresponding module list,liff.getLanguage() (deprecated),Module,@line/liff/get-language,https://developers.line.biz/en/docs/liff/pluggable-sdk/
liff,liff/pluggable-sdk,Pluggable SDK,LIFF API and the corresponding module list,liff.getLineVersion(),Module,@line/liff/get-line-version,https://developers.line.biz/en/docs/liff/pluggable-sdk/
liff,liff/pluggable-sdk,Pluggable SDK,LIFF API and the corresponding module list,liff.getContext(),Module,@line/liff/get-context,https://developers.line.biz/en/docs/liff/pluggable-sdk/
liff,liff/pluggable-sdk,Pluggable SDK,LIFF API and the corresponding module list,liff.isInClient(),Module,@line/liff/is-in-client,https://developers.line.biz/en/docs/liff/pluggable-sdk/
liff,liff/pluggable-sdk,Pluggable SDK,LIFF API and the corresponding module list,liff.isLoggedIn(),Module,@line/liff/is-logged-in,https://developers.line.biz/en/docs/liff/pluggable-sdk/
liff,liff/pluggable-sdk,Pluggable SDK,LIFF API and the corresponding module list,liff.isApiAvailable(),Module,@line/liff/is-api-available,https://developers.line.biz/en/docs/liff/pluggable-sdk/
liff,liff/pluggable-sdk,Pluggable SDK,LIFF API and the corresponding module list,liff.login(),Module,@line/liff/login,https://developers.line.biz/en/docs/liff/pluggable-sdk/
liff,liff/pluggable-sdk,Pluggable SDK,LIFF API and the corresponding module list,liff.logout(),Module,@line/liff/logout,https://developers.line.biz/en/docs/liff/pluggable-sdk/
liff,liff/pluggable-sdk,Pluggable SDK,LIFF API and the corresponding module list,liff.getAccessToken(),Module,@line/liff/get-access-token,https://developers.line.biz/en/docs/liff/pluggable-sdk/
liff,liff/pluggable-sdk,Pluggable SDK,LIFF API and the corresponding module list,liff.getIDToken(),Module,@line/liff/get-id-token,https://developers.line.biz/en/docs/liff/pluggable-sdk/
liff,liff/pluggable-sdk,Pluggable SDK,LIFF API and the corresponding module list,liff.getDecodedIDToken(),Module,@line/liff/get-decoded-id-token,https://developers.line.biz/en/docs/liff/pluggable-sdk/
liff,liff/pluggable-sdk,Pluggable SDK,LIFF API and the corresponding module list,liff.permission.getGrantedAll() liff.permission.query() liff.permission.requestAll(),Module,@line/liff/permission,https://developers.line.biz/en/docs/liff/pluggable-sdk/
liff,liff/pluggable-sdk,Pluggable SDK,LIFF API and the corresponding module list,liff.getProfile(),Module,@line/liff/get-profile,https://developers.line.biz/en/docs/liff/pluggable-sdk/
liff,liff/pluggable-sdk,Pluggable SDK,LIFF API and the corresponding module list,liff.getFriendship(),Module,@line/liff/get-friendship,https://developers.line.biz/en/docs/liff/pluggable-sdk/
liff,liff/pluggable-sdk,Pluggable SDK,LIFF API and the corresponding module list,liff.openWindow(),Module,@line/liff/open-window,https://developers.line.biz/en/docs/liff/pluggable-sdk/
liff,liff/pluggable-sdk,Pluggable SDK,LIFF API and the corresponding module list,liff.closeWindow(),Module,@line/liff/close-window,https://developers.line.biz/en/docs/liff/pluggable-sdk/
liff,liff/pluggable-sdk,Pluggable SDK,LIFF API and the corresponding module list,liff.sendMessages(),Module,@line/liff/send-messages,https://developers.line.biz/en/docs/liff/pluggable-sdk/
liff,liff/pluggable-sdk,Pluggable SDK,LIFF API and the corresponding module list,liff.shareTargetPicker(),Module,@line/liff/share-target-picker,https://developers.line.biz/en/docs/liff/pluggable-sdk/
liff,liff/pluggable-sdk,Pluggable SDK,LIFF API and the corresponding module list,liff.scanCodeV2(),Module,@line/liff/scan-code-v2,https://developers.line.biz/en/docs/liff/pluggable-sdk/
liff,liff/pluggable-sdk,Pluggable SDK,LIFF API and the corresponding module list,liff.scanCode() (deprecated),Module,@line/liff/scan-code,https://developers.line.biz/en/docs/liff/pluggable-sdk/
liff,liff/pluggable-sdk,Pluggable SDK,LIFF API and the corresponding module list,liff.permanentLink.createUrlBy() liff.permanentLink.createUrl() liff.permanentLink.setExtraQueryParam(),Module,@line/liff/permanent-link,https://developers.line.biz/en/docs/liff/pluggable-sdk/
liff,liff/pluggable-sdk,Pluggable SDK,LIFF API and the corresponding module list,liff.i18n.setLang(),Module,@line/liff/i18n,https://developers.line.biz/en/docs/liff/pluggable-sdk/
liff,liff/pluggable-sdk,Pluggable SDK,LIFF API and the corresponding module list,liff.createShortcutOnHomeScreen(),Module,@line/liff/create-shortcut-on-home-screen,https://developers.line.biz/en/docs/liff/pluggable-sdk/
liff,liff/pluggable-sdk,Pluggable SDK,What is the pluggable SDK,What is the pluggable SDK,限制（寫在內文）,"By including only the LIFF APIs used by your LIFF app, you can reduce the LIFF SDK file size by up to about 34%.",https://developers.line.biz/en/docs/liff/pluggable-sdk/
liff,liff/registering-liff-apps,Adding a LIFF app to your channel,Adding the LIFF app to your channel,LIFF app name,Description,"Name of the LIFF app. The LIFF app name can't include ""LINE"" or similar strings, or inappropriate strings.",https://developers.line.biz/en/docs/liff/registering-liff-apps/
liff,liff/registering-liff-apps,Adding a LIFF app to your channel,Adding the LIFF app to your channel,LIFF app name,Location displayed to users,Message displayed when another LIFF app is opened Multi-tab view,https://developers.line.biz/en/docs/liff/registering-liff-apps/
liff,liff/registering-liff-apps,Adding a LIFF app to your channel,Adding the LIFF app to your channel,Size,Description,Size of the LIFF app view. Select one of: Compact Tall Full,https://developers.line.biz/en/docs/liff/registering-liff-apps/
liff,liff/registering-liff-apps,Adding a LIFF app to your channel,Adding the LIFF app to your channel,Endpoint URL,Location displayed to users,LIFF browser header (domain name only),https://developers.line.biz/en/docs/liff/registering-liff-apps/
liff,liff/registering-liff-apps,Adding a LIFF app to your channel,Adding the LIFF app to your channel,Scopes \*1,Location displayed to users,Permission consent screen when launching LIFF app,https://developers.line.biz/en/docs/liff/registering-liff-apps/
liff,liff/registering-liff-apps,Adding a LIFF app to your channel,Adding the LIFF app to your channel,Add friend option \*4,Location displayed to users,Permission consent screen when launching LIFF app,https://developers.line.biz/en/docs/liff/registering-liff-apps/
liff,liff/registering-liff-apps,Adding a LIFF app to your channel,Adding the LIFF app to your channel,Scan QR,Description,Enable this setting when using liff.scanCodeV2() in the LIFF apps added to this channel.,https://developers.line.biz/en/docs/liff/registering-liff-apps/
liff,liff/registering-liff-apps,Adding a LIFF app to your channel,Adding the LIFF app to your channel,LIFF ID,Description,LIFF app ID. e.g. 1234567890-AbcdEfgh,https://developers.line.biz/en/docs/liff/registering-liff-apps/
liff,liff/registering-liff-apps,Adding a LIFF app to your channel,Adding the LIFF app to your channel,Adding the LIFF app to your channel,限制（寫在內文）,You can add up to 30 LIFF apps to each channel.,https://developers.line.biz/en/docs/liff/registering-liff-apps/
liff,liff/release-notes,Release notes,Conditions that append a slash (`/`) to the end of the path of the secondary redirect URL,https://example.com/foo/bar?key=value/,Actual secondary redirect URL,https://example.com/foo/bar/?key=value/,https://developers.line.biz/en/docs/liff/release-notes/
liff,liff/release-notes,Release notes,We've fixed a bug where an incorrect error message was returned when a certain method is executed in an external browser while not logged in,LiffId is not found.,Error message after the fix,"Need access_token for api call, Please login first",https://developers.line.biz/en/docs/liff/release-notes/
liff,liff/release-notes,Release notes,We've changed the URLs generated by the `liff.permanentLink.createUrlBy()` method,+,Before change,+,https://developers.line.biz/en/docs/liff/release-notes/
liff,liff/release-notes,Release notes,We've changed the URLs generated by the `liff.permanentLink.createUrlBy()` method,+,After change (current),%2B,https://developers.line.biz/en/docs/liff/release-notes/
liff,liff/release-notes,Release notes,We've changed the URLs generated by the `liff.permanentLink.createUrlBy()` method,*,Before change,*,https://developers.line.biz/en/docs/liff/release-notes/
liff,liff/release-notes,Release notes,We've changed the URLs generated by the `liff.permanentLink.createUrlBy()` method,*,After change (current),%2A,https://developers.line.biz/en/docs/liff/release-notes/
liff,liff/release-notes,Release notes,We've changed the URLs generated by the `liff.permanentLink.createUrlBy()` method,%7E,Before change,%7E,https://developers.line.biz/en/docs/liff/release-notes/
liff,liff/release-notes,Release notes,We've changed the URLs generated by the `liff.permanentLink.createUrlBy()` method,%7E,After change (current),~,https://developers.line.biz/en/docs/liff/release-notes/
liff,liff/release-notes,Release notes,We've changed the URLs generated by the `liff.permanentLink.createUrlBy()` method,%20,Before change,+,https://developers.line.biz/en/docs/liff/release-notes/
liff,liff/release-notes,Release notes,We've changed the URLs generated by the `liff.permanentLink.createUrlBy()` method,%20,After change (current),%20,https://developers.line.biz/en/docs/liff/release-notes/
liff,liff/release-notes,Release notes,We've changed the URLs generated by the `liff.permanentLink.createUrlBy()` method,; \*,Before change,Deleted,https://developers.line.biz/en/docs/liff/release-notes/
liff,liff/release-notes,Release notes,We've changed the URLs generated by the `liff.permanentLink.createUrlBy()` method,; \*,After change (current),%3B,https://developers.line.biz/en/docs/liff/release-notes/
liff,liff/release-notes,Release notes,We've fixed the TypeScript type definitions for LIFF API modules in the pluggable SDK,@line/liff/get-id-token,Detail,Corrected getIdToken to getIDToken.,https://developers.line.biz/en/docs/liff/release-notes/
liff,liff/release-notes,Release notes,We've fixed the TypeScript type definitions for LIFF API modules in the pluggable SDK,@line/liff/get-decoded-id-token,Detail,Corrected getDecodedIdToken to getDecodedIDToken.,https://developers.line.biz/en/docs/liff/release-notes/
liff,liff/release-notes,Release notes,Difference between `liff.permanentLink.createUrl()` method and `liff.permanentLink.createUrlBy()` method,The LIFF app page that the permanent link can be obtained,liff.permanentLink.createUrlBy(),The current page,https://developers.line.biz/en/docs/liff/release-notes/
liff,liff/release-notes,Release notes,Difference between `liff.permanentLink.createUrl()` method and `liff.permanentLink.createUrlBy()` method,How to add any query parameter to a permanent link,liff.permanentLink.createUrlBy(),Execute the liff.permanentLink.setExtraQueryParam() method in advance,https://developers.line.biz/en/docs/liff/release-notes/
liff,liff/release-notes,Release notes,Difference between `liff.permanentLink.createUrl()` method and `liff.permanentLink.createUrlBy()` method,Return value,liff.permanentLink.createUrlBy(),String,https://developers.line.biz/en/docs/liff/release-notes/
liff,liff/release-notes,Release notes,Examples of URL opened when executing the `liff.openWindow()` method,v2.16.1,url property,https://example.com#URL-fragment,https://developers.line.biz/en/docs/liff/release-notes/
liff,liff/release-notes,Release notes,Examples of URL opened when executing the `liff.openWindow()` method,v2.16.1,URL opened,https://example.com#URL-fragment?is_liff_external_open_window=false,https://developers.line.biz/en/docs/liff/release-notes/
liff,liff/release-notes,Release notes,Examples of URL opened when executing the `liff.openWindow()` method,v2.17.0,url property,https://example.com#URL-fragment,https://developers.line.biz/en/docs/liff/release-notes/
liff,liff/release-notes,Release notes,Examples of URL opened when executing the `liff.openWindow()` method,v2.17.0,URL opened,https://example.com#URL-fragment,https://developers.line.biz/en/docs/liff/release-notes/
liff,liff/release-notes,Release notes,The share target picker now has an option to control whether to send to multiple recipients or just one,true,Available target recipients,"Groups, friends, chats",https://developers.line.biz/en/docs/liff/release-notes/
liff,liff/release-notes,Release notes,The share target picker now has an option to control whether to send to multiple recipients or just one,true,Available number of selection,Can select multiple recipients,https://developers.line.biz/en/docs/liff/release-notes/
liff,liff/release-notes,Release notes,The share target picker now has an option to control whether to send to multiple recipients or just one,false,Available target recipients,Friend,https://developers.line.biz/en/docs/liff/release-notes/
liff,liff/release-notes,Release notes,The share target picker now has an option to control whether to send to multiple recipients or just one,false,Available number of selection,Can select only 1 recipient,https://developers.line.biz/en/docs/liff/release-notes/
liff,liff/release-notes,Release notes,Example of URL fragment after liff.init(),v2.11.0,LIFF URL,https://liff.line.me/{liffId}#url/fragment,https://developers.line.biz/en/docs/liff/release-notes/
liff,liff/release-notes,Release notes,Example of URL fragment after liff.init(),v2.11.0,URL after liff.init(),https://liff.line.me/{liffId}#url%2Ffragment,https://developers.line.biz/en/docs/liff/release-notes/
liff,liff/release-notes,Release notes,Example of URL fragment after liff.init(),v2.11.1,LIFF URL,https://liff.line.me/{liffId}#url/fragment,https://developers.line.biz/en/docs/liff/release-notes/
liff,liff/release-notes,Release notes,Example of URL fragment after liff.init(),v2.11.1,URL after liff.init(),https://liff.line.me/{liffId}#url/fragment,https://developers.line.biz/en/docs/liff/release-notes/
liff,liff/release-notes,Release notes,Redirect example,(1),Item,LIFF URL,https://developers.line.biz/en/docs/liff/release-notes/
liff,liff/release-notes,Release notes,Redirect example,(1),URL,https://liff.line.me/{liffId}/path,https://developers.line.biz/en/docs/liff/release-notes/
liff,liff/release-notes,Release notes,Redirect example,(2),Item,Primary redirect URL,https://developers.line.biz/en/docs/liff/release-notes/
liff,liff/release-notes,Release notes,Redirect example,(2),URL,https://example.com/?liff.state=path #access_token=xxx&context_token=xxx& feature_token=xxx&id_token=xxx&client_id=xxx,https://developers.line.biz/en/docs/liff/release-notes/
liff,liff/release-notes,Release notes,Redirect example,(3),Item,URL after liff.init(),https://developers.line.biz/en/docs/liff/release-notes/
liff,liff/release-notes,Release notes,Redirect example,(3),URL,https://example.com/?liff.state=path,https://developers.line.biz/en/docs/liff/release-notes/
liff,liff/release-notes,Release notes,Redirect example,(4),Item,Secondary redirect URL,https://developers.line.biz/en/docs/liff/release-notes/
liff,liff/release-notes,Release notes,Redirect example,(4),URL,https://example.com/path,https://developers.line.biz/en/docs/liff/release-notes/
liff,liff/release-notes,Release notes,Fixed bug of unintentional decoding of URL encoded query parameters,v2.7.1 or earlier,Primary redirect URL,https://endpoint.example.jp/?liff.state= ?t=http%3A%2F%2Fexample.com,https://developers.line.biz/en/docs/liff/release-notes/
liff,liff/release-notes,Release notes,Fixed bug of unintentional decoding of URL encoded query parameters,v2.7.1 or earlier,Secondary redirect URL,https://endpoint.example.jp/ ?t=http://example.com,https://developers.line.biz/en/docs/liff/release-notes/
liff,liff/release-notes,Release notes,Fixed bug of unintentional decoding of URL encoded query parameters,v2.8.0,Primary redirect URL,https://endpoint.example.jp/?liff.state= %3Ft%3Dhttp%253A%252F%252Fexample.com,https://developers.line.biz/en/docs/liff/release-notes/
liff,liff/release-notes,Release notes,Fixed bug of unintentional decoding of URL encoded query parameters,v2.8.0,Secondary redirect URL,https://endpoint.example.jp/ ?t=http%3A%2F%2Fexample.com,https://developers.line.biz/en/docs/liff/release-notes/
liff,liff/release-notes,Release notes,Fixed a bug that redirects users to unintended URLs when the endpoint URL ends with /,Before spec change,LIFF URL,https://liff.line.me/{liffId}/path,https://developers.line.biz/en/docs/liff/release-notes/
liff,liff/release-notes,Release notes,Fixed a bug that redirects users to unintended URLs when the endpoint URL ends with /,Before spec change,Primary redirect URL,https://example.com/campaign/?liff.state={urlEncode(/path)},https://developers.line.biz/en/docs/liff/release-notes/
liff,liff/release-notes,Release notes,Fixed a bug that redirects users to unintended URLs when the endpoint URL ends with /,Before spec change,Secondary redirect URL,https://example.com/campaign//path,https://developers.line.biz/en/docs/liff/release-notes/
liff,liff/release-notes,Release notes,Fixed a bug that redirects users to unintended URLs when the endpoint URL ends with /,After spec change,LIFF URL,https://liff.line.me/{liffId}/path,https://developers.line.biz/en/docs/liff/release-notes/
liff,liff/release-notes,Release notes,Fixed a bug that redirects users to unintended URLs when the endpoint URL ends with /,After spec change,Primary redirect URL,https://example.com/campaign?liff.state={urlEncode(path)},https://developers.line.biz/en/docs/liff/release-notes/
liff,liff/release-notes,Release notes,Fixed a bug that redirects users to unintended URLs when the endpoint URL ends with /,After spec change,Secondary redirect URL,https://example.com/campaign/path,https://developers.line.biz/en/docs/liff/release-notes/
liff,liff/release-notes,Release notes,Fixed an issue with the feature to open another LIFF app without closing a LIFF app,LIFF SDK,Before the changes,2.4.0,https://developers.line.biz/en/docs/liff/release-notes/
liff,liff/release-notes,Release notes,Fixed an issue with the feature to open another LIFF app without closing a LIFF app,LIFF SDK,After the changes,2.4.1,https://developers.line.biz/en/docs/liff/release-notes/
liff,liff/release-notes,Release notes,Fixed an issue with the feature to open another LIFF app without closing a LIFF app,LINE,Before the changes,10.16.0,https://developers.line.biz/en/docs/liff/release-notes/
liff,liff/release-notes,Release notes,Fixed an issue with the feature to open another LIFF app without closing a LIFF app,LINE,After the changes,10.18.0,https://developers.line.biz/en/docs/liff/release-notes/
liff,liff/release-notes,Release notes,LIFF v2.4.0 released,LIFF SDK,Before the changes,2.4.0,https://developers.line.biz/en/docs/liff/release-notes/
liff,liff/release-notes,Release notes,LIFF v2.4.0 released,LIFF SDK,After the changes,2.4.1,https://developers.line.biz/en/docs/liff/release-notes/
liff,liff/release-notes,Release notes,LIFF v2.4.0 released,LINE,Before the changes,10.16.0,https://developers.line.biz/en/docs/liff/release-notes/
liff,liff/release-notes,Release notes,LIFF v2.4.0 released,LINE,After the changes,10.18.0,https://developers.line.biz/en/docs/liff/release-notes/
liff,liff/release-notes,Release notes,We've added the pluggable SDK feature that can reduce the LIFF SDK file size by up to about 34%,We've added the pluggable SDK feature that can reduce the LIFF SDK file size by up to about 34%,限制（寫在內文）,"By including only the LIFF APIs used by your LIFF app, you can reduce the LIFF SDK file size by up to about 34%.",https://developers.line.biz/en/docs/liff/release-notes/
liff,liff/release-notes,Release notes,The maximum number of LIFF apps has been increased,The maximum number of LIFF apps has been increased,限制（寫在內文）,Now you can add up to 30 LIFF apps for one channel.,https://developers.line.biz/en/docs/liff/release-notes/
liff,liff/release-notes,Release notes,The maximum number of LIFF apps has been increased,The maximum number of LIFF apps has been increased,限制（寫在內文）,The previous maximum number was 10.,https://developers.line.biz/en/docs/liff/release-notes/
liff,liff/trying-liff-app,Trying the LIFF starter app,Environment,Node.js,Version,16.13.1,https://developers.line.biz/en/docs/liff/trying-liff-app/
liff,liff/trying-liff-app,Trying the LIFF starter app,Environment,Yarn,Version,1.22.17,https://developers.line.biz/en/docs/liff/trying-liff-app/
liff,liff/trying-liff-app,Trying the LIFF starter app,Environment,Netlify CLI,Version,9.16.3,https://developers.line.biz/en/docs/liff/trying-liff-app/
liff,liff/versioning-policy,Versioning policy,The LIFF MAJOR version status,"LIFF v1 (June 6, 2018)",Status (Period of current status),"End-of-life (October 1, 2021)",https://developers.line.biz/en/docs/liff/versioning-policy/
liff,liff/versioning-policy,Versioning policy,The LIFF MAJOR version status,"LIFF v1 (June 6, 2018)",Availability and description,"❌ Without prior notice, all CDN edge paths and CDN fixed paths will be disabled, and you won't be able to open the LIFF apps.",https://developers.line.biz/en/docs/liff/versioning-policy/
liff,liff/versioning-policy,Versioning policy,The LIFF MAJOR version status,"LIFF v2 (October 16, 2019)",Status (Period of current status),Active (~ Release date of the LIFF v3),https://developers.line.biz/en/docs/liff/versioning-policy/
liff,liff/versioning-policy,Versioning policy,The LIFF MAJOR version status,"LIFF v2 (October 16, 2019)",Availability and description,✅ The LIFF SDK is the current version. Frequently new features are added and existing features are improved.,https://developers.line.biz/en/docs/liff/versioning-policy/
liff,liff/versioning-policy,Versioning policy,The LIFF Versioning policy,MAJOR,Description,It will be incremented if any backwards incompatible changes are introduced to the public API. e.g. v1.1.12 -> v2.0.0,https://developers.line.biz/en/docs/liff/versioning-policy/
liff,liff/versioning-policy,Versioning policy,The LIFF Versioning policy,MINOR,Description,"It will be incremented if new, backwards compatible functionality is introduced to the public API. e.g. v1.1.12 -> v1.2.0",https://developers.line.biz/en/docs/liff/versioning-policy/
liff,liff/versioning-policy,Versioning policy,The LIFF Versioning policy,PATCH,Description,It will be incremented if only backwards compatible bug fixes are introduced. A bug fix is defined as an internal change that fixes incorrect behavior. e.g. v1.1.12 -> v1.1.13,https://developers.line.biz/en/docs/liff/versioning-policy/
liff,liff/versioning-policy,Versioning policy,The LIFF SDK life cycle,Active,Availability and description,✅ The LIFF SDK is the current version. Frequently new features are added and existing features are improved.,https://developers.line.biz/en/docs/liff/versioning-policy/
liff,liff/versioning-policy,Versioning policy,The LIFF SDK life cycle,Active,Support period,From the release date of this MAJOR version to the release date of the next MAJOR version,https://developers.line.biz/en/docs/liff/versioning-policy/
liff,liff/versioning-policy,Versioning policy,The LIFF SDK life cycle,Maintaining,Availability and description,✅ Bug fixes and security improvements needed to maintain existing features,https://developers.line.biz/en/docs/liff/versioning-policy/
liff,liff/versioning-policy,Versioning policy,The LIFF SDK life cycle,Maintaining,Support period,"12 months after ""Active"" period",https://developers.line.biz/en/docs/liff/versioning-policy/
liff,liff/versioning-policy,Versioning policy,The LIFF SDK life cycle,Deprecated,Availability and description,✅ The LIFF SDK is no longer updated.,https://developers.line.biz/en/docs/liff/versioning-policy/
liff,liff/versioning-policy,Versioning policy,The LIFF SDK life cycle,Deprecated,Support period,"6 months after ""Maintaining"" period",https://developers.line.biz/en/docs/liff/versioning-policy/
liff,liff/versioning-policy,Versioning policy,The LIFF SDK life cycle,End-of-life,Availability and description,"❌ After the discontinuation date, all CDN edge paths and CDN fixed paths will become invalid without notice, and the LIFF app will no longer be usable.",https://developers.line.biz/en/docs/liff/versioning-policy/
liff,liff/versioning-policy,Versioning policy,The LIFF SDK life cycle schedule,"LIFF v1 (June 6, 2018)",Active period,"~ October 15, 2019 ✅ LIFF v1",https://developers.line.biz/en/docs/liff/versioning-policy/
liff,liff/versioning-policy,Versioning policy,The LIFF SDK life cycle schedule,"LIFF v1 (June 6, 2018)",Maintenance period,"~ April 1, 2021 ✅ LIFF v1",https://developers.line.biz/en/docs/liff/versioning-policy/
liff,liff/versioning-policy,Versioning policy,The LIFF SDK life cycle schedule,"LIFF v1 (June 6, 2018)",Deprecation period,"~ September 30, 2021 ✅ LIFF v1",https://developers.line.biz/en/docs/liff/versioning-policy/
liff,liff/versioning-policy,Versioning policy,The LIFF SDK life cycle schedule,"LIFF v1 (June 6, 2018)",End-of-life date,"October 1, 2021 ❌ LIFF v1",https://developers.line.biz/en/docs/liff/versioning-policy/
liff,liff/versioning-policy,Versioning policy,The LIFF SDK life cycle schedule,"LIFF v2 (October 16, 2019)",Active period,~ Release date of the LIFF v3 ✅ LIFF v2,https://developers.line.biz/en/docs/liff/versioning-policy/
liff,liff/versioning-policy,Versioning policy,The LIFF SDK life cycle schedule,"LIFF v2 (October 16, 2019)",Maintenance period,~ TBD ✅ LIFF v2,https://developers.line.biz/en/docs/liff/versioning-policy/
liff,liff/versioning-policy,Versioning policy,The LIFF SDK life cycle schedule,"LIFF v2 (October 16, 2019)",Deprecation period,~ TBD ✅ LIFF v2,https://developers.line.biz/en/docs/liff/versioning-policy/
liff,liff/versioning-policy,Versioning policy,The LIFF SDK life cycle schedule,"LIFF v2 (October 16, 2019)",End-of-life date,TBD ❌ LIFF v2,https://developers.line.biz/en/docs/liff/versioning-policy/
line-developers-console,line-developers-console/best-practices-for-provider-and-channel-management,Best practices for provider and channel management,Characters,Beverage Manufacturer B,description,"A beverage manufacturer that offers the cola beverage ""Sally Cola"". The US subsidiary of Beverage Manufacturer A.",https://developers.line.biz/en/docs/line-developers-console/best-practices-for-provider-and-channel-management/
line-developers-console,line-developers-console/best-practices-for-provider-and-channel-management,Best practices for provider and channel management,Characters,Brown,description,An employee of Beverage Manufacturer A.,https://developers.line.biz/en/docs/line-developers-console/best-practices-for-provider-and-channel-management/
line-developers-console,line-developers-console/best-practices-for-provider-and-channel-management,Best practices for provider and channel management,Characters,Cony,description,An employee of Beverage Manufacturer A.,https://developers.line.biz/en/docs/line-developers-console/best-practices-for-provider-and-channel-management/
line-developers-console,line-developers-console/best-practices-for-provider-and-channel-management,Best practices for provider and channel management,Characters,LINE Login,Channel name,Brown Coffee,https://developers.line.biz/en/docs/line-developers-console/best-practices-for-provider-and-channel-management/
line-developers-console,line-developers-console/best-practices-for-provider-and-channel-management,Best practices for provider and channel management,Characters,LINE Login,Description,"A channel for a campaign site for the coffee beverage ""Brown Coffee"".",https://developers.line.biz/en/docs/line-developers-console/best-practices-for-provider-and-channel-management/
line-developers-console,line-developers-console/best-practices-for-provider-and-channel-management,Best practices for provider and channel management,Characters,Messaging API,Channel name,Brown Coffee,https://developers.line.biz/en/docs/line-developers-console/best-practices-for-provider-and-channel-management/
line-developers-console,line-developers-console/best-practices-for-provider-and-channel-management,Best practices for provider and channel management,Characters,Messaging API,Description,"A channel for a LINE Bot for the coffee beverage ""Brown Coffee"".",https://developers.line.biz/en/docs/line-developers-console/best-practices-for-provider-and-channel-management/
line-developers-console,line-developers-console/best-practices-for-provider-and-channel-management,Best practices for provider and channel management,Characters,Messaging API,Channel name,Cony Tea,https://developers.line.biz/en/docs/line-developers-console/best-practices-for-provider-and-channel-management/
line-developers-console,line-developers-console/best-practices-for-provider-and-channel-management,Best practices for provider and channel management,Characters,Messaging API,Description,"A channel for a LINE Bot for the tea beverage ""Cony Tea"".",https://developers.line.biz/en/docs/line-developers-console/best-practices-for-provider-and-channel-management/
line-developers-console,line-developers-console/login-account,Log in to the LINE Developers Console,Account relationships,Developer account,Business ID,One-to-one link (\*),https://developers.line.biz/en/docs/line-developers-console/login-account/
line-developers-console,line-developers-console/login-account,Log in to the LINE Developers Console,Account relationships,Developer account,LINE account,Linked via Business ID (one-to-one),https://developers.line.biz/en/docs/line-developers-console/login-account/
line-developers-console,line-developers-console/login-account,Log in to the LINE Developers Console,Account relationships,Business ID,Developer account,One-to-one link (\*),https://developers.line.biz/en/docs/line-developers-console/login-account/
line-developers-console,line-developers-console/login-account,Log in to the LINE Developers Console,Account relationships,Business ID,LINE account,Can be linked one-to-one,https://developers.line.biz/en/docs/line-developers-console/login-account/
line-developers-console,line-developers-console/login-account,Log in to the LINE Developers Console,Account relationships,LINE account,Developer account,Linked via Business ID (one-to-one),https://developers.line.biz/en/docs/line-developers-console/login-account/
line-developers-console,line-developers-console/login-account,Log in to the LINE Developers Console,Account relationships,LINE account,Business ID,Can be linked one-to-one,https://developers.line.biz/en/docs/line-developers-console/login-account/
line-developers-console,line-developers-console/login-account,Log in to the LINE Developers Console,Account relationships when creating a new Business ID,LINE account,LINE account linked to developer account,LINE account used to create your Business ID,https://developers.line.biz/en/docs/line-developers-console/login-account/
line-developers-console,line-developers-console/login-account,Log in to the LINE Developers Console,Account relationships when creating a new Business ID,Business account (email address and password),LINE account linked to developer account,None (\*),https://developers.line.biz/en/docs/line-developers-console/login-account/
line-developers-console,line-developers-console/login-account,Log in to the LINE Developers Console,Available features,Developer account linked to a LINE account,LINE Login,✅,https://developers.line.biz/en/docs/line-developers-console/login-account/
line-developers-console,line-developers-console/login-account,Log in to the LINE Developers Console,Available features,Developer account linked to a LINE account,Blockchain Service,✅,https://developers.line.biz/en/docs/line-developers-console/login-account/
line-developers-console,line-developers-console/login-account,Log in to the LINE Developers Console,Available features,Developer account linked to a LINE account,LINE MINI App,✅,https://developers.line.biz/en/docs/line-developers-console/login-account/
line-developers-console,line-developers-console/login-account,Log in to the LINE Developers Console,Available features,Developer account not linked to a LINE account,LINE Login,✅,https://developers.line.biz/en/docs/line-developers-console/login-account/
line-developers-console,line-developers-console/login-account,Log in to the LINE Developers Console,Available features,Developer account not linked to a LINE account,Blockchain Service,❌,https://developers.line.biz/en/docs/line-developers-console/login-account/
line-developers-console,line-developers-console/login-account,Log in to the LINE Developers Console,Available features,Developer account not linked to a LINE account,LINE MINI App,✅,https://developers.line.biz/en/docs/line-developers-console/login-account/
line-developers-console,line-developers-console/managing-roles,Managing roles,Provider roles,View provider name,Admin,✅,https://developers.line.biz/en/docs/line-developers-console/managing-roles/
line-developers-console,line-developers-console/managing-roles,Managing roles,Provider roles,View provider name,Member,✅,https://developers.line.biz/en/docs/line-developers-console/managing-roles/
line-developers-console,line-developers-console/managing-roles,Managing roles,Provider roles,View provider name,No role \*1,✅,https://developers.line.biz/en/docs/line-developers-console/managing-roles/
line-developers-console,line-developers-console/managing-roles,Managing roles,Provider roles,View provider ID,Admin,✅,https://developers.line.biz/en/docs/line-developers-console/managing-roles/
line-developers-console,line-developers-console/managing-roles,Managing roles,Provider roles,View provider ID,Member,✅ \*2,https://developers.line.biz/en/docs/line-developers-console/managing-roles/
line-developers-console,line-developers-console/managing-roles,Managing roles,Provider roles,View provider ID,No role \*1,✅ \*2,https://developers.line.biz/en/docs/line-developers-console/managing-roles/
line-developers-console,line-developers-console/managing-roles,Managing roles,Provider roles,Edit provider name,Admin,✅,https://developers.line.biz/en/docs/line-developers-console/managing-roles/
line-developers-console,line-developers-console/managing-roles,Managing roles,Provider roles,Edit provider name,Member,❌,https://developers.line.biz/en/docs/line-developers-console/managing-roles/
line-developers-console,line-developers-console/managing-roles,Managing roles,Provider roles,Edit provider name,No role \*1,❌,https://developers.line.biz/en/docs/line-developers-console/managing-roles/
line-developers-console,line-developers-console/managing-roles,Managing roles,Provider roles,Delete provider \*3,Admin,✅,https://developers.line.biz/en/docs/line-developers-console/managing-roles/
line-developers-console,line-developers-console/managing-roles,Managing roles,Provider roles,Delete provider \*3,Member,❌,https://developers.line.biz/en/docs/line-developers-console/managing-roles/
line-developers-console,line-developers-console/managing-roles,Managing roles,Provider roles,Delete provider \*3,No role \*1,❌,https://developers.line.biz/en/docs/line-developers-console/managing-roles/
line-developers-console,line-developers-console/managing-roles,Managing roles,Provider roles,View list of channels linked to provider,Admin,✅,https://developers.line.biz/en/docs/line-developers-console/managing-roles/
line-developers-console,line-developers-console/managing-roles,Managing roles,Provider roles,View list of channels linked to provider,Member,❌,https://developers.line.biz/en/docs/line-developers-console/managing-roles/
line-developers-console,line-developers-console/managing-roles,Managing roles,Provider roles,View list of channels linked to provider,No role \*1,❌,https://developers.line.biz/en/docs/line-developers-console/managing-roles/
line-developers-console,line-developers-console/managing-roles,Managing roles,Provider roles,Create a channel under provider,Admin,✅,https://developers.line.biz/en/docs/line-developers-console/managing-roles/
line-developers-console,line-developers-console/managing-roles,Managing roles,Provider roles,Create a channel under provider,Member,❌,https://developers.line.biz/en/docs/line-developers-console/managing-roles/
line-developers-console,line-developers-console/managing-roles,Managing roles,Provider roles,Create a channel under provider,No role \*1,❌,https://developers.line.biz/en/docs/line-developers-console/managing-roles/
line-developers-console,line-developers-console/managing-roles,Managing roles,Provider roles,Add or delete developer to/from provider,Admin,✅,https://developers.line.biz/en/docs/line-developers-console/managing-roles/
line-developers-console,line-developers-console/managing-roles,Managing roles,Provider roles,Add or delete developer to/from provider,Member,❌,https://developers.line.biz/en/docs/line-developers-console/managing-roles/
line-developers-console,line-developers-console/managing-roles,Managing roles,Provider roles,Add or delete developer to/from provider,No role \*1,❌,https://developers.line.biz/en/docs/line-developers-console/managing-roles/
line-developers-console,line-developers-console/managing-roles,Managing roles,Provider roles,View or edit provider role settings,Admin,✅,https://developers.line.biz/en/docs/line-developers-console/managing-roles/
line-developers-console,line-developers-console/managing-roles,Managing roles,Provider roles,View or edit provider role settings,Member,❌,https://developers.line.biz/en/docs/line-developers-console/managing-roles/
line-developers-console,line-developers-console/managing-roles,Managing roles,Provider roles,View or edit provider role settings,No role \*1,❌,https://developers.line.biz/en/docs/line-developers-console/managing-roles/
line-developers-console,line-developers-console/managing-roles,Managing roles,"Adding developers, editing roles, and deleting developers on provider",Edit,Steps,Click Edit and then select a role from the dropdown list.,https://developers.line.biz/en/docs/line-developers-console/managing-roles/
line-developers-console,line-developers-console/managing-roles,Managing roles,"Adding developers, editing roles, and deleting developers on provider",Delete,Steps,Select the checkbox next to a member's name and click Delete selected.,https://developers.line.biz/en/docs/line-developers-console/managing-roles/
line-developers-console,line-developers-console/managing-roles,Managing roles,**Basic settings** tab,View Channel ID,Admin,✅,https://developers.line.biz/en/docs/line-developers-console/managing-roles/
line-developers-console,line-developers-console/managing-roles,Managing roles,**Basic settings** tab,View Channel ID,Member,✅,https://developers.line.biz/en/docs/line-developers-console/managing-roles/
line-developers-console,line-developers-console/managing-roles,Managing roles,**Basic settings** tab,View Channel ID,Tester,✅,https://developers.line.biz/en/docs/line-developers-console/managing-roles/
line-developers-console,line-developers-console/managing-roles,Managing roles,**Basic settings** tab,View Channel ID,No role,❌,https://developers.line.biz/en/docs/line-developers-console/managing-roles/
line-developers-console,line-developers-console/managing-roles,Managing roles,**Basic settings** tab,View Region to provide the service \*1,Admin,✅,https://developers.line.biz/en/docs/line-developers-console/managing-roles/
line-developers-console,line-developers-console/managing-roles,Managing roles,**Basic settings** tab,View Region to provide the service \*1,Member,❌,https://developers.line.biz/en/docs/line-developers-console/managing-roles/
line-developers-console,line-developers-console/managing-roles,Managing roles,**Basic settings** tab,View Region to provide the service \*1,Tester,❌,https://developers.line.biz/en/docs/line-developers-console/managing-roles/
line-developers-console,line-developers-console/managing-roles,Managing roles,**Basic settings** tab,View Region to provide the service \*1,No role,❌,https://developers.line.biz/en/docs/line-developers-console/managing-roles/
line-developers-console,line-developers-console/managing-roles,Managing roles,**Basic settings** tab,View or edit Company or owner's country or region \*1,Admin,✅,https://developers.line.biz/en/docs/line-developers-console/managing-roles/
line-developers-console,line-developers-console/managing-roles,Managing roles,**Basic settings** tab,View or edit Company or owner's country or region \*1,Member,❌,https://developers.line.biz/en/docs/line-developers-console/managing-roles/
line-developers-console,line-developers-console/managing-roles,Managing roles,**Basic settings** tab,View or edit Company or owner's country or region \*1,Tester,❌,https://developers.line.biz/en/docs/line-developers-console/managing-roles/
line-developers-console,line-developers-console/managing-roles,Managing roles,**Basic settings** tab,View or edit Company or owner's country or region \*1,No role,❌,https://developers.line.biz/en/docs/line-developers-console/managing-roles/
line-developers-console,line-developers-console/managing-roles,Managing roles,**Basic settings** tab,View Channel icon,Admin,✅,https://developers.line.biz/en/docs/line-developers-console/managing-roles/
line-developers-console,line-developers-console/managing-roles,Managing roles,**Basic settings** tab,View Channel icon,Member,✅,https://developers.line.biz/en/docs/line-developers-console/managing-roles/
line-developers-console,line-developers-console/managing-roles,Managing roles,**Basic settings** tab,View Channel icon,Tester,✅,https://developers.line.biz/en/docs/line-developers-console/managing-roles/
line-developers-console,line-developers-console/managing-roles,Managing roles,**Basic settings** tab,View Channel icon,No role,❌,https://developers.line.biz/en/docs/line-developers-console/managing-roles/
line-developers-console,line-developers-console/managing-roles,Managing roles,**Basic settings** tab,Edit Channel icon,Admin,✅,https://developers.line.biz/en/docs/line-developers-console/managing-roles/
line-developers-console,line-developers-console/managing-roles,Managing roles,**Basic settings** tab,Edit Channel icon,Member,❌,https://developers.line.biz/en/docs/line-developers-console/managing-roles/
line-developers-console,line-developers-console/managing-roles,Managing roles,**Basic settings** tab,Edit Channel icon,Tester,❌,https://developers.line.biz/en/docs/line-developers-console/managing-roles/
line-developers-console,line-developers-console/managing-roles,Managing roles,**Basic settings** tab,Edit Channel icon,No role,❌,https://developers.line.biz/en/docs/line-developers-console/managing-roles/
line-developers-console,line-developers-console/managing-roles,Managing roles,**Basic settings** tab,View Channel name,Admin,✅,https://developers.line.biz/en/docs/line-developers-console/managing-roles/
line-developers-console,line-developers-console/managing-roles,Managing roles,**Basic settings** tab,View Channel name,Member,✅,https://developers.line.biz/en/docs/line-developers-console/managing-roles/
line-developers-console,line-developers-console/managing-roles,Managing roles,**Basic settings** tab,View Channel name,Tester,✅,https://developers.line.biz/en/docs/line-developers-console/managing-roles/
line-developers-console,line-developers-console/managing-roles,Managing roles,**Basic settings** tab,View Channel name,No role,❌,https://developers.line.biz/en/docs/line-developers-console/managing-roles/
line-developers-console,line-developers-console/managing-roles,Managing roles,**Basic settings** tab,Edit Channel name,Admin,✅,https://developers.line.biz/en/docs/line-developers-console/managing-roles/
line-developers-console,line-developers-console/managing-roles,Managing roles,**Basic settings** tab,Edit Channel name,Member,❌,https://developers.line.biz/en/docs/line-developers-console/managing-roles/
line-developers-console,line-developers-console/managing-roles,Managing roles,**Basic settings** tab,Edit Channel name,Tester,❌,https://developers.line.biz/en/docs/line-developers-console/managing-roles/
line-developers-console,line-developers-console/managing-roles,Managing roles,**Basic settings** tab,Edit Channel name,No role,❌,https://developers.line.biz/en/docs/line-developers-console/managing-roles/
line-developers-console,line-developers-console/managing-roles,Managing roles,**Basic settings** tab,View Channel description,Admin,✅,https://developers.line.biz/en/docs/line-developers-console/managing-roles/
line-developers-console,line-developers-console/managing-roles,Managing roles,**Basic settings** tab,View Channel description,Member,✅,https://developers.line.biz/en/docs/line-developers-console/managing-roles/
line-developers-console,line-developers-console/managing-roles,Managing roles,**Basic settings** tab,View Channel description,Tester,❌,https://developers.line.biz/en/docs/line-developers-console/managing-roles/
line-developers-console,line-developers-console/managing-roles,Managing roles,**Basic settings** tab,View Channel description,No role,❌,https://developers.line.biz/en/docs/line-developers-console/managing-roles/
line-developers-console,line-developers-console/managing-roles,Managing roles,**Basic settings** tab,Edit Channel description,Admin,✅,https://developers.line.biz/en/docs/line-developers-console/managing-roles/
line-developers-console,line-developers-console/managing-roles,Managing roles,**Basic settings** tab,Edit Channel description,Member,❌,https://developers.line.biz/en/docs/line-developers-console/managing-roles/
line-developers-console,line-developers-console/managing-roles,Managing roles,**Basic settings** tab,Edit Channel description,Tester,❌,https://developers.line.biz/en/docs/line-developers-console/managing-roles/
line-developers-console,line-developers-console/managing-roles,Managing roles,**Basic settings** tab,Edit Channel description,No role,❌,https://developers.line.biz/en/docs/line-developers-console/managing-roles/
line-developers-console,line-developers-console/managing-roles,Managing roles,**Basic settings** tab,View or edit Email address,Admin,✅,https://developers.line.biz/en/docs/line-developers-console/managing-roles/
line-developers-console,line-developers-console/managing-roles,Managing roles,**Basic settings** tab,View or edit Email address,Member,❌,https://developers.line.biz/en/docs/line-developers-console/managing-roles/
line-developers-console,line-developers-console/managing-roles,Managing roles,**Basic settings** tab,View or edit Email address,Tester,❌,https://developers.line.biz/en/docs/line-developers-console/managing-roles/
line-developers-console,line-developers-console/managing-roles,Managing roles,**Basic settings** tab,View or edit Email address,No role,❌,https://developers.line.biz/en/docs/line-developers-console/managing-roles/
line-developers-console,line-developers-console/managing-roles,Managing roles,**Basic settings** tab,View Privacy policy URL,Admin,✅,https://developers.line.biz/en/docs/line-developers-console/managing-roles/
line-developers-console,line-developers-console/managing-roles,Managing roles,**Basic settings** tab,View Privacy policy URL,Member,✅,https://developers.line.biz/en/docs/line-developers-console/managing-roles/
line-developers-console,line-developers-console/managing-roles,Managing roles,**Basic settings** tab,View Privacy policy URL,Tester,❌,https://developers.line.biz/en/docs/line-developers-console/managing-roles/
line-developers-console,line-developers-console/managing-roles,Managing roles,**Basic settings** tab,View Privacy policy URL,No role,❌,https://developers.line.biz/en/docs/line-developers-console/managing-roles/
line-developers-console,line-developers-console/managing-roles,Managing roles,**Basic settings** tab,Edit Privacy policy URL,Admin,✅,https://developers.line.biz/en/docs/line-developers-console/managing-roles/
line-developers-console,line-developers-console/managing-roles,Managing roles,**Basic settings** tab,Edit Privacy policy URL,Member,❌,https://developers.line.biz/en/docs/line-developers-console/managing-roles/
line-developers-console,line-developers-console/managing-roles,Managing roles,**Basic settings** tab,Edit Privacy policy URL,Tester,❌,https://developers.line.biz/en/docs/line-developers-console/managing-roles/
line-developers-console,line-developers-console/managing-roles,Managing roles,**Basic settings** tab,Edit Privacy policy URL,No role,❌,https://developers.line.biz/en/docs/line-developers-console/managing-roles/
line-developers-console,line-developers-console/managing-roles,Managing roles,**Basic settings** tab,View Terms of use URL,Admin,✅,https://developers.line.biz/en/docs/line-developers-console/managing-roles/
line-developers-console,line-developers-console/managing-roles,Managing roles,**Basic settings** tab,View Terms of use URL,Member,✅,https://developers.line.biz/en/docs/line-developers-console/managing-roles/
line-developers-console,line-developers-console/managing-roles,Managing roles,**Basic settings** tab,View Terms of use URL,Tester,❌,https://developers.line.biz/en/docs/line-developers-console/managing-roles/
line-developers-console,line-developers-console/managing-roles,Managing roles,**Basic settings** tab,View Terms of use URL,No role,❌,https://developers.line.biz/en/docs/line-developers-console/managing-roles/
line-developers-console,line-developers-console/managing-roles,Managing roles,**Basic settings** tab,Edit Terms of use URL,Admin,✅,https://developers.line.biz/en/docs/line-developers-console/managing-roles/
line-developers-console,line-developers-console/managing-roles,Managing roles,**Basic settings** tab,Edit Terms of use URL,Member,❌,https://developers.line.biz/en/docs/line-developers-console/managing-roles/
line-developers-console,line-developers-console/managing-roles,Managing roles,**Basic settings** tab,Edit Terms of use URL,Tester,❌,https://developers.line.biz/en/docs/line-developers-console/managing-roles/
line-developers-console,line-developers-console/managing-roles,Managing roles,**Basic settings** tab,Edit Terms of use URL,No role,❌,https://developers.line.biz/en/docs/line-developers-console/managing-roles/
line-developers-console,line-developers-console/managing-roles,Managing roles,**Basic settings** tab,View App types,Admin,✅,https://developers.line.biz/en/docs/line-developers-console/managing-roles/
line-developers-console,line-developers-console/managing-roles,Managing roles,**Basic settings** tab,View App types,Member,❌,https://developers.line.biz/en/docs/line-developers-console/managing-roles/
line-developers-console,line-developers-console/managing-roles,Managing roles,**Basic settings** tab,View App types,Tester,❌,https://developers.line.biz/en/docs/line-developers-console/managing-roles/
line-developers-console,line-developers-console/managing-roles,Managing roles,**Basic settings** tab,View App types,No role,❌,https://developers.line.biz/en/docs/line-developers-console/managing-roles/
line-developers-console,line-developers-console/managing-roles,Managing roles,**Basic settings** tab,View Permissions,Admin,✅,https://developers.line.biz/en/docs/line-developers-console/managing-roles/
line-developers-console,line-developers-console/managing-roles,Managing roles,**Basic settings** tab,View Permissions,Member,❌,https://developers.line.biz/en/docs/line-developers-console/managing-roles/
line-developers-console,line-developers-console/managing-roles,Managing roles,**Basic settings** tab,View Permissions,Tester,❌,https://developers.line.biz/en/docs/line-developers-console/managing-roles/
line-developers-console,line-developers-console/managing-roles,Managing roles,**Basic settings** tab,View Permissions,No role,❌,https://developers.line.biz/en/docs/line-developers-console/managing-roles/
line-developers-console,line-developers-console/managing-roles,Managing roles,**Basic settings** tab,View Channel secret,Admin,✅,https://developers.line.biz/en/docs/line-developers-console/managing-roles/
line-developers-console,line-developers-console/managing-roles,Managing roles,**Basic settings** tab,View Channel secret,Member,❌,https://developers.line.biz/en/docs/line-developers-console/managing-roles/
line-developers-console,line-developers-console/managing-roles,Managing roles,**Basic settings** tab,View Channel secret,Tester,❌,https://developers.line.biz/en/docs/line-developers-console/managing-roles/
line-developers-console,line-developers-console/managing-roles,Managing roles,**Basic settings** tab,View Channel secret,No role,❌,https://developers.line.biz/en/docs/line-developers-console/managing-roles/
line-developers-console,line-developers-console/managing-roles,Managing roles,**Basic settings** tab,View or edit Assertion Signing Key,Admin,✅,https://developers.line.biz/en/docs/line-developers-console/managing-roles/
line-developers-console,line-developers-console/managing-roles,Managing roles,**Basic settings** tab,View or edit Assertion Signing Key,Member,❌,https://developers.line.biz/en/docs/line-developers-console/managing-roles/
line-developers-console,line-developers-console/managing-roles,Managing roles,**Basic settings** tab,View or edit Assertion Signing Key,Tester,❌,https://developers.line.biz/en/docs/line-developers-console/managing-roles/
line-developers-console,line-developers-console/managing-roles,Managing roles,**Basic settings** tab,View or edit Assertion Signing Key,No role,❌,https://developers.line.biz/en/docs/line-developers-console/managing-roles/
line-developers-console,line-developers-console/managing-roles,Managing roles,**Basic settings** tab,View Your user ID \*2,Admin,✅,https://developers.line.biz/en/docs/line-developers-console/managing-roles/
line-developers-console,line-developers-console/managing-roles,Managing roles,**Basic settings** tab,View Your user ID \*2,Member,✅,https://developers.line.biz/en/docs/line-developers-console/managing-roles/
line-developers-console,line-developers-console/managing-roles,Managing roles,**Basic settings** tab,View Your user ID \*2,Tester,✅,https://developers.line.biz/en/docs/line-developers-console/managing-roles/
line-developers-console,line-developers-console/managing-roles,Managing roles,**Basic settings** tab,View Your user ID \*2,No role,❌,https://developers.line.biz/en/docs/line-developers-console/managing-roles/
line-developers-console,line-developers-console/managing-roles,Managing roles,**Basic settings** tab,View or edit Require two-factor authentication \*3,Admin,✅,https://developers.line.biz/en/docs/line-developers-console/managing-roles/
line-developers-console,line-developers-console/managing-roles,Managing roles,**Basic settings** tab,View or edit Require two-factor authentication \*3,Member,❌,https://developers.line.biz/en/docs/line-developers-console/managing-roles/
line-developers-console,line-developers-console/managing-roles,Managing roles,**Basic settings** tab,View or edit Require two-factor authentication \*3,Tester,❌,https://developers.line.biz/en/docs/line-developers-console/managing-roles/
line-developers-console,line-developers-console/managing-roles,Managing roles,**Basic settings** tab,View or edit Require two-factor authentication \*3,No role,❌,https://developers.line.biz/en/docs/line-developers-console/managing-roles/
line-developers-console,line-developers-console/managing-roles,Managing roles,**Basic settings** tab,View or edit Localization (multi-language support) \*1,Admin,✅,https://developers.line.biz/en/docs/line-developers-console/managing-roles/
line-developers-console,line-developers-console/managing-roles,Managing roles,**Basic settings** tab,View or edit Localization (multi-language support) \*1,Member,❌,https://developers.line.biz/en/docs/line-developers-console/managing-roles/
line-developers-console,line-developers-console/managing-roles,Managing roles,**Basic settings** tab,View or edit Localization (multi-language support) \*1,Tester,❌,https://developers.line.biz/en/docs/line-developers-console/managing-roles/
line-developers-console,line-developers-console/managing-roles,Managing roles,**Basic settings** tab,View or edit Localization (multi-language support) \*1,No role,❌,https://developers.line.biz/en/docs/line-developers-console/managing-roles/
line-developers-console,line-developers-console/managing-roles,Managing roles,**Basic settings** tab,View or edit Linked LINE Official Account \*1,Admin,✅,https://developers.line.biz/en/docs/line-developers-console/managing-roles/
line-developers-console,line-developers-console/managing-roles,Managing roles,**Basic settings** tab,View or edit Linked LINE Official Account \*1,Member,❌,https://developers.line.biz/en/docs/line-developers-console/managing-roles/
line-developers-console,line-developers-console/managing-roles,Managing roles,**Basic settings** tab,View or edit Linked LINE Official Account \*1,Tester,❌,https://developers.line.biz/en/docs/line-developers-console/managing-roles/
line-developers-console,line-developers-console/managing-roles,Managing roles,**Basic settings** tab,View or edit Linked LINE Official Account \*1,No role,❌,https://developers.line.biz/en/docs/line-developers-console/managing-roles/
line-developers-console,line-developers-console/managing-roles,Managing roles,**Basic settings** tab,View or edit Email address permission \*1,Admin,✅,https://developers.line.biz/en/docs/line-developers-console/managing-roles/
line-developers-console,line-developers-console/managing-roles,Managing roles,**Basic settings** tab,View or edit Email address permission \*1,Member,❌,https://developers.line.biz/en/docs/line-developers-console/managing-roles/
line-developers-console,line-developers-console/managing-roles,Managing roles,**Basic settings** tab,View or edit Email address permission \*1,Tester,❌,https://developers.line.biz/en/docs/line-developers-console/managing-roles/
line-developers-console,line-developers-console/managing-roles,Managing roles,**Basic settings** tab,View or edit Email address permission \*1,No role,❌,https://developers.line.biz/en/docs/line-developers-console/managing-roles/
line-developers-console,line-developers-console/managing-roles,Managing roles,**Basic settings** tab,Perform Delete this channel \*4,Admin,✅,https://developers.line.biz/en/docs/line-developers-console/managing-roles/
line-developers-console,line-developers-console/managing-roles,Managing roles,**Basic settings** tab,Perform Delete this channel \*4,Member,❌,https://developers.line.biz/en/docs/line-developers-console/managing-roles/
line-developers-console,line-developers-console/managing-roles,Managing roles,**Basic settings** tab,Perform Delete this channel \*4,Tester,❌,https://developers.line.biz/en/docs/line-developers-console/managing-roles/
line-developers-console,line-developers-console/managing-roles,Managing roles,**Basic settings** tab,Perform Delete this channel \*4,No role,❌,https://developers.line.biz/en/docs/line-developers-console/managing-roles/
line-developers-console,line-developers-console/managing-roles,Managing roles,**Basic settings** tab,Perform Leave channel,Admin,❌,https://developers.line.biz/en/docs/line-developers-console/managing-roles/
line-developers-console,line-developers-console/managing-roles,Managing roles,**Basic settings** tab,Perform Leave channel,Member,✅,https://developers.line.biz/en/docs/line-developers-console/managing-roles/
line-developers-console,line-developers-console/managing-roles,Managing roles,**Basic settings** tab,Perform Leave channel,Tester,✅,https://developers.line.biz/en/docs/line-developers-console/managing-roles/
line-developers-console,line-developers-console/managing-roles,Managing roles,**Basic settings** tab,Perform Leave channel,No role,❌,https://developers.line.biz/en/docs/line-developers-console/managing-roles/
line-developers-console,line-developers-console/managing-roles,Managing roles,**Roles** tab,View or edit Roles tab,Admin,✅,https://developers.line.biz/en/docs/line-developers-console/managing-roles/
line-developers-console,line-developers-console/managing-roles,Managing roles,**Roles** tab,View or edit Roles tab,Member,❌,https://developers.line.biz/en/docs/line-developers-console/managing-roles/
line-developers-console,line-developers-console/managing-roles,Managing roles,**Roles** tab,View or edit Roles tab,Tester,❌,https://developers.line.biz/en/docs/line-developers-console/managing-roles/
line-developers-console,line-developers-console/managing-roles,Managing roles,**Roles** tab,View or edit Roles tab,No role,❌,https://developers.line.biz/en/docs/line-developers-console/managing-roles/
line-developers-console,line-developers-console/managing-roles,Managing roles,"Test on a channel set to ""Developing""",✅,Member,❌,https://developers.line.biz/en/docs/line-developers-console/managing-roles/
line-developers-console,line-developers-console/managing-roles,Managing roles,"Test on a channel set to ""Developing""",✅,Tester,✅,https://developers.line.biz/en/docs/line-developers-console/managing-roles/
line-developers-console,line-developers-console/managing-roles,Managing roles,"Test on a channel set to ""Developing""",✅,No role,❌,https://developers.line.biz/en/docs/line-developers-console/managing-roles/
line-developers-console,line-developers-console/managing-roles,Managing roles,LINE Login channel,View or edit LINE Login tab,Admin,✅,https://developers.line.biz/en/docs/line-developers-console/managing-roles/
line-developers-console,line-developers-console/managing-roles,Managing roles,LINE Login channel,View or edit LINE Login tab,Member,❌,https://developers.line.biz/en/docs/line-developers-console/managing-roles/
line-developers-console,line-developers-console/managing-roles,Managing roles,LINE Login channel,View or edit LINE Login tab,Tester,❌,https://developers.line.biz/en/docs/line-developers-console/managing-roles/
line-developers-console,line-developers-console/managing-roles,Managing roles,LINE Login channel,View or edit LINE Login tab,No role,❌,https://developers.line.biz/en/docs/line-developers-console/managing-roles/
line-developers-console,line-developers-console/managing-roles,Managing roles,LINE Login channel,View or edit LIFF tab,Admin,✅,https://developers.line.biz/en/docs/line-developers-console/managing-roles/
line-developers-console,line-developers-console/managing-roles,Managing roles,LINE Login channel,View or edit LIFF tab,Member,❌,https://developers.line.biz/en/docs/line-developers-console/managing-roles/
line-developers-console,line-developers-console/managing-roles,Managing roles,LINE Login channel,View or edit LIFF tab,Tester,❌,https://developers.line.biz/en/docs/line-developers-console/managing-roles/
line-developers-console,line-developers-console/managing-roles,Managing roles,LINE Login channel,View or edit LIFF tab,No role,❌,https://developers.line.biz/en/docs/line-developers-console/managing-roles/
line-developers-console,line-developers-console/managing-roles,Managing roles,Messaging API channel,View or edit Messaging API tab,Admin,✅,https://developers.line.biz/en/docs/line-developers-console/managing-roles/
line-developers-console,line-developers-console/managing-roles,Managing roles,Messaging API channel,View or edit Messaging API tab,Member,❌,https://developers.line.biz/en/docs/line-developers-console/managing-roles/
line-developers-console,line-developers-console/managing-roles,Managing roles,Messaging API channel,View or edit Messaging API tab,Tester,❌,https://developers.line.biz/en/docs/line-developers-console/managing-roles/
line-developers-console,line-developers-console/managing-roles,Managing roles,Messaging API channel,View or edit Messaging API tab,No role,❌,https://developers.line.biz/en/docs/line-developers-console/managing-roles/
line-developers-console,line-developers-console/managing-roles,Managing roles,Messaging API channel,View LIFF tab,Admin,✅,https://developers.line.biz/en/docs/line-developers-console/managing-roles/
line-developers-console,line-developers-console/managing-roles,Managing roles,Messaging API channel,View LIFF tab,Member,❌,https://developers.line.biz/en/docs/line-developers-console/managing-roles/
line-developers-console,line-developers-console/managing-roles,Managing roles,Messaging API channel,View LIFF tab,Tester,❌,https://developers.line.biz/en/docs/line-developers-console/managing-roles/
line-developers-console,line-developers-console/managing-roles,Managing roles,Messaging API channel,View LIFF tab,No role,❌,https://developers.line.biz/en/docs/line-developers-console/managing-roles/
line-developers-console,line-developers-console/managing-roles,Managing roles,Messaging API channel,View or edit Security tab,Admin,✅,https://developers.line.biz/en/docs/line-developers-console/managing-roles/
line-developers-console,line-developers-console/managing-roles,Managing roles,Messaging API channel,View or edit Security tab,Member,❌,https://developers.line.biz/en/docs/line-developers-console/managing-roles/
line-developers-console,line-developers-console/managing-roles,Managing roles,Messaging API channel,View or edit Security tab,Tester,❌,https://developers.line.biz/en/docs/line-developers-console/managing-roles/
line-developers-console,line-developers-console/managing-roles,Managing roles,Messaging API channel,View or edit Security tab,No role,❌,https://developers.line.biz/en/docs/line-developers-console/managing-roles/
line-developers-console,line-developers-console/managing-roles,Managing roles,Messaging API channel,View Webhook errors tab \*1,Admin,✅,https://developers.line.biz/en/docs/line-developers-console/managing-roles/
line-developers-console,line-developers-console/managing-roles,Managing roles,Messaging API channel,View Webhook errors tab \*1,Member,✅,https://developers.line.biz/en/docs/line-developers-console/managing-roles/
line-developers-console,line-developers-console/managing-roles,Managing roles,Messaging API channel,View Webhook errors tab \*1,Tester,❌,https://developers.line.biz/en/docs/line-developers-console/managing-roles/
line-developers-console,line-developers-console/managing-roles,Managing roles,Messaging API channel,View Webhook errors tab \*1,No role,❌,https://developers.line.biz/en/docs/line-developers-console/managing-roles/
line-developers-console,line-developers-console/managing-roles,Managing roles,Messaging API channel,View QR code \*2,Admin,✅,https://developers.line.biz/en/docs/line-developers-console/managing-roles/
line-developers-console,line-developers-console/managing-roles,Managing roles,Messaging API channel,View QR code \*2,Member,✅,https://developers.line.biz/en/docs/line-developers-console/managing-roles/
line-developers-console,line-developers-console/managing-roles,Managing roles,Messaging API channel,View QR code \*2,Tester,✅,https://developers.line.biz/en/docs/line-developers-console/managing-roles/
line-developers-console,line-developers-console/managing-roles,Managing roles,Messaging API channel,View QR code \*2,No role,❌,https://developers.line.biz/en/docs/line-developers-console/managing-roles/
line-developers-console,line-developers-console/managing-roles,Managing roles,LINE MINI App channel,View or edit Web app settings tab,Admin,✅,https://developers.line.biz/en/docs/line-developers-console/managing-roles/
line-developers-console,line-developers-console/managing-roles,Managing roles,LINE MINI App channel,View or edit Web app settings tab,Tester,❌,https://developers.line.biz/en/docs/line-developers-console/managing-roles/
line-developers-console,line-developers-console/managing-roles,Managing roles,LINE MINI App channel,View or edit Web app settings tab,No role,❌,https://developers.line.biz/en/docs/line-developers-console/managing-roles/
line-developers-console,line-developers-console/managing-roles,Managing roles,LINE MINI App channel,View or edit Review request tab,Admin,✅,https://developers.line.biz/en/docs/line-developers-console/managing-roles/
line-developers-console,line-developers-console/managing-roles,Managing roles,LINE MINI App channel,View or edit Review request tab,Tester,❌,https://developers.line.biz/en/docs/line-developers-console/managing-roles/
line-developers-console,line-developers-console/managing-roles,Managing roles,LINE MINI App channel,View or edit Review request tab,No role,❌,https://developers.line.biz/en/docs/line-developers-console/managing-roles/
line-developers-console,line-developers-console/managing-roles,Managing roles,LINE MINI App channel,View or edit Business information tab,Admin,✅,https://developers.line.biz/en/docs/line-developers-console/managing-roles/
line-developers-console,line-developers-console/managing-roles,Managing roles,LINE MINI App channel,View or edit Business information tab,Tester,❌,https://developers.line.biz/en/docs/line-developers-console/managing-roles/
line-developers-console,line-developers-console/managing-roles,Managing roles,LINE MINI App channel,View or edit Business information tab,No role,❌,https://developers.line.biz/en/docs/line-developers-console/managing-roles/
line-developers-console,line-developers-console/managing-roles,Managing roles,LINE MINI App channel,View or edit Contact information tab,Admin,✅,https://developers.line.biz/en/docs/line-developers-console/managing-roles/
line-developers-console,line-developers-console/managing-roles,Managing roles,LINE MINI App channel,View or edit Contact information tab,Tester,❌,https://developers.line.biz/en/docs/line-developers-console/managing-roles/
line-developers-console,line-developers-console/managing-roles,Managing roles,LINE MINI App channel,View or edit Contact information tab,No role,❌,https://developers.line.biz/en/docs/line-developers-console/managing-roles/
line-developers-console,line-developers-console/managing-roles,Managing roles,LINE MINI App channel,View or edit Service message template tab,Admin,✅,https://developers.line.biz/en/docs/line-developers-console/managing-roles/
line-developers-console,line-developers-console/managing-roles,Managing roles,LINE MINI App channel,View or edit Service message template tab,Tester,❌,https://developers.line.biz/en/docs/line-developers-console/managing-roles/
line-developers-console,line-developers-console/managing-roles,Managing roles,LINE MINI App channel,View or edit Service message template tab,No role,❌,https://developers.line.biz/en/docs/line-developers-console/managing-roles/
line-developers-console,line-developers-console/managing-roles,Managing roles,LINE MINI App channel,View or edit Business Manager link tab,Admin,✅,https://developers.line.biz/en/docs/line-developers-console/managing-roles/
line-developers-console,line-developers-console/managing-roles,Managing roles,LINE MINI App channel,View or edit Business Manager link tab,Tester,❌,https://developers.line.biz/en/docs/line-developers-console/managing-roles/
line-developers-console,line-developers-console/managing-roles,Managing roles,LINE MINI App channel,View or edit Business Manager link tab,No role,❌,https://developers.line.biz/en/docs/line-developers-console/managing-roles/
line-developers-console,line-developers-console/managing-roles,Managing roles,LINE MINI App channel,View or edit In-app purchase tab,Admin,✅,https://developers.line.biz/en/docs/line-developers-console/managing-roles/
line-developers-console,line-developers-console/managing-roles,Managing roles,LINE MINI App channel,View or edit In-app purchase tab,Tester,❌,https://developers.line.biz/en/docs/line-developers-console/managing-roles/
line-developers-console,line-developers-console/managing-roles,Managing roles,LINE MINI App channel,View or edit In-app purchase tab,No role,❌,https://developers.line.biz/en/docs/line-developers-console/managing-roles/
line-developers-console,line-developers-console/managing-roles,Managing roles,LINE MINI App channel,View LIFF URL \*,Admin,✅,https://developers.line.biz/en/docs/line-developers-console/managing-roles/
line-developers-console,line-developers-console/managing-roles,Managing roles,LINE MINI App channel,View LIFF URL \*,Tester,✅,https://developers.line.biz/en/docs/line-developers-console/managing-roles/
line-developers-console,line-developers-console/managing-roles,Managing roles,LINE MINI App channel,View LIFF URL \*,No role,❌,https://developers.line.biz/en/docs/line-developers-console/managing-roles/
line-developers-console,line-developers-console/managing-roles,Managing roles,"Adding developers, editing roles, and deleting developers on channel",Edit,Steps,Click Edit and select a role from the dropdown list.,https://developers.line.biz/en/docs/line-developers-console/managing-roles/
line-developers-console,line-developers-console/managing-roles,Managing roles,"Adding developers, editing roles, and deleting developers on channel",Delete,Steps,Select the checkbox next to a member's name and click Delete selected.,https://developers.line.biz/en/docs/line-developers-console/managing-roles/
line-developers-console,line-developers-console/notification,Receive notifications via email or the notification center,Types of notifications that can be received,Important announcements,Overview,Important announcements regarding the LINE Platform,https://developers.line.biz/en/docs/line-developers-console/notification/
line-developers-console,line-developers-console/notification,Receive notifications via email or the notification center,Types of notifications that can be received,Activity,Overview,Your activities on the LINE Developers Console,https://developers.line.biz/en/docs/line-developers-console/notification/
line-developers-console,line-developers-console/notification,Receive notifications via email or the notification center,Types of notifications that can be received,News,Overview,Announcements from the LINE Developers site,https://developers.line.biz/en/docs/line-developers-console/notification/
line-developers-console,line-developers-console/notification,Receive notifications via email or the notification center,Types of notifications that can be received,Channel activity,Overview,Activities related to channels that you have the admin role,https://developers.line.biz/en/docs/line-developers-console/notification/
line-developers-console,line-developers-console/notification,Receive notifications via email or the notification center,Types of notifications that can be received,Provider activity,Overview,Activities related to providers that you have the admin role,https://developers.line.biz/en/docs/line-developers-console/notification/
line-developers-console,line-developers-console/notification,Receive notifications via email or the notification center,Activity,Operations related to the providers,Activity detail,Create a provider Delete a provider Send an invitation email to join a provider Grant a provider role to your developer account,https://developers.line.biz/en/docs/line-developers-console/notification/
line-developers-console,line-developers-console/notification,Receive notifications via email or the notification center,Activity,Operations related to the channels,Activity detail,Create a channel Delete a channel Send an invitation email to join a channel Grant a channel role to your developer account,https://developers.line.biz/en/docs/line-developers-console/notification/
line-developers-console,line-developers-console/notification,Receive notifications via email or the notification center,Channel activity,Channels in general,Activity detail,Delete a channel Add a new member to a channel,https://developers.line.biz/en/docs/line-developers-console/notification/
line-developers-console,line-developers-console/overview,LINE Developers Console overview,The number of providers that can be created,LINE Developers Console restrictions,Description,Each developer can create up to 10 providers. The 11th provider can't be created.,https://developers.line.biz/en/docs/line-developers-console/overview/
line-developers-console,line-developers-console/overview,LINE Developers Console overview,Creating a channel,LINE Login,Description,You can use LINE Account credentials to authenticate users of the service you develop.,https://developers.line.biz/en/docs/line-developers-console/overview/
line-developers-console,line-developers-console/overview,LINE Developers Console overview,Creating a channel,Blockchain Service,Description,You can provide a service that uses blockchain service.,https://developers.line.biz/en/docs/line-developers-console/overview/
line-developers-console,line-developers-console/overview,LINE Developers Console overview,Creating a channel,LINE MINI App,Description,You can provide a service through a LINE MINI App without developing a native app.,https://developers.line.biz/en/docs/line-developers-console/overview/
line-developers-console,line-developers-console/overview,LINE Developers Console overview,The number of channels that can be created,LINE Developers Console restrictions,Description,"Developers can own a maximum of 100 channels with an Admin role under one provider, regardless of the channel type.",https://developers.line.biz/en/docs/line-developers-console/overview/
line-developers-console,line-developers-console/overview,LINE Developers Console overview,The number of channels that can be created,LINE Official Account Manager restrictions,Description,Developers can own a maximum of 100 LINE Official Accounts for each account logged in to the LINE Official Account Manager.,https://developers.line.biz/en/docs/line-developers-console/overview/
line-login,line-login/development-guidelines,LINE Login development guidelines,Time logs for LINE Login API request,8d48c8577e739b9c,Time when API request was made,"Mon, 16 Jul 2021 10:20:22 GMT",https://developers.line.biz/en/docs/line-login/development-guidelines/
line-login,line-login/development-guidelines,LINE Login development guidelines,Time logs for LINE Login API request,8d48c8577e739b9c,Request method,POST,https://developers.line.biz/en/docs/line-login/development-guidelines/
line-login,line-login/development-guidelines,LINE Login development guidelines,Time logs for LINE Login API request,8d48c8577e739b9c,API endpoint,https://api.line.me/oauth2/v2.1/token,https://developers.line.biz/en/docs/line-login/development-guidelines/
line-login,line-login/development-guidelines,LINE Login development guidelines,Time logs for LINE Login API request,8d48c8577e739b9c,Status code,200,https://developers.line.biz/en/docs/line-login/development-guidelines/
line-login,line-login/getting-started,Getting started with LINE Login,Before you begin,Heroku account,Description,Heroku is a service that offers hosting for web apps. Deploying the starter app to Heroku means you don't need your own server.,https://developers.line.biz/en/docs/line-login/getting-started/
line-login,line-login/getting-started,Getting started with LINE Login,Before you begin,Heroku CLI,Description,The Heroku Command Line Interface (CLI) is necessary for using certain Heroku functions.,https://developers.line.biz/en/docs/line-login/getting-started/
line-login,line-login/getting-started,Getting started with LINE Login,Step 1: Create your LINE Login channel,Channel type,Required?,✅,https://developers.line.biz/en/docs/line-login/getting-started/
line-login,line-login/getting-started,Getting started with LINE Login,Step 1: Create your LINE Login channel,Channel type,Description,The channel type. Select LINE Login to create your LINE Login Channel.,https://developers.line.biz/en/docs/line-login/getting-started/
line-login,line-login/getting-started,Getting started with LINE Login,Step 1: Create your LINE Login channel,Provider,Required?,✅,https://developers.line.biz/en/docs/line-login/getting-started/
line-login,line-login/getting-started,Getting started with LINE Login,Step 1: Create your LINE Login channel,Provider,Description,The channel's provider,https://developers.line.biz/en/docs/line-login/getting-started/
line-login,line-login/getting-started,Getting started with LINE Login,Step 1: Create your LINE Login channel,Provider,Location displayed to users,Permission consent screen when launching LINE Login or LIFF App,https://developers.line.biz/en/docs/line-login/getting-started/
line-login,line-login/getting-started,Getting started with LINE Login,Step 1: Create your LINE Login channel,Region to provide the service,Required?,✅,https://developers.line.biz/en/docs/line-login/getting-started/
line-login,line-login/getting-started,Getting started with LINE Login,Step 1: Create your LINE Login channel,Company or owner's country or region,Required?,✅,https://developers.line.biz/en/docs/line-login/getting-started/
line-login,line-login/getting-started,Getting started with LINE Login,Step 1: Create your LINE Login channel,Company or owner's country or region,Description,Country or region of the company or owner that manage the channel,https://developers.line.biz/en/docs/line-login/getting-started/
line-login,line-login/getting-started,Getting started with LINE Login,Step 1: Create your LINE Login channel,Company or owner's country or region,Location displayed to users,Permission consent screen when launching LINE Login or LIFF App,https://developers.line.biz/en/docs/line-login/getting-started/
line-login,line-login/getting-started,Getting started with LINE Login,Step 1: Create your LINE Login channel,Channel icon,Required?,❌,https://developers.line.biz/en/docs/line-login/getting-started/
line-login,line-login/getting-started,Getting started with LINE Login,Step 1: Create your LINE Login channel,Channel icon,Description,The channel's icon,https://developers.line.biz/en/docs/line-login/getting-started/
line-login,line-login/getting-started,Getting started with LINE Login,Step 1: Create your LINE Login channel,Channel icon,Location displayed to users,Permission consent screen when launching LINE Login or LIFF App,https://developers.line.biz/en/docs/line-login/getting-started/
line-login,line-login/getting-started,Getting started with LINE Login,Step 1: Create your LINE Login channel,Channel name,Required?,✅,https://developers.line.biz/en/docs/line-login/getting-started/
line-login,line-login/getting-started,Getting started with LINE Login,Step 1: Create your LINE Login channel,Channel name,Description,"The channel's name \*Channel name can't contain ""LINE"" or similar strings.",https://developers.line.biz/en/docs/line-login/getting-started/
line-login,line-login/getting-started,Getting started with LINE Login,Step 1: Create your LINE Login channel,Channel name,Location displayed to users,Permission consent screen when launching LINE Login or LIFF App,https://developers.line.biz/en/docs/line-login/getting-started/
line-login,line-login/getting-started,Getting started with LINE Login,Step 1: Create your LINE Login channel,Channel description,Required?,✅,https://developers.line.biz/en/docs/line-login/getting-started/
line-login,line-login/getting-started,Getting started with LINE Login,Step 1: Create your LINE Login channel,Channel description,Description,The channel's description,https://developers.line.biz/en/docs/line-login/getting-started/
line-login,line-login/getting-started,Getting started with LINE Login,Step 1: Create your LINE Login channel,Channel description,Location displayed to users,Permission consent screen when launching LINE Login or LIFF App,https://developers.line.biz/en/docs/line-login/getting-started/
line-login,line-login/getting-started,Getting started with LINE Login,Step 1: Create your LINE Login channel,App types,Required?,✅,https://developers.line.biz/en/docs/line-login/getting-started/
line-login,line-login/getting-started,Getting started with LINE Login,Step 1: Create your LINE Login channel,App types,Description,"The type of app you plan to integrate LINE Login with. One of: Web app Mobile app \*In the example of deploying a starter app, select Web app.",https://developers.line.biz/en/docs/line-login/getting-started/
line-login,line-login/getting-started,Getting started with LINE Login,Step 1: Create your LINE Login channel,Email address,Required?,✅,https://developers.line.biz/en/docs/line-login/getting-started/
line-login,line-login/getting-started,Getting started with LINE Login,Step 1: Create your LINE Login channel,Email address,Description,Email address to receive important updates about the channel,https://developers.line.biz/en/docs/line-login/getting-started/
line-login,line-login/getting-started,Getting started with LINE Login,Step 1: Create your LINE Login channel,Privacy policy URL,Required?,See description,https://developers.line.biz/en/docs/line-login/getting-started/
line-login,line-login/getting-started,Getting started with LINE Login,Step 1: Create your LINE Login channel,Privacy policy URL,Description,The URL of the app's privacy policy. Required if your provider is a certified provider.,https://developers.line.biz/en/docs/line-login/getting-started/
line-login,line-login/getting-started,Getting started with LINE Login,Step 1: Create your LINE Login channel,Privacy policy URL,Location displayed to users,Permission consent screen when launching LINE Login or LIFF App,https://developers.line.biz/en/docs/line-login/getting-started/
line-login,line-login/getting-started,Getting started with LINE Login,Step 1: Create your LINE Login channel,Terms of use URL,Required?,❌,https://developers.line.biz/en/docs/line-login/getting-started/
line-login,line-login/getting-started,Getting started with LINE Login,Step 1: Create your LINE Login channel,Terms of use URL,Description,The URL of the app's terms of use,https://developers.line.biz/en/docs/line-login/getting-started/
line-login,line-login/getting-started,Getting started with LINE Login,Step 1: Create your LINE Login channel,Terms of use URL,Location displayed to users,Permission consent screen when launching LINE Login or LIFF App,https://developers.line.biz/en/docs/line-login/getting-started/
line-login,line-login/getting-started,Getting started with LINE Login,Step 1: Create your LINE Login channel,LINE Developers Agreement,Required?,✅,https://developers.line.biz/en/docs/line-login/getting-started/
line-login,line-login/getting-started,Getting started with LINE Login,Step 1: Create your LINE Login channel,LINE Developers Agreement,Description,Read and agree to the LINE Developers Agreement.,https://developers.line.biz/en/docs/line-login/getting-started/
line-login,line-login/getting-started,Getting started with LINE Login,Step 1: Create your LINE Login channel,LY Corporation Privacy Policy,Required?,See description,https://developers.line.biz/en/docs/line-login/getting-started/
line-login,line-login/getting-started,Getting started with LINE Login,Step 1: Create your LINE Login channel,LY Corporation Privacy Policy,Description,Required only if you've selected Thailand as Region to provide the service. Read and acknowledge LY Corporation Privacy Policy.,https://developers.line.biz/en/docs/line-login/getting-started/
line-login,line-login/getting-started,Getting started with LINE Login,LINE Login's basic settings,Channel ID,Description,Unique identifier for the channel,https://developers.line.biz/en/docs/line-login/getting-started/
line-login,line-login/getting-started,Getting started with LINE Login,LINE Login's basic settings,Region to provide the service,Description,The region you want to provide your LINE Login service. You can only set the region when creating a new channel.,https://developers.line.biz/en/docs/line-login/getting-started/
line-login,line-login/getting-started,Getting started with LINE Login,LINE Login's basic settings,Company or owner's country or region,Description,Country or region of the company or owner that manage the channel,https://developers.line.biz/en/docs/line-login/getting-started/
line-login,line-login/getting-started,Getting started with LINE Login,LINE Login's basic settings,Channel icon,Description,The channel's icon,https://developers.line.biz/en/docs/line-login/getting-started/
line-login,line-login/getting-started,Getting started with LINE Login,LINE Login's basic settings,Channel name,Description,The channel's name,https://developers.line.biz/en/docs/line-login/getting-started/
line-login,line-login/getting-started,Getting started with LINE Login,LINE Login's basic settings,Channel description,Description,The channel's description,https://developers.line.biz/en/docs/line-login/getting-started/
line-login,line-login/getting-started,Getting started with LINE Login,LINE Login's basic settings,Email address,Description,Email address to receive important updates about the channel,https://developers.line.biz/en/docs/line-login/getting-started/
line-login,line-login/getting-started,Getting started with LINE Login,LINE Login's basic settings,Privacy policy URL,Description,The URL of the app's privacy policy,https://developers.line.biz/en/docs/line-login/getting-started/
line-login,line-login/getting-started,Getting started with LINE Login,LINE Login's basic settings,Terms of use URL,Description,The URL of the app's terms of use,https://developers.line.biz/en/docs/line-login/getting-started/
line-login,line-login/getting-started,Getting started with LINE Login,LINE Login's basic settings,App types,Description,The type of app you plan to integrate LINE Login with,https://developers.line.biz/en/docs/line-login/getting-started/
line-login,line-login/getting-started,Getting started with LINE Login,LINE Login's basic settings,Permissions,Description,The type of user data this channel can access,https://developers.line.biz/en/docs/line-login/getting-started/
line-login,line-login/getting-started,Getting started with LINE Login,LINE Login's basic settings,Channel secret,Description,A unique secret key you can use to grant an app access to your channel,https://developers.line.biz/en/docs/line-login/getting-started/
line-login,line-login/getting-started,Getting started with LINE Login,LINE Login's basic settings,Assertion Signing Key,Description,The UUIDs associated with your assertion signing key pair,https://developers.line.biz/en/docs/line-login/getting-started/
line-login,line-login/getting-started,Getting started with LINE Login,LINE Login's basic settings,Your user ID,Description,Your LINE account's user ID,https://developers.line.biz/en/docs/line-login/getting-started/
line-login,line-login/getting-started,Getting started with LINE Login,LINE Login's basic settings,Linked LINE Official Account,Description,Your LINE Official Account linked to this channel. You can only link a LINE Official Account from the same provider.,https://developers.line.biz/en/docs/line-login/getting-started/
line-login,line-login/getting-started,Getting started with LINE Login,LINE Login's basic settings,Localization,Description,You can add other languages to provide multi-language support for your channel.,https://developers.line.biz/en/docs/line-login/getting-started/
line-login,line-login/getting-started,Getting started with LINE Login,LINE Login's basic settings,Email address permission,Description,Apply for permission to request a user's email using OpenID Connect.,https://developers.line.biz/en/docs/line-login/getting-started/
line-login,line-login/getting-started,Getting started with LINE Login,LINE Login's basic settings,Delete,Description,Delete this channel.,https://developers.line.biz/en/docs/line-login/getting-started/
line-login,line-login/integrate-line-login-v2,Integrating LINE Login (v2.0) with your web app,Authenticating users and making authorization requests,response_type,Type,String,https://developers.line.biz/en/docs/line-login/integrate-line-login-v2/
line-login,line-login/integrate-line-login-v2,Integrating LINE Login (v2.0) with your web app,Authenticating users and making authorization requests,response_type,Required,Required,https://developers.line.biz/en/docs/line-login/integrate-line-login-v2/
line-login,line-login/integrate-line-login-v2,Integrating LINE Login (v2.0) with your web app,Authenticating users and making authorization requests,response_type,Description,code,https://developers.line.biz/en/docs/line-login/integrate-line-login-v2/
line-login,line-login/integrate-line-login-v2,Integrating LINE Login (v2.0) with your web app,Authenticating users and making authorization requests,client_id,Type,String,https://developers.line.biz/en/docs/line-login/integrate-line-login-v2/
line-login,line-login/integrate-line-login-v2,Integrating LINE Login (v2.0) with your web app,Authenticating users and making authorization requests,client_id,Required,Required,https://developers.line.biz/en/docs/line-login/integrate-line-login-v2/
line-login,line-login/integrate-line-login-v2,Integrating LINE Login (v2.0) with your web app,Authenticating users and making authorization requests,client_id,Description,LINE Login Channel ID. You can find this in the LINE Developers Console.,https://developers.line.biz/en/docs/line-login/integrate-line-login-v2/
line-login,line-login/integrate-line-login-v2,Integrating LINE Login (v2.0) with your web app,Authenticating users and making authorization requests,redirect_uri,Type,String,https://developers.line.biz/en/docs/line-login/integrate-line-login-v2/
line-login,line-login/integrate-line-login-v2,Integrating LINE Login (v2.0) with your web app,Authenticating users and making authorization requests,redirect_uri,Required,Required,https://developers.line.biz/en/docs/line-login/integrate-line-login-v2/
line-login,line-login/integrate-line-login-v2,Integrating LINE Login (v2.0) with your web app,Authenticating users and making authorization requests,redirect_uri,Description,Callback URL registered with the LINE Developers Console,https://developers.line.biz/en/docs/line-login/integrate-line-login-v2/
line-login,line-login/integrate-line-login-v2,Integrating LINE Login (v2.0) with your web app,Authenticating users and making authorization requests,state,Type,String,https://developers.line.biz/en/docs/line-login/integrate-line-login-v2/
line-login,line-login/integrate-line-login-v2,Integrating LINE Login (v2.0) with your web app,Authenticating users and making authorization requests,state,Required,Required,https://developers.line.biz/en/docs/line-login/integrate-line-login-v2/
line-login,line-login/integrate-line-login-v2,Integrating LINE Login (v2.0) with your web app,Authenticating users and making authorization requests,state,Description,A unique alphanumeric string used to prevent cross-site request forgery. Your web app should generate a random value for each login session. This cannot be a URL-encoded string.,https://developers.line.biz/en/docs/line-login/integrate-line-login-v2/
line-login,line-login/integrate-line-login-v2,Integrating LINE Login (v2.0) with your web app,Receiving the authorization code,code,Type,String,https://developers.line.biz/en/docs/line-login/integrate-line-login-v2/
line-login,line-login/integrate-line-login-v2,Integrating LINE Login (v2.0) with your web app,Receiving the authorization code,code,Description,Authorization code used to get an access token. Valid for 10 minutes. This authorization code can only be used once.,https://developers.line.biz/en/docs/line-login/integrate-line-login-v2/
line-login,line-login/integrate-line-login-v2,Integrating LINE Login (v2.0) with your web app,Receiving the authorization code,state,Type,String,https://developers.line.biz/en/docs/line-login/integrate-line-login-v2/
line-login,line-login/integrate-line-login-v2,Integrating LINE Login (v2.0) with your web app,Receiving the authorization code,state,Description,A unique alphanumeric string used to prevent cross-site request forgery. Verify that this matches the value of the state parameter given to the authorization URL.,https://developers.line.biz/en/docs/line-login/integrate-line-login-v2/
line-login,line-login/integrate-line-login-v2,Integrating LINE Login (v2.0) with your web app,Receiving an error response,error_description,Type,String,https://developers.line.biz/en/docs/line-login/integrate-line-login-v2/
line-login,line-login/integrate-line-login-v2,Integrating LINE Login (v2.0) with your web app,Receiving an error response,error_description,Description,The+user+has+denied+the+approval Note: This parameter does not appear in the in-app browser of iOS and Android apps. We are currently working to resolve this issue.,https://developers.line.biz/en/docs/line-login/integrate-line-login-v2/
line-login,line-login/integrate-line-login-v2,Integrating LINE Login (v2.0) with your web app,Receiving an error response,errorMessage,Type,String,https://developers.line.biz/en/docs/line-login/integrate-line-login-v2/
line-login,line-login/integrate-line-login-v2,Integrating LINE Login (v2.0) with your web app,Receiving an error response,errorMessage,Description,DISALLOWED,https://developers.line.biz/en/docs/line-login/integrate-line-login-v2/
line-login,line-login/integrate-line-login-v2,Integrating LINE Login (v2.0) with your web app,Receiving an error response,errorCode,Type,Number,https://developers.line.biz/en/docs/line-login/integrate-line-login-v2/
line-login,line-login/integrate-line-login-v2,Integrating LINE Login (v2.0) with your web app,Receiving an error response,errorCode,Description,417,https://developers.line.biz/en/docs/line-login/integrate-line-login-v2/
line-login,line-login/integrate-line-login-v2,Integrating LINE Login (v2.0) with your web app,Receiving an error response,state,Type,String,https://developers.line.biz/en/docs/line-login/integrate-line-login-v2/
line-login,line-login/integrate-line-login-v2,Integrating LINE Login (v2.0) with your web app,Receiving an error response,state,Description,The state parameter included in the authorization URL. You can use this value to determine which process was denied.,https://developers.line.biz/en/docs/line-login/integrate-line-login-v2/
line-login,line-login/integrate-line-login-v2,Integrating LINE Login (v2.0) with your web app,Receiving an error response,error,Type,String,https://developers.line.biz/en/docs/line-login/integrate-line-login-v2/
line-login,line-login/integrate-line-login-v2,Integrating LINE Login (v2.0) with your web app,Receiving an error response,error,Description,access_denied,https://developers.line.biz/en/docs/line-login/integrate-line-login-v2/
line-login,line-login/integrate-line-login,Integrating LINE Login with your web app,Authenticating users and making authorization requests,response_type,Type,String,https://developers.line.biz/en/docs/line-login/integrate-line-login/
line-login,line-login/integrate-line-login,Integrating LINE Login with your web app,Authenticating users and making authorization requests,response_type,Required?,Required,https://developers.line.biz/en/docs/line-login/integrate-line-login/
line-login,line-login/integrate-line-login,Integrating LINE Login with your web app,Authenticating users and making authorization requests,response_type,Description,code,https://developers.line.biz/en/docs/line-login/integrate-line-login/
line-login,line-login/integrate-line-login,Integrating LINE Login with your web app,Authenticating users and making authorization requests,client_id,Type,String,https://developers.line.biz/en/docs/line-login/integrate-line-login/
line-login,line-login/integrate-line-login,Integrating LINE Login with your web app,Authenticating users and making authorization requests,client_id,Required?,Required,https://developers.line.biz/en/docs/line-login/integrate-line-login/
line-login,line-login/integrate-line-login,Integrating LINE Login with your web app,Authenticating users and making authorization requests,client_id,Description,LINE Login Channel ID. You can find this in the LINE Developers Console.,https://developers.line.biz/en/docs/line-login/integrate-line-login/
line-login,line-login/integrate-line-login,Integrating LINE Login with your web app,Authenticating users and making authorization requests,redirect_uri,Type,String,https://developers.line.biz/en/docs/line-login/integrate-line-login/
line-login,line-login/integrate-line-login,Integrating LINE Login with your web app,Authenticating users and making authorization requests,redirect_uri,Required?,Required,https://developers.line.biz/en/docs/line-login/integrate-line-login/
line-login,line-login/integrate-line-login,Integrating LINE Login with your web app,Authenticating users and making authorization requests,redirect_uri,Description,A URL-encoded string of the callback URL registered on the LINE Developers Console. You can add any query parameter.,https://developers.line.biz/en/docs/line-login/integrate-line-login/
line-login,line-login/integrate-line-login,Integrating LINE Login with your web app,Authenticating users and making authorization requests,state,Type,String,https://developers.line.biz/en/docs/line-login/integrate-line-login/
line-login,line-login/integrate-line-login,Integrating LINE Login with your web app,Authenticating users and making authorization requests,state,Required?,Required,https://developers.line.biz/en/docs/line-login/integrate-line-login/
line-login,line-login/integrate-line-login,Integrating LINE Login with your web app,Authenticating users and making authorization requests,state,Description,A unique alphanumeric string used to prevent cross-site request forgery. Your web app should generate a random value for each login session. This cannot be a URL-encoded string.,https://developers.line.biz/en/docs/line-login/integrate-line-login/
line-login,line-login/integrate-line-login,Integrating LINE Login with your web app,Authenticating users and making authorization requests,scope,Type,String,https://developers.line.biz/en/docs/line-login/integrate-line-login/
line-login,line-login/integrate-line-login,Integrating LINE Login with your web app,Authenticating users and making authorization requests,scope,Required?,Required,https://developers.line.biz/en/docs/line-login/integrate-line-login/
line-login,line-login/integrate-line-login,Integrating LINE Login with your web app,Authenticating users and making authorization requests,scope,Description,"Permissions requested from the user. For more information, see Scopes.",https://developers.line.biz/en/docs/line-login/integrate-line-login/
line-login,line-login/integrate-line-login,Integrating LINE Login with your web app,Authenticating users and making authorization requests,nonce,Type,String,https://developers.line.biz/en/docs/line-login/integrate-line-login/
line-login,line-login/integrate-line-login,Integrating LINE Login with your web app,Authenticating users and making authorization requests,nonce,Required?,Optional,https://developers.line.biz/en/docs/line-login/integrate-line-login/
line-login,line-login/integrate-line-login,Integrating LINE Login with your web app,Authenticating users and making authorization requests,nonce,Description,A string used to prevent replay attacks. This value is returned in an ID token.,https://developers.line.biz/en/docs/line-login/integrate-line-login/
line-login,line-login/integrate-line-login,Integrating LINE Login with your web app,Authenticating users and making authorization requests,prompt,Type,String,https://developers.line.biz/en/docs/line-login/integrate-line-login/
line-login,line-login/integrate-line-login,Integrating LINE Login with your web app,Authenticating users and making authorization requests,prompt,Required?,Optional,https://developers.line.biz/en/docs/line-login/integrate-line-login/
line-login,line-login/integrate-line-login,Integrating LINE Login with your web app,Authenticating users and making authorization requests,max_age,Type,Number,https://developers.line.biz/en/docs/line-login/integrate-line-login/
line-login,line-login/integrate-line-login,Integrating LINE Login with your web app,Authenticating users and making authorization requests,max_age,Required?,Optional,https://developers.line.biz/en/docs/line-login/integrate-line-login/
line-login,line-login/integrate-line-login,Integrating LINE Login with your web app,Authenticating users and making authorization requests,ui_locales,Type,String,https://developers.line.biz/en/docs/line-login/integrate-line-login/
line-login,line-login/integrate-line-login,Integrating LINE Login with your web app,Authenticating users and making authorization requests,ui_locales,Required?,Optional,https://developers.line.biz/en/docs/line-login/integrate-line-login/
line-login,line-login/integrate-line-login,Integrating LINE Login with your web app,Authenticating users and making authorization requests,bot_prompt,Type,String,https://developers.line.biz/en/docs/line-login/integrate-line-login/
line-login,line-login/integrate-line-login,Integrating LINE Login with your web app,Authenticating users and making authorization requests,bot_prompt,Required?,Optional,https://developers.line.biz/en/docs/line-login/integrate-line-login/
line-login,line-login/integrate-line-login,Integrating LINE Login with your web app,Authenticating users and making authorization requests,initial_amr_display,Type,String,https://developers.line.biz/en/docs/line-login/integrate-line-login/
line-login,line-login/integrate-line-login,Integrating LINE Login with your web app,Authenticating users and making authorization requests,initial_amr_display,Required?,Optional,https://developers.line.biz/en/docs/line-login/integrate-line-login/
line-login,line-login/integrate-line-login,Integrating LINE Login with your web app,Authenticating users and making authorization requests,initial_amr_display,Description,"If lineqr is specified, Log in with QR code will be displayed by default instead of Log in with email address.",https://developers.line.biz/en/docs/line-login/integrate-line-login/
line-login,line-login/integrate-line-login,Integrating LINE Login with your web app,Authenticating users and making authorization requests,switch_amr,Type,Boolean,https://developers.line.biz/en/docs/line-login/integrate-line-login/
line-login,line-login/integrate-line-login,Integrating LINE Login with your web app,Authenticating users and making authorization requests,switch_amr,Required?,Optional,https://developers.line.biz/en/docs/line-login/integrate-line-login/
line-login,line-login/integrate-line-login,Integrating LINE Login with your web app,Authenticating users and making authorization requests,switch_amr,Description,"If set to false, hide the buttons for changing the login method, such as ""Log in with email"" or ""QR code login"". The default value is true.",https://developers.line.biz/en/docs/line-login/integrate-line-login/
line-login,line-login/integrate-line-login,Integrating LINE Login with your web app,Authenticating users and making authorization requests,disable_auto_login,Type,Boolean,https://developers.line.biz/en/docs/line-login/integrate-line-login/
line-login,line-login/integrate-line-login,Integrating LINE Login with your web app,Authenticating users and making authorization requests,disable_auto_login,Required?,Optional,https://developers.line.biz/en/docs/line-login/integrate-line-login/
line-login,line-login/integrate-line-login,Integrating LINE Login with your web app,Authenticating users and making authorization requests,disable_ios_auto_login,Type,Boolean,https://developers.line.biz/en/docs/line-login/integrate-line-login/
line-login,line-login/integrate-line-login,Integrating LINE Login with your web app,Authenticating users and making authorization requests,disable_ios_auto_login,Required?,Optional,https://developers.line.biz/en/docs/line-login/integrate-line-login/
line-login,line-login/integrate-line-login,Integrating LINE Login with your web app,Authenticating users and making authorization requests,disable_ios_auto_login,Description,"If set to true, auto login will be disabled in iOS. The default value is false. We recommend using the disable_auto_login parameter, which was added later.",https://developers.line.biz/en/docs/line-login/integrate-line-login/
line-login,line-login/integrate-line-login,Integrating LINE Login with your web app,Authenticating users and making authorization requests,code_challenge,Type,String,https://developers.line.biz/en/docs/line-login/integrate-line-login/
line-login,line-login/integrate-line-login,Integrating LINE Login with your web app,Authenticating users and making authorization requests,code_challenge,Required?,Optional,https://developers.line.biz/en/docs/line-login/integrate-line-login/
line-login,line-login/integrate-line-login,Integrating LINE Login with your web app,Authenticating users and making authorization requests,code_challenge_method,Type,String,https://developers.line.biz/en/docs/line-login/integrate-line-login/
line-login,line-login/integrate-line-login,Integrating LINE Login with your web app,Authenticating users and making authorization requests,code_challenge_method,Required?,Optional,https://developers.line.biz/en/docs/line-login/integrate-line-login/
line-login,line-login/integrate-line-login,Integrating LINE Login with your web app,Authenticating users and making authorization requests,response_mode,Type,String,https://developers.line.biz/en/docs/line-login/integrate-line-login/
line-login,line-login/integrate-line-login,Integrating LINE Login with your web app,Authenticating users and making authorization requests,response_mode,Required?,Optional,https://developers.line.biz/en/docs/line-login/integrate-line-login/
line-login,line-login/integrate-line-login,Integrating LINE Login with your web app,Scopes,profile,Profile information,✓,https://developers.line.biz/en/docs/line-login/integrate-line-login/
line-login,line-login/integrate-line-login,Integrating LINE Login with your web app,Scopes,profile%20openid,Profile information,✓,https://developers.line.biz/en/docs/line-login/integrate-line-login/
line-login,line-login/integrate-line-login,Integrating LINE Login with your web app,Scopes,profile%20openid,ID token (including user ID),✓,https://developers.line.biz/en/docs/line-login/integrate-line-login/
line-login,line-login/integrate-line-login,Integrating LINE Login with your web app,Scopes,profile%20openid,Display name in ID token,✓,https://developers.line.biz/en/docs/line-login/integrate-line-login/
line-login,line-login/integrate-line-login,Integrating LINE Login with your web app,Scopes,profile%20openid,Profile image URL in ID token,✓,https://developers.line.biz/en/docs/line-login/integrate-line-login/
line-login,line-login/integrate-line-login,Integrating LINE Login with your web app,Scopes,profile%20openid%20email,Profile information,✓,https://developers.line.biz/en/docs/line-login/integrate-line-login/
line-login,line-login/integrate-line-login,Integrating LINE Login with your web app,Scopes,profile%20openid%20email,ID token (including user ID),✓,https://developers.line.biz/en/docs/line-login/integrate-line-login/
line-login,line-login/integrate-line-login,Integrating LINE Login with your web app,Scopes,profile%20openid%20email,Display name in ID token,✓,https://developers.line.biz/en/docs/line-login/integrate-line-login/
line-login,line-login/integrate-line-login,Integrating LINE Login with your web app,Scopes,profile%20openid%20email,Profile image URL in ID token,✓,https://developers.line.biz/en/docs/line-login/integrate-line-login/
line-login,line-login/integrate-line-login,Integrating LINE Login with your web app,Scopes,profile%20openid%20email,Email address in ID token,✓ (see note),https://developers.line.biz/en/docs/line-login/integrate-line-login/
line-login,line-login/integrate-line-login,Integrating LINE Login with your web app,Scopes,openid,ID token (including user ID),✓,https://developers.line.biz/en/docs/line-login/integrate-line-login/
line-login,line-login/integrate-line-login,Integrating LINE Login with your web app,Scopes,openid%20email,ID token (including user ID),✓,https://developers.line.biz/en/docs/line-login/integrate-line-login/
line-login,line-login/integrate-line-login,Integrating LINE Login with your web app,Scopes,openid%20email,Email address in ID token,✓ (see note),https://developers.line.biz/en/docs/line-login/integrate-line-login/
line-login,line-login/integrate-line-login,Integrating LINE Login with your web app,User authentication,Auto login,Description,Log in without user operation. The LINE Login screen or the confirmation screen is not displayed,https://developers.line.biz/en/docs/line-login/integrate-line-login/
line-login,line-login/integrate-line-login,Integrating LINE Login with your web app,User authentication,Log in with email address,Description,Log in by entering an email address and password on the LINE Login screen,https://developers.line.biz/en/docs/line-login/integrate-line-login/
line-login,line-login/integrate-line-login,Integrating LINE Login with your web app,User authentication,Log in with QR code,Description,Log in by scanning a QR code displayed on the LINE Login screen using the QR code reader on the LINE app for smartphones,https://developers.line.biz/en/docs/line-login/integrate-line-login/
line-login,line-login/integrate-line-login,Integrating LINE Login with your web app,User authentication,Single Sign On (SSO) login,Description,"Log in by clicking the login button on the confirmation screen showing ""Continue as""",https://developers.line.biz/en/docs/line-login/integrate-line-login/
line-login,line-login/integrate-line-login,Integrating LINE Login with your web app,Receiving the authorization code,code,Type,String,https://developers.line.biz/en/docs/line-login/integrate-line-login/
line-login,line-login/integrate-line-login,Integrating LINE Login with your web app,Receiving the authorization code,code,Description,Authorization code used to get an access token. Valid for 10 minutes. This authorization code can only be used once.,https://developers.line.biz/en/docs/line-login/integrate-line-login/
line-login,line-login/integrate-line-login,Integrating LINE Login with your web app,Receiving the authorization code,state,Type,String,https://developers.line.biz/en/docs/line-login/integrate-line-login/
line-login,line-login/integrate-line-login,Integrating LINE Login with your web app,Receiving the authorization code,state,Description,A unique alphanumeric string used to prevent cross-site request forgery. Verify that this matches the value of the state parameter given to the authorization URL.,https://developers.line.biz/en/docs/line-login/integrate-line-login/
line-login,line-login/integrate-line-login,Integrating LINE Login with your web app,Receiving the authorization code,friendship_status_changed,Type,Boolean,https://developers.line.biz/en/docs/line-login/integrate-line-login/
line-login,line-login/integrate-line-login,Integrating LINE Login with your web app,Receiving the authorization code,liffClientId,Type,String,https://developers.line.biz/en/docs/line-login/integrate-line-login/
line-login,line-login/integrate-line-login,Integrating LINE Login with your web app,Receiving the authorization code,liffRedirectUri,Type,String,https://developers.line.biz/en/docs/line-login/integrate-line-login/
line-login,line-login/integrate-line-login,Integrating LINE Login with your web app,Receiving an error response,error,Type,String,https://developers.line.biz/en/docs/line-login/integrate-line-login/
line-login,line-login/integrate-line-login,Integrating LINE Login with your web app,Receiving an error response,error,Required,Required,https://developers.line.biz/en/docs/line-login/integrate-line-login/
line-login,line-login/integrate-line-login,Integrating LINE Login with your web app,Receiving an error response,error,Description,Error code.,https://developers.line.biz/en/docs/line-login/integrate-line-login/
line-login,line-login/integrate-line-login,Integrating LINE Login with your web app,Receiving an error response,error_description,Type,String,https://developers.line.biz/en/docs/line-login/integrate-line-login/
line-login,line-login/integrate-line-login,Integrating LINE Login with your web app,Receiving an error response,error_description,Required,Optional,https://developers.line.biz/en/docs/line-login/integrate-line-login/
line-login,line-login/integrate-line-login,Integrating LINE Login with your web app,Receiving an error response,error_description,Description,A description of the error.,https://developers.line.biz/en/docs/line-login/integrate-line-login/
line-login,line-login/integrate-line-login,Integrating LINE Login with your web app,Receiving an error response,state,Type,String,https://developers.line.biz/en/docs/line-login/integrate-line-login/
line-login,line-login/integrate-line-login,Integrating LINE Login with your web app,Receiving an error response,state,Required,Optional,https://developers.line.biz/en/docs/line-login/integrate-line-login/
line-login,line-login/integrate-line-login,Integrating LINE Login with your web app,Receiving an error response,state,Description,The state parameter included in the authorization URL. You can use this value to determine which process was denied.,https://developers.line.biz/en/docs/line-login/integrate-line-login/
line-login,line-login/integrate-line-login,Integrating LINE Login with your web app,Error codes,INVALID_REQUEST,Description,Problem with the request. Check the query parameters of the authorization URL.,https://developers.line.biz/en/docs/line-login/integrate-line-login/
line-login,line-login/integrate-line-login,Integrating LINE Login with your web app,Error codes,ACCESS_DENIED,Description,The user canceled on the consent screen and declined to grant permissions to your app.,https://developers.line.biz/en/docs/line-login/integrate-line-login/
line-login,line-login/integrate-line-login,Integrating LINE Login with your web app,Error codes,UNSUPPORTED_RESPONSE_TYPE,Description,Problem with the value of the response_type query parameter. The LINE Login only supports code.,https://developers.line.biz/en/docs/line-login/integrate-line-login/
line-login,line-login/integrate-line-login,Integrating LINE Login with your web app,Error codes,SERVER_ERROR,Description,An unexpected error occurred on the LINE Login server.,https://developers.line.biz/en/docs/line-login/integrate-line-login/
line-login,line-login/integrate-line-login,Integrating LINE Login with your web app,Error codes,LOGIN_REQUIRED,Description,"You specified none for the prompt parameter, but auto login couldn't work on the user's device or the user wasn't logged in.",https://developers.line.biz/en/docs/line-login/integrate-line-login/
line-login,line-login/integrate-line-login,Integrating LINE Login with your web app,Error codes,INTERACTION_REQUIRED,Description,"You specified none for the prompt parameter, but auto login couldn't work on the user's device.",https://developers.line.biz/en/docs/line-login/integrate-line-login/
line-login,line-login/integrate-line-login,Integrating LINE Login with your web app,Response,access_token,Type,String,https://developers.line.biz/en/docs/line-login/integrate-line-login/
line-login,line-login/integrate-line-login,Integrating LINE Login with your web app,Response,access_token,Description,Access token. Valid for 30 days.,https://developers.line.biz/en/docs/line-login/integrate-line-login/
line-login,line-login/integrate-line-login,Integrating LINE Login with your web app,Response,expires_in,Type,Number,https://developers.line.biz/en/docs/line-login/integrate-line-login/
line-login,line-login/integrate-line-login,Integrating LINE Login with your web app,Response,expires_in,Description,Amount of time in seconds until the access token expires.,https://developers.line.biz/en/docs/line-login/integrate-line-login/
line-login,line-login/integrate-line-login,Integrating LINE Login with your web app,Response,id_token,Type,String,https://developers.line.biz/en/docs/line-login/integrate-line-login/
line-login,line-login/integrate-line-login,Integrating LINE Login with your web app,Response,refresh_token,Type,String,https://developers.line.biz/en/docs/line-login/integrate-line-login/
line-login,line-login/integrate-line-login,Integrating LINE Login with your web app,Response,refresh_token,Description,Token used to get a new access token. Valid up until 90 days after the access token issued.,https://developers.line.biz/en/docs/line-login/integrate-line-login/
line-login,line-login/integrate-line-login,Integrating LINE Login with your web app,Response,scope,Type,String,https://developers.line.biz/en/docs/line-login/integrate-line-login/
line-login,line-login/integrate-line-login,Integrating LINE Login with your web app,Response,scope,Description,"Permissions granted by the user. However, the email scope isn't returned as a value of the scope property even if the permission has been granted.",https://developers.line.biz/en/docs/line-login/integrate-line-login/
line-login,line-login/integrate-line-login,Integrating LINE Login with your web app,Response,token_type,Type,String,https://developers.line.biz/en/docs/line-login/integrate-line-login/
line-login,line-login/integrate-line-login,Integrating LINE Login with your web app,Response,token_type,Description,Bearer,https://developers.line.biz/en/docs/line-login/integrate-line-login/
line-login,line-login/integrate-pkce,PKCE support for LINE Login,1. Generate `code_verifier`,code_verifier,Specs,"Available character types: A random string consisting of half-width alphanumeric characters (a-z, A-Z, 0-9) and symbols (-._~) Character count: 43-128 characters",https://developers.line.biz/en/docs/line-login/integrate-pkce/
line-login,line-login/integrate-pkce,PKCE support for LINE Login,1. Generate `code_verifier`,code_verifier,Example,wJKN8qz5t8SSI9lMFhBB6qwNkQBkuPZoCxzRhwLRUo1,https://developers.line.biz/en/docs/line-login/integrate-pkce/
line-login,line-login/integrate-pkce,PKCE support for LINE Login,2. Generate `code_challenge`,code_challenge,Specs,The value of code_verifier hashed with SHA256 and encoded in Base64URL format,https://developers.line.biz/en/docs/line-login/integrate-pkce/
line-login,line-login/integrate-pkce,PKCE support for LINE Login,2. Generate `code_challenge`,code_challenge,Example,BSCQwo_m8Wf0fpjmwkIKmPAJ1A7tiuRSNDnXzODS7QI,https://developers.line.biz/en/docs/line-login/integrate-pkce/
line-login,line-login/integrate-pkce,PKCE support for LINE Login,2. Generate `code_challenge`,BSCQwo_m8Wf0fpjmwk+KmPAJ1A/tiuRSNDnXzODS7==,Deletion and replacement for code_challenge example,BSCQwo_m8Wf0fpjmwk-KmPAJ1A_tiuRSNDnXzODS7,https://developers.line.biz/en/docs/line-login/integrate-pkce/
line-login,line-login/integrate-pkce,PKCE support for LINE Login,3. Add `code_challenge` and` code_challenge_method` in the query parameters of the authorization URL,code_challenge,Type,String,https://developers.line.biz/en/docs/line-login/integrate-pkce/
line-login,line-login/integrate-pkce,PKCE support for LINE Login,3. Add `code_challenge` and` code_challenge_method` in the query parameters of the authorization URL,code_challenge,Required,Optional,https://developers.line.biz/en/docs/line-login/integrate-pkce/
line-login,line-login/integrate-pkce,PKCE support for LINE Login,3. Add `code_challenge` and` code_challenge_method` in the query parameters of the authorization URL,code_challenge,Description,"The code_challenge generated in step 2. The default value is null. If no value is specified, the request doesn't support PKCE.",https://developers.line.biz/en/docs/line-login/integrate-pkce/
line-login,line-login/integrate-pkce,PKCE support for LINE Login,3. Add `code_challenge` and` code_challenge_method` in the query parameters of the authorization URL,code_challenge_method,Type,String,https://developers.line.biz/en/docs/line-login/integrate-pkce/
line-login,line-login/integrate-pkce,PKCE support for LINE Login,3. Add `code_challenge` and` code_challenge_method` in the query parameters of the authorization URL,code_challenge_method,Required,Optional,https://developers.line.biz/en/docs/line-login/integrate-pkce/
line-login,line-login/link-a-bot,Add a LINE Official Account as a friend when logged in (add friend option),Redirect users to the LINE Login authorization URL with the `bot_prompt` query parameter,normal,Description,Display the option to add a LINE Official Account as a friend in the consent screen.,https://developers.line.biz/en/docs/line-login/link-a-bot/
line-login,line-login/link-a-bot,Add a LINE Official Account as a friend when logged in (add friend option),Redirect users to the LINE Login authorization URL with the `bot_prompt` query parameter,aggressive,Description,Opens a new screen with an option to add the LINE Official Account as a friend after the consent screen.,https://developers.line.biz/en/docs/line-login/link-a-bot/
line-login,line-login/link-a-bot,Add a LINE Official Account as a friend when logged in (add friend option),Display options on the consent screen,Not a friend,Options shown to the user,Displays the option to add a LINE Official Account as a friend. The LINE Official Account is added as a friend if the user selects the option and continues.,https://developers.line.biz/en/docs/line-login/link-a-bot/
line-login,line-login/link-a-bot,Add a LINE Official Account as a friend when logged in (add friend option),Display options on the consent screen,Blocked,Options shown to the user,Displays the option to unblock the LINE Official Account. The LINE Official Account is unblocked if the user selects the option and continues.,https://developers.line.biz/en/docs/line-login/link-a-bot/
line-login,line-login/link-a-bot,Add a LINE Official Account as a friend when logged in (add friend option),Display options on the consent screen,Added as friend,Options shown to the user,Shows that the user has added the LINE Official Account as a friend. No option is displayed to add the LINE Official Account as a friend.,https://developers.line.biz/en/docs/line-login/link-a-bot/
line-login,line-login/login-button,LINE Login button design guidelines,Color,Base color,Color,#06C755,https://developers.line.biz/en/docs/line-login/login-button/
line-login,line-login/login-button,LINE Login button design guidelines,Color,Hover,Color,#06C755 + #000000 (opacity: 10%),https://developers.line.biz/en/docs/line-login/login-button/
line-login,line-login/login-button,LINE Login button design guidelines,Color,Press,Color,#06C755 + #000000 (opacity: 30%),https://developers.line.biz/en/docs/line-login/login-button/
line-login,line-login/login-button,LINE Login button design guidelines,Color,Disabled,Color,#FFFFFF,https://developers.line.biz/en/docs/line-login/login-button/
line-login,line-login/login-button,LINE Login button design guidelines,Color,Font/logo color (other than disabled),Color,#FFFFFF,https://developers.line.biz/en/docs/line-login/login-button/
line-login,line-login/login-button,LINE Login button design guidelines,Color,Font/logo color (only disabled),Color,#1E1E1E (opacity: 20%),https://developers.line.biz/en/docs/line-login/login-button/
line-login,line-login/login-button,LINE Login button design guidelines,Color,Vertical line color (other than disabled),Color,#000000 (opacity: 8%),https://developers.line.biz/en/docs/line-login/login-button/
line-login,line-login/login-button,LINE Login button design guidelines,Color,Vertical line color (only disabled),Color,#E5E5E5 (opacity: 60%),https://developers.line.biz/en/docs/line-login/login-button/
line-login,line-login/login-button,LINE Login button design guidelines,Color,Border color (only disabled),Color,#E5E5E5 (opacity: 60%),https://developers.line.biz/en/docs/line-login/login-button/
line-login,line-login/login-button,LINE Login button design guidelines,Text,en,Login button text (long),Log in with LINE,https://developers.line.biz/en/docs/line-login/login-button/
line-login,line-login/login-button,LINE Login button design guidelines,Text,en,Login button text (short),Log in,https://developers.line.biz/en/docs/line-login/login-button/
line-login,line-login/login-button,LINE Login button design guidelines,Text,ja,Login button text (long),LINEでログイン,https://developers.line.biz/en/docs/line-login/login-button/
line-login,line-login/login-button,LINE Login button design guidelines,Text,ja,Login button text (short),ログイン,https://developers.line.biz/en/docs/line-login/login-button/
line-login,line-login/login-button,LINE Login button design guidelines,Text,ko,Login button text (long),LINE으로 로그인,https://developers.line.biz/en/docs/line-login/login-button/
line-login,line-login/login-button,LINE Login button design guidelines,Text,ko,Login button text (short),로그인,https://developers.line.biz/en/docs/line-login/login-button/
line-login,line-login/login-button,LINE Login button design guidelines,Text,de,Login button text (long),Mit LINE anmelden,https://developers.line.biz/en/docs/line-login/login-button/
line-login,line-login/login-button,LINE Login button design guidelines,Text,de,Login button text (short),Anmelden,https://developers.line.biz/en/docs/line-login/login-button/
line-login,line-login/login-button,LINE Login button design guidelines,Text,es,Login button text (long),Iniciar sesión con LINE,https://developers.line.biz/en/docs/line-login/login-button/
line-login,line-login/login-button,LINE Login button design guidelines,Text,es,Login button text (short),Iniciar sesión,https://developers.line.biz/en/docs/line-login/login-button/
line-login,line-login/login-button,LINE Login button design guidelines,Text,fr,Login button text (long),Connexion avec LINE,https://developers.line.biz/en/docs/line-login/login-button/
line-login,line-login/login-button,LINE Login button design guidelines,Text,fr,Login button text (short),Se connecter,https://developers.line.biz/en/docs/line-login/login-button/
line-login,line-login/login-button,LINE Login button design guidelines,Text,id,Login button text (long),Masuk dengan LINE,https://developers.line.biz/en/docs/line-login/login-button/
line-login,line-login/login-button,LINE Login button design guidelines,Text,id,Login button text (short),Masuk,https://developers.line.biz/en/docs/line-login/login-button/
line-login,line-login/login-button,LINE Login button design guidelines,Text,it,Login button text (long),Login con LINE,https://developers.line.biz/en/docs/line-login/login-button/
line-login,line-login/login-button,LINE Login button design guidelines,Text,it,Login button text (short),Login,https://developers.line.biz/en/docs/line-login/login-button/
line-login,line-login/login-button,LINE Login button design guidelines,Text,ms,Login button text (long),Log masuk dengan LINE,https://developers.line.biz/en/docs/line-login/login-button/
line-login,line-login/login-button,LINE Login button design guidelines,Text,ms,Login button text (short),Log Masuk,https://developers.line.biz/en/docs/line-login/login-button/
line-login,line-login/login-button,LINE Login button design guidelines,Text,pt-BR,Login button text (long),Login com o LINE,https://developers.line.biz/en/docs/line-login/login-button/
line-login,line-login/login-button,LINE Login button design guidelines,Text,pt-BR,Login button text (short),Login,https://developers.line.biz/en/docs/line-login/login-button/
line-login,line-login/login-button,LINE Login button design guidelines,Text,pt-PT,Login button text (long),Iniciar sessão com o LINE,https://developers.line.biz/en/docs/line-login/login-button/
line-login,line-login/login-button,LINE Login button design guidelines,Text,pt-PT,Login button text (short),Iniciar sessão,https://developers.line.biz/en/docs/line-login/login-button/
line-login,line-login/login-button,LINE Login button design guidelines,Text,ru,Login button text (long),Войти в LINE,https://developers.line.biz/en/docs/line-login/login-button/
line-login,line-login/login-button,LINE Login button design guidelines,Text,ru,Login button text (short),Войти,https://developers.line.biz/en/docs/line-login/login-button/
line-login,line-login/login-button,LINE Login button design guidelines,Text,th,Login button text (long),ล็อกอินด้วย LINE,https://developers.line.biz/en/docs/line-login/login-button/
line-login,line-login/login-button,LINE Login button design guidelines,Text,th,Login button text (short),ล็อกอิน,https://developers.line.biz/en/docs/line-login/login-button/
line-login,line-login/login-button,LINE Login button design guidelines,Text,tr,Login button text (long),LINE ile oturum açın,https://developers.line.biz/en/docs/line-login/login-button/
line-login,line-login/login-button,LINE Login button design guidelines,Text,tr,Login button text (short),Oturum Aç,https://developers.line.biz/en/docs/line-login/login-button/
line-login,line-login/login-button,LINE Login button design guidelines,Text,ar,Login button text (long),تسجيل دخول باستخدام LINE,https://developers.line.biz/en/docs/line-login/login-button/
line-login,line-login/login-button,LINE Login button design guidelines,Text,ar,Login button text (short),تسجيل دخول,https://developers.line.biz/en/docs/line-login/login-button/
line-login,line-login/login-button,LINE Login button design guidelines,Text,vi,Login button text (long),Đăng nhập với LINE,https://developers.line.biz/en/docs/line-login/login-button/
line-login,line-login/login-button,LINE Login button design guidelines,Text,vi,Login button text (short),Đăng nhập,https://developers.line.biz/en/docs/line-login/login-button/
line-login,line-login/login-button,LINE Login button design guidelines,Text,zh-CN,Login button text (long),用LINE帐号登录,https://developers.line.biz/en/docs/line-login/login-button/
line-login,line-login/login-button,LINE Login button design guidelines,Text,zh-CN,Login button text (short),登录,https://developers.line.biz/en/docs/line-login/login-button/
line-login,line-login/login-button,LINE Login button design guidelines,Text,zh-TW,Login button text (long),與LINE連動,https://developers.line.biz/en/docs/line-login/login-button/
line-login,line-login/login-button,LINE Login button design guidelines,Text,zh-TW,Login button text (short),連動,https://developers.line.biz/en/docs/line-login/login-button/
line-login,line-login/managing-access-tokens-v2,Managing access tokens (LINE Login v2.0),Verify access tokens,client_id,Criteria,Channel ID of the LINE Login channel linked to your app,https://developers.line.biz/en/docs/line-login/managing-access-tokens-v2/
line-login,line-login/managing-access-tokens-v2,Managing access tokens (LINE Login v2.0),Verify access tokens,expires_in,Criteria,A positive value,https://developers.line.biz/en/docs/line-login/managing-access-tokens-v2/
line-login,line-login/managing-access-tokens-v2,Managing access tokens (LINE Login v2.0),Get the user's access token,Get the user's access token,限制（寫在內文）,An access token is valid for 30 days after being issued.,https://developers.line.biz/en/docs/line-login/managing-access-tokens-v2/
line-login,line-login/managing-access-tokens-v2,Managing access tokens (LINE Login v2.0),Refresh tokens,Refresh tokens,限制（寫在內文）,A refresh token is valid for up to 90 days after its corresponding access token was issued.,https://developers.line.biz/en/docs/line-login/managing-access-tokens-v2/
line-login,line-login/managing-access-tokens,Managing access tokens,Get the user's access token,Get the user's access token,限制（寫在內文）,An access token is valid for 30 days after being issued.,https://developers.line.biz/en/docs/line-login/managing-access-tokens/
line-login,line-login/managing-access-tokens,Managing access tokens,Refresh tokens,Refresh tokens,限制（寫在內文）,A refresh token is valid for up to 90 days after its corresponding access token was issued.,https://developers.line.biz/en/docs/line-login/managing-access-tokens/
line-login,line-login/managing-authorized-apps,Managing authorized apps,When user revokes consent,User,Description,"When you try to use LINE Login on an app for which you revoked consent, the consent screen will be displayed again. LINE Login will be prohibited until consent is obtained.",https://developers.line.biz/en/docs/line-login/managing-authorized-apps/
line-login,line-login/overview,LINE Login overview,LINE Login authentication methods,Auto login,Description,Log in without user operation. The LINE Login screen or the confirmation screen is not displayed,https://developers.line.biz/en/docs/line-login/overview/
line-login,line-login/overview,LINE Login overview,LINE Login authentication methods,Log in with email address,Description,Log in by entering an email address and password on the LINE Login screen,https://developers.line.biz/en/docs/line-login/overview/
line-login,line-login/overview,LINE Login overview,LINE Login authentication methods,Log in with QR code,Description,Log in by scanning a QR code displayed on the LINE Login screen using the QR code reader on the LINE app for smartphones,https://developers.line.biz/en/docs/line-login/overview/
line-login,line-login/overview,LINE Login overview,LINE Login authentication methods,Single Sign On (SSO) login,Description,"Log in by clicking the login button on the confirmation screen showing ""Continue as""",https://developers.line.biz/en/docs/line-login/overview/
line-login,line-login/overview,LINE Login overview,LINE Login versions,LINE Login v2.1,Status,Active,https://developers.line.biz/en/docs/line-login/overview/
line-login,line-login/overview,LINE Login overview,LINE Login versions,LINE Login v2.0,Status,Deprecated,https://developers.line.biz/en/docs/line-login/overview/
line-login,line-login/overview,LINE Login overview,LINE Login versions,LINE Login v1,Status,End-of-life,https://developers.line.biz/en/docs/line-login/overview/
line-login,line-login/overview,LINE Login overview,LINE Login versions,LINE Login v1,Description,"All features were discontinued on June 30, 2018 and are no longer available. For more information, see LINE Login v1 to be discontinued.",https://developers.line.biz/en/docs/line-login/overview/
line-login,line-login/overview,LINE Login overview,Require two-factor authentication setting on the LINE Developers Console,LINE Login,When creating,✅,https://developers.line.biz/en/docs/line-login/overview/
line-login,line-login/overview,LINE Login overview,Require two-factor authentication setting on the LINE Developers Console,LINE Login,When editing,✅,https://developers.line.biz/en/docs/line-login/overview/
line-login,line-login/overview,LINE Login overview,Require two-factor authentication setting on the LINE Developers Console,Blockchain Service,When creating,✅,https://developers.line.biz/en/docs/line-login/overview/
line-login,line-login/overview,LINE Login overview,Require two-factor authentication setting on the LINE Developers Console,Blockchain Service,When editing,✅,https://developers.line.biz/en/docs/line-login/overview/
line-login,line-login/overview,LINE Login overview,Require two-factor authentication setting on the LINE Developers Console,Messaging API,When creating,- \*1,https://developers.line.biz/en/docs/line-login/overview/
line-login,line-login/overview,LINE Login overview,Require two-factor authentication setting on the LINE Developers Console,Messaging API,When editing,✅ \*2,https://developers.line.biz/en/docs/line-login/overview/
line-login,line-login/overview,LINE Login overview,Require two-factor authentication setting on the LINE Developers Console,LINE MINI App,When creating,❌,https://developers.line.biz/en/docs/line-login/overview/
line-login,line-login/overview,LINE Login overview,Require two-factor authentication setting on the LINE Developers Console,LINE MINI App,When editing,❌,https://developers.line.biz/en/docs/line-login/overview/
line-login,line-login/overview,LINE Login overview,Set when editing an existing channel,LINE Login,Tab name,LINE Login,https://developers.line.biz/en/docs/line-login/overview/
line-login,line-login/overview,LINE Login overview,Set when editing an existing channel,Blockchain Service,Tab name,LINE Login,https://developers.line.biz/en/docs/line-login/overview/
line-login,line-login/overview,LINE Login overview,Set when editing an existing channel,Messaging API,Tab name,LIFF,https://developers.line.biz/en/docs/line-login/overview/
line-login,line-login/overview,LINE Login overview,Priority with the Two-factor Authentication Switch function,Channel setting OFF,Setting on the user's device OFF,Two-factor authentication is disabled,https://developers.line.biz/en/docs/line-login/overview/
line-login,line-login/overview,LINE Login overview,Priority with the Two-factor Authentication Switch function,Channel setting OFF,Setting on the user's device ON,Two-factor authentication is enabled,https://developers.line.biz/en/docs/line-login/overview/
line-login,line-login/overview,LINE Login overview,Priority with the Two-factor Authentication Switch function,Channel setting ON,Setting on the user's device OFF,Two-factor authentication is enabled,https://developers.line.biz/en/docs/line-login/overview/
line-login,line-login/overview,LINE Login overview,Priority with the Two-factor Authentication Switch function,Channel setting ON,Setting on the user's device ON,Two-factor authentication is enabled,https://developers.line.biz/en/docs/line-login/overview/
line-login,line-login/overview,LINE Login overview,Differences in LINE Login behavior depending on authentication method,Log in with email address,Two-factor authentication,Required,https://developers.line.biz/en/docs/line-login/overview/
line-login,line-login/overview,LINE Login overview,Differences in LINE Login behavior depending on authentication method,Log in with QR code,Two-factor authentication,Required,https://developers.line.biz/en/docs/line-login/overview/
line-login,line-login/overview,LINE Login overview,Differences in LINE Login behavior depending on authentication method,Auto login,Two-factor authentication,Not required,https://developers.line.biz/en/docs/line-login/overview/
line-login,line-login/overview,LINE Login overview,Differences in LINE Login behavior depending on authentication method,Single Sign On (SSO) login,Two-factor authentication,Not required,https://developers.line.biz/en/docs/line-login/overview/
line-login,line-login/secure-login-process,Creating a secure login process between your app and server,Using access tokens to register new users,client_id,Criteria,Same as the channel ID of the LINE Login channel linked to the native app,https://developers.line.biz/en/docs/line-login/secure-login-process/
line-login,line-login/secure-login-process,Creating a secure login process between your app and server,Using access tokens to register new users,expires_in,Criteria,Positive value,https://developers.line.biz/en/docs/line-login/secure-login-process/
line-login,line-login/security-checklist,LINE Login security checklist,Checklist for query parameters passed to the authorization URL,Is the URL schema specified in redirect_uri HTTPS? (Unless there is a specific reason not to specify it.),Related pages,RFC6749 3.1.2.1.,https://developers.line.biz/en/docs/line-login/security-checklist/
line-login,line-login/security-checklist,LINE Login security checklist,Checklist for query parameters passed to the authorization URL,"Is the value specified for state stored in a location inaccessible to a third party, such as follows? Server session information Cookies protected by the same-origin policy, etc",Related pages,RFC6749 10.12.,https://developers.line.biz/en/docs/line-login/security-checklist/
line-login,line-login/security-checklist,LINE Login security checklist,Checklist for query parameters passed to the authorization URL,"Is the different value specified for state each time a login is attempted, even if the same user tries to log in?",Related pages,RFC6749 10.12.,https://developers.line.biz/en/docs/line-login/security-checklist/
line-login,line-login/security-checklist,LINE Login security checklist,Checklist for query parameters returned to the callback URL,Do you confirm that the value of state matches the state specified in the authentication URL?,Related pages,RFC6749 10.12. Receiving the authorization response or error response with a web app,https://developers.line.biz/en/docs/line-login/security-checklist/
line-login,line-login/security-checklist,LINE Login security checklist,Checklist for issuing the access token,Do you understand that the channel secret you specify in client_secret is confidential information and can't be known by third parties?,Related pages,OpenID Connect 1.0 16.19,https://developers.line.biz/en/docs/line-login/security-checklist/
line-login,line-login/security-checklist,LINE Login security checklist,Checklist for using ID tokens and access tokens,Have you verified ID tokens and access tokens?,Related pages,Verify access token validity Verify ID token,https://developers.line.biz/en/docs/line-login/security-checklist/
line-login,line-login/security-checklist,LINE Login security checklist,Checklist for sending ID tokens and access tokens to the backend server for processing,Have you verified ID tokens and access tokens that are sent from the client to the backend server?,Related pages,Using access tokens to register new users,https://developers.line.biz/en/docs/line-login/security-checklist/
line-login,line-login/using-line-url-scheme,Using LINE features with the LINE URL scheme,Supported LINE URL schemes,URL schemes beginning with https://line.me/R/,Description,URL scheme for using LINE app features,https://developers.line.biz/en/docs/line-login/using-line-url-scheme/
line-login,line-login/using-line-url-scheme,Using LINE features with the LINE URL scheme,Supported LINE URL schemes,URL schemes beginning with https://liff.line.me/,Description,URL scheme for opening the LIFF app,https://developers.line.biz/en/docs/line-login/using-line-url-scheme/
line-login,line-login/using-line-url-scheme,Using LINE features with the LINE URL scheme,Supported LINE URL schemes,URL schemes beginning with https://miniapp.line.me/,Description,URL scheme for opening the LINE MINI App,https://developers.line.biz/en/docs/line-login/using-line-url-scheme/
line-login,line-login/using-line-url-scheme,Using LINE features with the LINE URL scheme,What happens when a LINE URL scheme is clicked,https://line.me/R/,What happens when there is no LINE installed,A web browser is launched and prompts the user to download LINE.,https://developers.line.biz/en/docs/line-login/using-line-url-scheme/
line-login,line-login/using-line-url-scheme,Using LINE features with the LINE URL scheme,What happens when a LINE URL scheme is clicked,line:// (Deprecated),What happens when there is no LINE installed,Nothing happens or the user is redirected to an error page.,https://developers.line.biz/en/docs/line-login/using-line-url-scheme/
line-login,line-login/using-line-url-scheme,Using LINE features with the LINE URL scheme,Opening the camera and camera roll,https://line.me/R/nv/camera/,Description,"Opens the camera. For smartphones that have multiple cameras, such as front (in-camera) and rear (out-camera), you can't specify which camera to open.",https://developers.line.biz/en/docs/line-login/using-line-url-scheme/
line-login,line-login/using-line-url-scheme,Using LINE features with the LINE URL scheme,Opening the camera and camera roll,https://line.me/R/nv/cameraRoll/single,Description,Opens the camera roll. Users can select an image to share in a chat.,https://developers.line.biz/en/docs/line-login/using-line-url-scheme/
line-login,line-login/using-line-url-scheme,Using LINE features with the LINE URL scheme,Opening the camera and camera roll,https://line.me/R/nv/cameraRoll/multi,Description,Opens the camera roll. Users can select images to share in a chat.,https://developers.line.biz/en/docs/line-login/using-line-url-scheme/
line-login,line-login/using-line-url-scheme,Using LINE features with the LINE URL scheme,Sending location information,https://line.me/R/nv/location/,Description,Opens the location screen. Users can drop a pin on the map to select the location to share.,https://developers.line.biz/en/docs/line-login/using-line-url-scheme/
line-login,line-login/using-line-url-scheme,Using LINE features with the LINE URL scheme,Sharing a LINE Official Account,https://line.me/R/ti/p/{Percent-encoded LINE ID},Description,"Opens the LINE Official Account's profile page. If the user is a friend with your LINE Official Account, a one-on-one chat is displayed instead.",https://developers.line.biz/en/docs/line-login/using-line-url-scheme/
line-login,line-login/using-line-url-scheme,Using LINE features with the LINE URL scheme,Sharing a LINE Official Account,https://line.me/R/nv/recommendOA/{Percent-encoded LINE ID},Description,"Opens the ""Share with"" screen. Users can select friends, group chats, or multi-person chats to share your LINE Official Account with.",https://developers.line.biz/en/docs/line-login/using-line-url-scheme/
line-login,line-login/using-line-url-scheme,Using LINE features with the LINE URL scheme,Opening the LINE Official Account's LINE VOOM and business profile,https://line.me/R/home/public/main?id={LINE ID without @},Description,Opens the LINE Official Account's LINE VOOM.,https://developers.line.biz/en/docs/line-login/using-line-url-scheme/
line-login,line-login/using-line-url-scheme,Using LINE features with the LINE URL scheme,Opening the LINE Official Account's LINE VOOM and business profile,https://line.me/R/home/public/profile?id={LINE ID without @},Description,Opens the LINE Official Account's business profile.,https://developers.line.biz/en/docs/line-login/using-line-url-scheme/
line-login,line-login/using-line-url-scheme,Using LINE features with the LINE URL scheme,Opening the LINE Official Account's LINE VOOM and business profile,https://line.me/R/home/public/post?id={LINE ID without @}&postId={postId},Description,Opens the LINE Official Account's LINE VOOM post. Find the post ID of individual posts in the LINE VOOM Studio.,https://developers.line.biz/en/docs/line-login/using-line-url-scheme/
line-login,line-login/using-line-url-scheme,Using LINE features with the LINE URL scheme,Opening a chat screen with a LINE Official Account,https://line.me/R/oaMessage/{Percent-encoded LINE ID},Description,Opens a chat screen with your LINE Official Account.,https://developers.line.biz/en/docs/line-login/using-line-url-scheme/
line-login,line-login/using-line-url-scheme,Using LINE features with the LINE URL scheme,Opening a chat screen with a LINE Official Account,https://line.me/R/oaMessage/{Percent-encoded LINE ID}/?{text_message},Description,Opens a chat screen with your LINE Official Account and enters the text message set in {text_message} into the message input field.,https://developers.line.biz/en/docs/line-login/using-line-url-scheme/
line-login,line-login/using-line-url-scheme,Using LINE features with the LINE URL scheme,Opening profile information,https://line.me/R/nv/profile,Description,"Opens the user's ""My profile"" screen.",https://developers.line.biz/en/docs/line-login/using-line-url-scheme/
line-login,line-login/using-line-url-scheme,Using LINE features with the LINE URL scheme,Opening profile information,https://line.me/R/nv/profileSetId,Description,"Opens the user's ""LINE ID"" screen. With this URL scheme, you can let users set their LINE ID if they didn't set the ID yet.",https://developers.line.biz/en/docs/line-login/using-line-url-scheme/
line-login,line-login/using-line-url-scheme,Using LINE features with the LINE URL scheme,Opening common LINE screens,https://line.me/R/nv/chat,Description,Opens the Chats tab.,https://developers.line.biz/en/docs/line-login/using-line-url-scheme/
line-login,line-login/using-line-url-scheme,Using LINE features with the LINE URL scheme,Opening common LINE screens,https://line.me/R/nv/commerce,Description,Opens the Shopping tab.,https://developers.line.biz/en/docs/line-login/using-line-url-scheme/
line-login,line-login/using-line-url-scheme,Using LINE features with the LINE URL scheme,Opening common LINE screens,https://line.me/R/nv/wallet,Description,Opens the Wallet tab or the MINI Apps tab. The MINI Apps tab is only available to users in Japan.,https://developers.line.biz/en/docs/line-login/using-line-url-scheme/
line-login,line-login/using-line-url-scheme,Using LINE features with the LINE URL scheme,Opening common LINE screens,https://line.me/R/nv/addFriends,Description,"Opens the ""Add friends"" screen.",https://developers.line.biz/en/docs/line-login/using-line-url-scheme/
line-login,line-login/using-line-url-scheme,Using LINE features with the LINE URL scheme,Opening common LINE screens,https://line.me/R/nv/officialAccounts,Description,"Opens the ""LINE Official Accounts"" screen.",https://developers.line.biz/en/docs/line-login/using-line-url-scheme/
line-login,line-login/using-line-url-scheme,Using LINE features with the LINE URL scheme,Opening common LINE screens,https://line.me/R/nv/timeline,Description,"Opens the LINE VOOM ""Following"" screen.",https://developers.line.biz/en/docs/line-login/using-line-url-scheme/
line-login,line-login/using-line-url-scheme,Using LINE features with the LINE URL scheme,Opening LINE settings,https://line.me/R/nv/settings,Description,Opens Settings.,https://developers.line.biz/en/docs/line-login/using-line-url-scheme/
line-login,line-login/using-line-url-scheme,Using LINE features with the LINE URL scheme,Opening LINE settings,https://line.me/R/nv/settings/account,Description,Opens Account settings. Displays the user's LINE account information.,https://developers.line.biz/en/docs/line-login/using-line-url-scheme/
line-login,line-login/using-line-url-scheme,Using LINE features with the LINE URL scheme,Opening LINE settings,https://line.me/R/nv/connectedApps,Description,Opens Account > Authorized apps. Shows the permissions granted to authorized apps and lets users unlink apps.,https://developers.line.biz/en/docs/line-login/using-line-url-scheme/
line-login,line-login/using-line-url-scheme,Using LINE features with the LINE URL scheme,Opening LINE settings,https://line.me/R/nv/connectedDevices,Description,Opens Account > Connected devices.,https://developers.line.biz/en/docs/line-login/using-line-url-scheme/
line-login,line-login/using-line-url-scheme,Using LINE features with the LINE URL scheme,Opening LINE settings,https://line.me/R/nv/settings/privacy,Description,Opens Privacy settings.,https://developers.line.biz/en/docs/line-login/using-line-url-scheme/
line-login,line-login/using-line-url-scheme,Using LINE features with the LINE URL scheme,Opening LINE settings,https://line.me/R/nv/settings/sticker,Description,Opens Stickers settings.,https://developers.line.biz/en/docs/line-login/using-line-url-scheme/
line-login,line-login/using-line-url-scheme,Using LINE features with the LINE URL scheme,Opening LINE settings,https://line.me/R/nv/stickerShop/mySticker,Description,Opens Stickers > My Stickers.,https://developers.line.biz/en/docs/line-login/using-line-url-scheme/
line-login,line-login/using-line-url-scheme,Using LINE features with the LINE URL scheme,Opening LINE settings,"https://line.me/R/nv/settings/themeSettingsMenu (iOS), https://line.me/R/nv/settings/theme (Android)",Description,Opens Themes settings. The scheme is different for iOS and Android.,https://developers.line.biz/en/docs/line-login/using-line-url-scheme/
line-login,line-login/using-line-url-scheme,Using LINE features with the LINE URL scheme,Opening LINE settings,https://line.me/R/nv/themeSettings,Description,Opens Themes > My Themes.,https://developers.line.biz/en/docs/line-login/using-line-url-scheme/
line-login,line-login/using-line-url-scheme,Using LINE features with the LINE URL scheme,Opening LINE settings,https://line.me/R/nv/notificationServiceDetail,Description,Opens Notification > Authorized apps. Lets users set notification for authorized apps.,https://developers.line.biz/en/docs/line-login/using-line-url-scheme/
line-login,line-login/using-line-url-scheme,Using LINE features with the LINE URL scheme,Opening LINE settings,https://line.me/R/nv/settings/chatSettings,Description,Opens Chats settings.,https://developers.line.biz/en/docs/line-login/using-line-url-scheme/
line-login,line-login/using-line-url-scheme,Using LINE features with the LINE URL scheme,Opening LINE settings,https://line.me/R/nv/suggestSettings,Description,Opens Chats > Display suggestions.,https://developers.line.biz/en/docs/line-login/using-line-url-scheme/
line-login,line-login/using-line-url-scheme,Using LINE features with the LINE URL scheme,Opening LINE settings,https://line.me/R/nv/settings/callSettings,Description,Opens Calls settings.,https://developers.line.biz/en/docs/line-login/using-line-url-scheme/
line-login,line-login/using-line-url-scheme,Using LINE features with the LINE URL scheme,Opening LINE settings,https://line.me/R/nv/settings/addressBookSync,Description,Opens Friends settings.,https://developers.line.biz/en/docs/line-login/using-line-url-scheme/
line-login,line-login/using-line-url-scheme,Using LINE features with the LINE URL scheme,Opening LINE settings,https://line.me/R/nv/settings/timelineSettings,Description,Opens LINE VOOM settings.,https://developers.line.biz/en/docs/line-login/using-line-url-scheme/
line-login,line-login/using-line-url-scheme,Using LINE features with the LINE URL scheme,Opening Sticker Shop,https://line.me/R/shop/sticker/detail/{package_id},Description,Opens a Sticker set info screen. Specify {package_id} to the number specified in the sticker's page URL in LINE STORE.,https://developers.line.biz/en/docs/line-login/using-line-url-scheme/
line-login,line-login/using-line-url-scheme,Using LINE features with the LINE URL scheme,Opening Sticker Shop,https://line.me/R/shop/category/{category_id},Description,Opens a popularity ranking for the given category. Specify {category_id} to the number specified in the category page URL in LINE STORE > Official stickers.,https://developers.line.biz/en/docs/line-login/using-line-url-scheme/
line-login,line-login/using-line-url-scheme,Using LINE features with the LINE URL scheme,Opening Sticker Shop,https://line.me/R/shop/sticker/author/{author_id},Description,Opens a list of sticker sets from the given author. Specify {author_id} to the number specified in the creator's page URL in LINE STORE.,https://developers.line.biz/en/docs/line-login/using-line-url-scheme/
line-login,line-login/using-line-url-scheme,Using LINE features with the LINE URL scheme,Opening Sticker Shop,https://line.me/R/nv/stickerShop,Description,Opens Sticker Shop > HOME tab.,https://developers.line.biz/en/docs/line-login/using-line-url-scheme/
line-login,line-login/using-line-url-scheme,Using LINE features with the LINE URL scheme,Opening Sticker Shop,https://line.me/R/shop/sticker/hot,Description,Opens Sticker Shop > RANK tab.,https://developers.line.biz/en/docs/line-login/using-line-url-scheme/
line-login,line-login/using-line-url-scheme,Using LINE features with the LINE URL scheme,Opening Sticker Shop,https://line.me/R/shop/sticker/new,Description,Opens Sticker Shop > NEW tab.,https://developers.line.biz/en/docs/line-login/using-line-url-scheme/
line-login,line-login/using-line-url-scheme,Using LINE features with the LINE URL scheme,Opening Sticker Shop,https://line.me/R/shop/sticker/event,Description,Opens Sticker Shop > FREE tab.,https://developers.line.biz/en/docs/line-login/using-line-url-scheme/
line-login,line-login/using-line-url-scheme,Using LINE features with the LINE URL scheme,Opening Sticker Shop,https://line.me/R/shop/sticker/category,Description,Opens Sticker Shop > CATEGORIES tab.,https://developers.line.biz/en/docs/line-login/using-line-url-scheme/
line-login,line-login/using-line-url-scheme,Using LINE features with the LINE URL scheme,Opening a LIFF app,https://liff.line.me/{liffId},Description,Opens the LIFF app with the given LIFF ID. This URL scheme is called a LIFF URL.,https://developers.line.biz/en/docs/line-login/using-line-url-scheme/
line-login,line-login/using-line-url-scheme,Using LINE features with the LINE URL scheme,Opening a LIFF app,https://liff.line.me/{liffId}/path_A/path_B/?key1=value1&key2=value2,Description,Opens the LIFF app with the given LIFF ID. You can pass /path_A/path_B/?key1=value1&key2=value2 as extra information.,https://developers.line.biz/en/docs/line-login/using-line-url-scheme/
line-login,line-login/using-line-url-scheme,Using LINE features with the LINE URL scheme,Opening a URL in an external browser,https://example.com/?openExternalBrowser=1,Description,"Opens target URL, in an external browser.",https://developers.line.biz/en/docs/line-login/using-line-url-scheme/
line-login,line-login/using-line-url-scheme,Using LINE features with the LINE URL scheme,Opening a URL in an external browser,https://example.com/?openInAppBrowser=0,Description,"Opens target URL, in a Chrome custom tab (only available in LINE for Android).",https://developers.line.biz/en/docs/line-login/using-line-url-scheme/
line-login,line-login/verify-id-token,Get profile information from ID tokens,Header,alg,Type,String,https://developers.line.biz/en/docs/line-login/verify-id-token/
line-login,line-login/verify-id-token,Get profile information from ID tokens,Header,alg,Description,"ID token signature algorithm. For native apps, LINE SDK, or LIFF apps, ES256 (ECDSA using P-256 and SHA-256) is returned, and for web login, HS256 (HMAC using SHA-256) is returned.",https://developers.line.biz/en/docs/line-login/verify-id-token/
line-login,line-login/verify-id-token,Get profile information from ID tokens,Header,type,Type,String,https://developers.line.biz/en/docs/line-login/verify-id-token/
line-login,line-login/verify-id-token,Get profile information from ID tokens,Header,type,Description,Payload format. JWT is returned.,https://developers.line.biz/en/docs/line-login/verify-id-token/
line-login,line-login/verify-id-token,Get profile information from ID tokens,Header,kid,Type,String,https://developers.line.biz/en/docs/line-login/verify-id-token/
line-login,line-login/verify-id-token,Get profile information from ID tokens,Header,kid,Description,"Public key ID. Included in a header only when the value of alg is ES256. For more information on the kid property, see the JSON Web Key (JWK) document.",https://developers.line.biz/en/docs/line-login/verify-id-token/
line-login,line-login/verify-id-token,Get profile information from ID tokens,Payload,iss,Type,String,https://developers.line.biz/en/docs/line-login/verify-id-token/
line-login,line-login/verify-id-token,Get profile information from ID tokens,Payload,iss,Description,https://access.line.me. URL where the ID token is generated.,https://developers.line.biz/en/docs/line-login/verify-id-token/
line-login,line-login/verify-id-token,Get profile information from ID tokens,Payload,sub,Type,String,https://developers.line.biz/en/docs/line-login/verify-id-token/
line-login,line-login/verify-id-token,Get profile information from ID tokens,Payload,sub,Description,User ID for which the ID token is generated,https://developers.line.biz/en/docs/line-login/verify-id-token/
line-login,line-login/verify-id-token,Get profile information from ID tokens,Payload,aud,Type,String,https://developers.line.biz/en/docs/line-login/verify-id-token/
line-login,line-login/verify-id-token,Get profile information from ID tokens,Payload,aud,Description,Channel ID,https://developers.line.biz/en/docs/line-login/verify-id-token/
line-login,line-login/verify-id-token,Get profile information from ID tokens,Payload,exp,Type,Number,https://developers.line.biz/en/docs/line-login/verify-id-token/
line-login,line-login/verify-id-token,Get profile information from ID tokens,Payload,exp,Description,The expiration time of the ID token in UNIX time (in seconds).,https://developers.line.biz/en/docs/line-login/verify-id-token/
line-login,line-login/verify-id-token,Get profile information from ID tokens,Payload,iat,Type,Number,https://developers.line.biz/en/docs/line-login/verify-id-token/
line-login,line-login/verify-id-token,Get profile information from ID tokens,Payload,iat,Description,Time when the ID token was generated in UNIX time (in seconds).,https://developers.line.biz/en/docs/line-login/verify-id-token/
line-login,line-login/verify-id-token,Get profile information from ID tokens,Payload,auth_time,Type,Number,https://developers.line.biz/en/docs/line-login/verify-id-token/
line-login,line-login/verify-id-token,Get profile information from ID tokens,Payload,auth_time,Description,Time when the user was authenticated in UNIX time (in seconds). Not included if the max_age parameter wasn't specified in the authorization request.,https://developers.line.biz/en/docs/line-login/verify-id-token/
line-login,line-login/verify-id-token,Get profile information from ID tokens,Payload,nonce,Type,String,https://developers.line.biz/en/docs/line-login/verify-id-token/
line-login,line-login/verify-id-token,Get profile information from ID tokens,Payload,nonce,Description,The nonce value specified in the authorization URL. Not included if the nonce value was not specified in the authorization request.,https://developers.line.biz/en/docs/line-login/verify-id-token/
line-login,line-login/verify-id-token,Get profile information from ID tokens,Payload,amr,Type,Array of strings,https://developers.line.biz/en/docs/line-login/verify-id-token/
line-login,line-login/verify-id-token,Get profile information from ID tokens,Payload,name,Type,String,https://developers.line.biz/en/docs/line-login/verify-id-token/
line-login,line-login/verify-id-token,Get profile information from ID tokens,Payload,name,Description,User's display name. Not included if the profile scope was not specified in the authorization request.,https://developers.line.biz/en/docs/line-login/verify-id-token/
line-login,line-login/verify-id-token,Get profile information from ID tokens,Payload,picture,Type,String,https://developers.line.biz/en/docs/line-login/verify-id-token/
line-login,line-login/verify-id-token,Get profile information from ID tokens,Payload,picture,Description,User's profile image URL. Not included if the profile scope was not specified in the authorization request.,https://developers.line.biz/en/docs/line-login/verify-id-token/
line-login,line-login/verify-id-token,Get profile information from ID tokens,Payload,email,Type,String,https://developers.line.biz/en/docs/line-login/verify-id-token/
line-login,line-login/verify-id-token,Get profile information from ID tokens,Payload,email,Description,User's email address. Not included if the email scope was not specified in the authorization request.,https://developers.line.biz/en/docs/line-login/verify-id-token/
line-login,line-login/verify-id-token,Get profile information from ID tokens,Signature,ES256 (ECDSA using P-256 and SHA-256),Key for verification,Element in the JSON Web Key (JWK) document URL that contains the kid property in the header,https://developers.line.biz/en/docs/line-login/verify-id-token/
line-login,line-login/verify-id-token,Get profile information from ID tokens,Signature,HS256 (HMAC using SHA-256),Key for verification,Channel secret,https://developers.line.biz/en/docs/line-login/verify-id-token/
line-login-sdks,line-login-sdks/android-sdk/overview,LINE SDK for Android overview,What's in this guide,LINE SDK for Android overview,Content,The SDK features and the high-level steps for using the SDK.,https://developers.line.biz/en/docs/line-login-sdks/android-sdk/overview/
line-login-sdks,line-login-sdks/android-sdk/overview,LINE SDK for Android overview,What's in this guide,Trying the sample app,Content,How to run our sample app.,https://developers.line.biz/en/docs/line-login-sdks/android-sdk/overview/
line-login-sdks,line-login-sdks/android-sdk/overview,LINE SDK for Android overview,What's in this guide,Integrating LINE Login with your Android app,Content,How to integrate the LINE SDK into your project and leverage LINE Login to improve your app's user experience.,https://developers.line.biz/en/docs/line-login-sdks/android-sdk/overview/
line-login-sdks,line-login-sdks/android-sdk/overview,LINE SDK for Android overview,What's in this guide,Enabling the add friend option with the SDK,Content,How to display an option to add the LINE Official Account as a friend to users and get the friendship status between the LINE Official Account and the user.,https://developers.line.biz/en/docs/line-login-sdks/android-sdk/overview/
line-login-sdks,line-login-sdks/android-sdk/overview,LINE SDK for Android overview,What's in this guide,Managing users,Content,"How to get user profiles, use ID tokens to get user data, and log out users.",https://developers.line.biz/en/docs/line-login-sdks/android-sdk/overview/
line-login-sdks,line-login-sdks/android-sdk/overview,LINE SDK for Android overview,What's in this guide,Managing access tokens,Content,How to refresh and verify access tokens and get the current access token.,https://developers.line.biz/en/docs/line-login-sdks/android-sdk/overview/
line-login-sdks,line-login-sdks/android-sdk/overview,LINE SDK for Android overview,What's in this guide,Handling errors,Content,Errors returned by the SDK.,https://developers.line.biz/en/docs/line-login-sdks/android-sdk/overview/
line-login-sdks,line-login-sdks/android-sdk/overview,LINE SDK for Android overview,What's in this guide,LINE SDK v5 for Android reference,Content,Detailed information on the interfaces and classes available in the SDK.,https://developers.line.biz/en/docs/line-login-sdks/android-sdk/overview/
line-login-sdks,line-login-sdks/android-sdk/overview,LINE SDK for Android overview,Other resources,Release notes for LINE SDK for Android,Content,SDK changelog.,https://developers.line.biz/en/docs/line-login-sdks/android-sdk/overview/
line-login-sdks,line-login-sdks/android-sdk/overview,LINE SDK for Android overview,Other resources,LINE API SDKs,Content,Links to download the LINE SDKs.,https://developers.line.biz/en/docs/line-login-sdks/android-sdk/overview/
line-login-sdks,line-login-sdks/ios-sdk/swift/overview,LINE SDK for iOS Swift overview,What's in this guide,LINE SDK for iOS Swift overview,Content,The SDK features and the high-level steps for using the SDK.,https://developers.line.biz/en/docs/line-login-sdks/ios-sdk/swift/overview/
line-login-sdks,line-login-sdks/ios-sdk/swift/overview,LINE SDK for iOS Swift overview,What's in this guide,Trying the starter app,Content,How to run our starter app.,https://developers.line.biz/en/docs/line-login-sdks/ios-sdk/swift/overview/
line-login-sdks,line-login-sdks/ios-sdk/swift/overview,LINE SDK for iOS Swift overview,What's in this guide,Setting up your project,Content,How to integrate the LINE SDK into your project.,https://developers.line.biz/en/docs/line-login-sdks/ios-sdk/swift/overview/
line-login-sdks,line-login-sdks/ios-sdk/swift/overview,LINE SDK for iOS Swift overview,What's in this guide,Integrating LINE Login with your iOS app,Content,How to leverage LINE Login to improve your app's user experience.,https://developers.line.biz/en/docs/line-login-sdks/ios-sdk/swift/overview/
line-login-sdks,line-login-sdks/ios-sdk/swift/overview,LINE SDK for iOS Swift overview,What's in this guide,Enabling the add friend option with the SDK,Content,How to display an option to add the LINE Official Account as a friend to users and get the friendship status between the LINE Official Account and the user.,https://developers.line.biz/en/docs/line-login-sdks/ios-sdk/swift/overview/
line-login-sdks,line-login-sdks/ios-sdk/swift/overview,LINE SDK for iOS Swift overview,What's in this guide,Managing users,Content,"How to get user profiles, use ID tokens to get user data, and log out users.",https://developers.line.biz/en/docs/line-login-sdks/ios-sdk/swift/overview/
line-login-sdks,line-login-sdks/ios-sdk/swift/overview,LINE SDK for iOS Swift overview,What's in this guide,Managing access tokens,Content,How to refresh and verify access tokens and get the current access token.,https://developers.line.biz/en/docs/line-login-sdks/ios-sdk/swift/overview/
line-login-sdks,line-login-sdks/ios-sdk/swift/overview,LINE SDK for iOS Swift overview,What's in this guide,Handling errors,Content,How to handle errors returned by the SDK.,https://developers.line.biz/en/docs/line-login-sdks/ios-sdk/swift/overview/
line-login-sdks,line-login-sdks/ios-sdk/swift/overview,LINE SDK for iOS Swift overview,What's in this guide,Using the SDK with Objective-C code,Content,How to integrate the LINE SDK for iOS Swift into your Objective-C project.,https://developers.line.biz/en/docs/line-login-sdks/ios-sdk/swift/overview/
line-login-sdks,line-login-sdks/ios-sdk/swift/overview,LINE SDK for iOS Swift overview,What's in this guide,Upgrading the SDK,Content,How to upgrade from the LINE SDK v4.1 for iOS to the LINE SDK v5 for iOS Swift.,https://developers.line.biz/en/docs/line-login-sdks/ios-sdk/swift/overview/
line-login-sdks,line-login-sdks/ios-sdk/swift/overview,LINE SDK for iOS Swift overview,What's in this guide,LINE SDK v5 for iOS Swift reference,Content,Detailed information on the protocols and classes available in the SDK.,https://developers.line.biz/en/docs/line-login-sdks/ios-sdk/swift/overview/
line-login-sdks,line-login-sdks/ios-sdk/swift/overview,LINE SDK for iOS Swift overview,Other resources,Release notes for LINE SDK for iOS,Content,SDK changelog.,https://developers.line.biz/en/docs/line-login-sdks/ios-sdk/swift/overview/
line-login-sdks,line-login-sdks/ios-sdk/swift/overview,LINE SDK for iOS Swift overview,Other resources,LINE API SDKs,Content,Links to download the LINE SDKs.,https://developers.line.biz/en/docs/line-login-sdks/ios-sdk/swift/overview/
line-login-sdks,line-login-sdks/unity-sdk/integrate-line-login,Integrating LINE Login with your Unity game,Settings for Android export,Settings for Android export,限制（寫在內文）,Set Minimum API Level to at least API level 19.,https://developers.line.biz/en/docs/line-login-sdks/unity-sdk/integrate-line-login/
line-login-sdks,line-login-sdks/unity-sdk/integrate-line-login,Integrating LINE Login with your Unity game,Settings for iOS export,Settings for iOS export,限制（寫在內文）,Set Target minimum iOS Version to at least 11.0.,https://developers.line.biz/en/docs/line-login-sdks/unity-sdk/integrate-line-login/
line-login-sdks,line-login-sdks/unity-sdk/overview,LINE SDK for Unity overview,What's in this guide,LINE SDK for Unity overview,Content,SDK features and high-level steps for using the SDK.,https://developers.line.biz/en/docs/line-login-sdks/unity-sdk/overview/
line-login-sdks,line-login-sdks/unity-sdk/overview,LINE SDK for Unity overview,What's in this guide,Setting up project,Content,The prerequisites and environment needed for integrating the LINE SDK for Unity.,https://developers.line.biz/en/docs/line-login-sdks/unity-sdk/overview/
line-login-sdks,line-login-sdks/unity-sdk/overview,LINE SDK for Unity overview,What's in this guide,Trying the starter app,Content,How to run our starter app.,https://developers.line.biz/en/docs/line-login-sdks/unity-sdk/overview/
line-login-sdks,line-login-sdks/unity-sdk/overview,LINE SDK for Unity overview,What's in this guide,Integrating LINE Login with your Unity game,Content,How to integrate the LINE SDK into your project and leverage LINE Login to improve your app's user experience.,https://developers.line.biz/en/docs/line-login-sdks/unity-sdk/overview/
line-login-sdks,line-login-sdks/unity-sdk/overview,LINE SDK for Unity overview,What's in this guide,Using LINE SDK for other APIs and result handling,Content,Usage and other details of LINE SDK for Unity.,https://developers.line.biz/en/docs/line-login-sdks/unity-sdk/overview/
line-login-sdks,line-login-sdks/unity-sdk/overview,LINE SDK for Unity overview,What's in this guide,LINE SDK for Unity reference,Content,Detailed information on the interfaces and classes available in the SDK.,https://developers.line.biz/en/docs/line-login-sdks/unity-sdk/overview/
line-login-sdks,line-login-sdks/unity-sdk/overview,LINE SDK for Unity overview,Other resources,Release notes for LINE SDK for Unity,Content,Change log for the SDK.,https://developers.line.biz/en/docs/line-login-sdks/unity-sdk/overview/
line-mini-app,line-mini-app/design/line-mini-app-icon,LINE MINI App icon specifications and guidelines,Logo design,White (#FFFFFF),Outline color,Black (#000000),https://developers.line.biz/en/docs/line-mini-app/design/line-mini-app-icon/
line-mini-app,line-mini-app/design/line-mini-app-icon,LINE MINI App icon specifications and guidelines,Logo design,White (#FFFFFF),Outline opacity,12%,https://developers.line.biz/en/docs/line-mini-app/design/line-mini-app-icon/
line-mini-app,line-mini-app/design/line-mini-app-icon,LINE MINI App icon specifications and guidelines,Logo design,Black (#000000) Dark (#181818),Outline color,White (#FFFFFF),https://developers.line.biz/en/docs/line-mini-app/design/line-mini-app-icon/
line-mini-app,line-mini-app/design/line-mini-app-icon,LINE MINI App icon specifications and guidelines,Logo design,Black (#000000) Dark (#181818),Outline opacity,8%,https://developers.line.biz/en/docs/line-mini-app/design/line-mini-app-icon/
line-mini-app,line-mini-app/design/line-mini-app-icon,LINE MINI App icon specifications and guidelines,Logo design,Other color,Outline color,Black (#000000),https://developers.line.biz/en/docs/line-mini-app/design/line-mini-app-icon/
line-mini-app,line-mini-app/design/line-mini-app-icon,LINE MINI App icon specifications and guidelines,Logo design,Other color,Outline opacity,8%,https://developers.line.biz/en/docs/line-mini-app/design/line-mini-app-icon/
line-mini-app,line-mini-app/design/line-mini-app-icon,LINE MINI App icon specifications and guidelines,Logo size,Logo size,限制（寫在內文）,The minimum logo size (LOGO SIZE) must be 54x54px and the maximum must be 90x90px.,https://developers.line.biz/en/docs/line-mini-app/design/line-mini-app-icon/
line-mini-app,line-mini-app/develop/add-to-home-screen,Add a shortcut to your LINE MINI App to the home screen of the user's device,Operating conditions,Safari,iOS version,All versions,https://developers.line.biz/en/docs/line-mini-app/develop/add-to-home-screen/
line-mini-app,line-mini-app/develop/add-to-home-screen,Add a shortcut to your LINE MINI App to the home screen of the user's device,Operating conditions,Safari,Whether it works or not,Works,https://developers.line.biz/en/docs/line-mini-app/develop/add-to-home-screen/
line-mini-app,line-mini-app/develop/add-to-home-screen,Add a shortcut to your LINE MINI App to the home screen of the user's device,Operating conditions,Chrome,iOS version,16.4 or later,https://developers.line.biz/en/docs/line-mini-app/develop/add-to-home-screen/
line-mini-app,line-mini-app/develop/add-to-home-screen,Add a shortcut to your LINE MINI App to the home screen of the user's device,Operating conditions,Chrome,Whether it works or not,Works,https://developers.line.biz/en/docs/line-mini-app/develop/add-to-home-screen/
line-mini-app,line-mini-app/develop/add-to-home-screen,Add a shortcut to your LINE MINI App to the home screen of the user's device,Operating conditions,Browsers other than Safari and Chrome,iOS version,16.4 or later,https://developers.line.biz/en/docs/line-mini-app/develop/add-to-home-screen/
line-mini-app,line-mini-app/develop/add-to-home-screen,Add a shortcut to your LINE MINI App to the home screen of the user's device,Operating conditions,Browsers other than Safari and Chrome,Whether it works or not,Not guaranteed to work,https://developers.line.biz/en/docs/line-mini-app/develop/add-to-home-screen/
line-mini-app,line-mini-app/develop/add-to-home-screen,Add a shortcut to your LINE MINI App to the home screen of the user's device,Operating conditions,Browsers other than Safari,iOS version,Earlier than 16.4,https://developers.line.biz/en/docs/line-mini-app/develop/add-to-home-screen/
line-mini-app,line-mini-app/develop/add-to-home-screen,Add a shortcut to your LINE MINI App to the home screen of the user's device,Operating conditions,Browsers other than Safari,Whether it works or not,Doesn't work,https://developers.line.biz/en/docs/line-mini-app/develop/add-to-home-screen/
line-mini-app,line-mini-app/develop/channel-consent-simplification,LINE MINI App authorization flow,2. Request permissions other than the `openid` scope on the verification screen,email,Method,liff.getIDToken() liff.getDecodedIDToken(),https://developers.line.biz/en/docs/line-mini-app/develop/channel-consent-simplification/
line-mini-app,line-mini-app/develop/channel-consent-simplification,LINE MINI App authorization flow,2. Request permissions other than the `openid` scope on the verification screen,profile,Method,liff.getProfile() liff.getFriendship(),https://developers.line.biz/en/docs/line-mini-app/develop/channel-consent-simplification/
line-mini-app,line-mini-app/develop/channel-consent-simplification,LINE MINI App authorization flow,2. Request permissions other than the `openid` scope on the verification screen,chat_message.write,Method,liff.sendMessages(),https://developers.line.biz/en/docs/line-mini-app/develop/channel-consent-simplification/
line-mini-app,line-mini-app/develop/channel-consent-simplification,LINE MINI App authorization flow,Differences in behavior based on whether users have consented to the simplification,"LINE MINI App where the ""Channel consent simplification"" feature is enabled",Users have consented to the simplification,The channel consent screen is skipped.,https://developers.line.biz/en/docs/line-mini-app/develop/channel-consent-simplification/
line-mini-app,line-mini-app/develop/channel-consent-simplification,LINE MINI App authorization flow,Differences in behavior based on whether users have consented to the simplification,"LINE MINI App where the ""Channel consent simplification"" feature is enabled",Users haven't consented to the simplification,The channel consent screen is displayed.,https://developers.line.biz/en/docs/line-mini-app/develop/channel-consent-simplification/
line-mini-app,line-mini-app/develop/channel-consent-simplification,LINE MINI App authorization flow,Differences in behavior based on whether users have consented to the simplification,"LINE MINI App where the ""Channel consent simplification"" feature is disabled",Users have consented to the simplification,The channel consent screen is displayed.,https://developers.line.biz/en/docs/line-mini-app/develop/channel-consent-simplification/
line-mini-app,line-mini-app/develop/channel-consent-simplification,LINE MINI App authorization flow,Differences in behavior based on whether users have consented to the simplification,"LINE MINI App where the ""Channel consent simplification"" feature is disabled",Users haven't consented to the simplification,The channel consent screen is displayed.,https://developers.line.biz/en/docs/line-mini-app/develop/channel-consent-simplification/
line-mini-app,line-mini-app/develop/configure-console,Settings displayed to LINE MINI App users,**Settings** tab,Provider name,Display,Verification screen Channel consent screen,https://developers.line.biz/en/docs/line-mini-app/develop/configure-console/
line-mini-app,line-mini-app/develop/configure-console,Settings displayed to LINE MINI App users,**Basic settings** tab,Privacy policy URL,Display Screen,Channel consent screen,https://developers.line.biz/en/docs/line-mini-app/develop/configure-console/
line-mini-app,line-mini-app/develop/configure-console,Settings displayed to LINE MINI App users,**Basic settings** tab,Localization (multi-language support),Display Screen,Channel consent screen,https://developers.line.biz/en/docs/line-mini-app/develop/configure-console/
line-mini-app,line-mini-app/develop/configure-console,Settings displayed to LINE MINI App users,**Basic settings** tab,Linked LINE Official Account,Display Screen,Verification screen Channel consent screen,https://developers.line.biz/en/docs/line-mini-app/develop/configure-console/
line-mini-app,line-mini-app/develop/configure-console,Settings displayed to LINE MINI App users,**Web app settings** tab,Endpoint URL,Display Screen,Add Shortcut screen,https://developers.line.biz/en/docs/line-mini-app/develop/configure-console/
line-mini-app,line-mini-app/develop/configure-console,Settings displayed to LINE MINI App users,Action button,LINE MINI App name,Settings,Basic settings tab > Channel name,https://developers.line.biz/en/docs/line-mini-app/develop/configure-console/
line-mini-app,line-mini-app/develop/configure-console,Settings displayed to LINE MINI App users,Action button,LINE MINI App icon,Settings,Basic settings tab > Channel icon,https://developers.line.biz/en/docs/line-mini-app/develop/configure-console/
line-mini-app,line-mini-app/develop/configure-console,Settings displayed to LINE MINI App users,Multi-tab view,LINE MINI App name,Settings,Basic settings tab > Channel name,https://developers.line.biz/en/docs/line-mini-app/develop/configure-console/
line-mini-app,line-mini-app/develop/configure-console,Settings displayed to LINE MINI App users,Multi-tab view,LINE MINI App icon,Settings,Basic settings tab > Channel icon,https://developers.line.biz/en/docs/line-mini-app/develop/configure-console/
line-mini-app,line-mini-app/develop/configure-console,Settings displayed to LINE MINI App users,Verification screen,LINE MINI App icon,Settings,Basic settings tab > Channel icon,https://developers.line.biz/en/docs/line-mini-app/develop/configure-console/
line-mini-app,line-mini-app/develop/configure-console,Settings displayed to LINE MINI App users,Verification screen,LINE MINI App name,Settings,Basic settings tab > Channel name,https://developers.line.biz/en/docs/line-mini-app/develop/configure-console/
line-mini-app,line-mini-app/develop/configure-console,Settings displayed to LINE MINI App users,Verification screen,Provider name,Settings,Settings tab > Provider name of the provider to which the LINE MINI App channel belongs,https://developers.line.biz/en/docs/line-mini-app/develop/configure-console/
line-mini-app,line-mini-app/develop/configure-console,Settings displayed to LINE MINI App users,Verification screen,Description,Settings,Basic settings tab > Channel description,https://developers.line.biz/en/docs/line-mini-app/develop/configure-console/
line-mini-app,line-mini-app/develop/configure-console,Settings displayed to LINE MINI App users,Verification screen,LINE Official Account,Settings,Basic settings tab > Linked LINE Official Account,https://developers.line.biz/en/docs/line-mini-app/develop/configure-console/
line-mini-app,line-mini-app/develop/configure-console,Settings displayed to LINE MINI App users,Channel consent screen,LINE MINI App icon,Settings,Basic settings tab > Channel icon,https://developers.line.biz/en/docs/line-mini-app/develop/configure-console/
line-mini-app,line-mini-app/develop/configure-console,Settings displayed to LINE MINI App users,Channel consent screen,LINE MINI App name,Settings,Basic settings tab > Channel name,https://developers.line.biz/en/docs/line-mini-app/develop/configure-console/
line-mini-app,line-mini-app/develop/configure-console,Settings displayed to LINE MINI App users,Channel consent screen,Provider name,Settings,Settings tab > Provider name of the provider to which the LINE MINI App channel belongs,https://developers.line.biz/en/docs/line-mini-app/develop/configure-console/
line-mini-app,line-mini-app/develop/configure-console,Settings displayed to LINE MINI App users,Channel consent screen,Description,Settings,Basic settings tab > Channel description,https://developers.line.biz/en/docs/line-mini-app/develop/configure-console/
line-mini-app,line-mini-app/develop/configure-console,Settings displayed to LINE MINI App users,Channel consent screen,Privacy policy URL,Settings,Basic settings tab > Privacy policy URL,https://developers.line.biz/en/docs/line-mini-app/develop/configure-console/
line-mini-app,line-mini-app/develop/configure-console,Settings displayed to LINE MINI App users,Channel consent screen,LINE Official Account,Settings,Basic settings tab > Linked LINE Official Account,https://developers.line.biz/en/docs/line-mini-app/develop/configure-console/
line-mini-app,line-mini-app/develop/configure-console,Settings displayed to LINE MINI App users,Multi-language support of the Channel consent screen,LINE MINI App name,Settings,Channel basic settings tab > Localization (multi-language support) > Channel name,https://developers.line.biz/en/docs/line-mini-app/develop/configure-console/
line-mini-app,line-mini-app/develop/configure-console,Settings displayed to LINE MINI App users,Multi-language support of the Channel consent screen,Description,Settings,Basic settings tab > Localization (multi-language support) > Channel description,https://developers.line.biz/en/docs/line-mini-app/develop/configure-console/
line-mini-app,line-mini-app/develop/configure-console,Settings displayed to LINE MINI App users,Footer section of service message,LINE MINI App name,Settings,Basic settings tab > Channel name,https://developers.line.biz/en/docs/line-mini-app/develop/configure-console/
line-mini-app,line-mini-app/develop/configure-console,Settings displayed to LINE MINI App users,Footer section of service message,Image,Settings,Basic settings tab > Channel icon,https://developers.line.biz/en/docs/line-mini-app/develop/configure-console/
line-mini-app,line-mini-app/develop/configure-console,Settings displayed to LINE MINI App users,Add Shortcut screen,LINE MINI App name,Settings,Basic settings tab > Channel name,https://developers.line.biz/en/docs/line-mini-app/develop/configure-console/
line-mini-app,line-mini-app/develop/configure-console,Settings displayed to LINE MINI App users,Add Shortcut screen,LINE MINI App icon,Settings,Basic settings tab > Channel icon,https://developers.line.biz/en/docs/line-mini-app/develop/configure-console/
line-mini-app,line-mini-app/develop/configure-console,Settings displayed to LINE MINI App users,Add Shortcut screen,LINE MINI App endpoint URL,Settings,Web app settings tab > Endpoint URL,https://developers.line.biz/en/docs/line-mini-app/develop/configure-console/
line-mini-app,line-mini-app/develop/custom-path,Configuring Custom Path,,https://miniapp.line.me/123456-abcdefg,Example of setting Custom Path,https://miniapp.line.me/cony_coffee,https://developers.line.biz/en/docs/line-mini-app/develop/custom-path/
line-mini-app,line-mini-app/develop/develop-overview,Getting started,Create a LINE MINI App Channel,Channel type,Required?,✅,https://developers.line.biz/en/docs/line-mini-app/develop/develop-overview/
line-mini-app,line-mini-app/develop/develop-overview,Getting started,Create a LINE MINI App Channel,Channel type,Description,The channel type. Select LINE MINI App to create your LINE MINI App channel.,https://developers.line.biz/en/docs/line-mini-app/develop/develop-overview/
line-mini-app,line-mini-app/develop/develop-overview,Getting started,Create a LINE MINI App Channel,Provider,Required?,✅,https://developers.line.biz/en/docs/line-mini-app/develop/develop-overview/
line-mini-app,line-mini-app/develop/develop-overview,Getting started,Create a LINE MINI App Channel,Provider,Description,The channel's provider,https://developers.line.biz/en/docs/line-mini-app/develop/develop-overview/
line-mini-app,line-mini-app/develop/develop-overview,Getting started,Create a LINE MINI App Channel,Provider,Location displayed to users,Permission consent screen when launching LINE Login or LIFF App,https://developers.line.biz/en/docs/line-mini-app/develop/develop-overview/
line-mini-app,line-mini-app/develop/develop-overview,Getting started,Create a LINE MINI App Channel,Region to provide the service,Required?,✅,https://developers.line.biz/en/docs/line-mini-app/develop/develop-overview/
line-mini-app,line-mini-app/develop/develop-overview,Getting started,Create a LINE MINI App Channel,Region to provide the service,Description,"The region you want to provide your LINE MINI App. One of: Japan Thailand Taiwan \*If you want to provide your LINE MINI App in multiple regions, create a channel for each region.",https://developers.line.biz/en/docs/line-mini-app/develop/develop-overview/
line-mini-app,line-mini-app/develop/develop-overview,Getting started,Create a LINE MINI App Channel,Channel icon,Required?,❌,https://developers.line.biz/en/docs/line-mini-app/develop/develop-overview/
line-mini-app,line-mini-app/develop/develop-overview,Getting started,Create a LINE MINI App Channel,Channel icon,Description,"The channel's icon. For more information on the icon size and design, see LINE MINI App icon specifications and guidelines.",https://developers.line.biz/en/docs/line-mini-app/develop/develop-overview/
line-mini-app,line-mini-app/develop/develop-overview,Getting started,Create a LINE MINI App Channel,Channel name,Required?,✅,https://developers.line.biz/en/docs/line-mini-app/develop/develop-overview/
line-mini-app,line-mini-app/develop/develop-overview,Getting started,Create a LINE MINI App Channel,Channel name,Description,"The channel's name \*Channel name can't contain ""LINE"" or similar strings.",https://developers.line.biz/en/docs/line-mini-app/develop/develop-overview/
line-mini-app,line-mini-app/develop/develop-overview,Getting started,Create a LINE MINI App Channel,Channel description,Required?,✅,https://developers.line.biz/en/docs/line-mini-app/develop/develop-overview/
line-mini-app,line-mini-app/develop/develop-overview,Getting started,Create a LINE MINI App Channel,Channel description,Location displayed to users,Permission consent screen when launching LINE MINI App,https://developers.line.biz/en/docs/line-mini-app/develop/develop-overview/
line-mini-app,line-mini-app/develop/develop-overview,Getting started,Create a LINE MINI App Channel,Email address,Required?,✅,https://developers.line.biz/en/docs/line-mini-app/develop/develop-overview/
line-mini-app,line-mini-app/develop/develop-overview,Getting started,Create a LINE MINI App Channel,Email address,Description,Email address to receive important updates about the channel,https://developers.line.biz/en/docs/line-mini-app/develop/develop-overview/
line-mini-app,line-mini-app/develop/develop-overview,Getting started,Create a LINE MINI App Channel,Privacy policy URL,Required?,✅ \*,https://developers.line.biz/en/docs/line-mini-app/develop/develop-overview/
line-mini-app,line-mini-app/develop/develop-overview,Getting started,Create a LINE MINI App Channel,Privacy policy URL,Description,The app's privacy policy URL,https://developers.line.biz/en/docs/line-mini-app/develop/develop-overview/
line-mini-app,line-mini-app/develop/develop-overview,Getting started,Create a LINE MINI App Channel,Privacy policy URL,Location displayed to users,Permission consent screen when launching LINE MINI App,https://developers.line.biz/en/docs/line-mini-app/develop/develop-overview/
line-mini-app,line-mini-app/develop/develop-overview,Getting started,Create a LINE MINI App Channel,Terms of use URL,Required?,❌,https://developers.line.biz/en/docs/line-mini-app/develop/develop-overview/
line-mini-app,line-mini-app/develop/develop-overview,Getting started,Create a LINE MINI App Channel,Terms of use URL,Description,The app's terms of use URL,https://developers.line.biz/en/docs/line-mini-app/develop/develop-overview/
line-mini-app,line-mini-app/develop/develop-overview,Getting started,Create a LINE MINI App Channel,Terms of use URL,Location displayed to users,Permission consent screen when launching LINE MINI App,https://developers.line.biz/en/docs/line-mini-app/develop/develop-overview/
line-mini-app,line-mini-app/develop/develop-overview,Getting started,Create a LINE MINI App Channel,LINE Developers Agreement,Required?,✅,https://developers.line.biz/en/docs/line-mini-app/develop/develop-overview/
line-mini-app,line-mini-app/develop/develop-overview,Getting started,Create a LINE MINI App Channel,LINE Developers Agreement,Description,Read and agree to the LINE Developers Agreement.,https://developers.line.biz/en/docs/line-mini-app/develop/develop-overview/
line-mini-app,line-mini-app/develop/develop-overview,Getting started,Create a LINE MINI App Channel,LINE MINI App Platform Agreemeent,Required?,✅,https://developers.line.biz/en/docs/line-mini-app/develop/develop-overview/
line-mini-app,line-mini-app/develop/develop-overview,Getting started,Create a LINE MINI App Channel,LINE MINI App Platform Agreemeent,Description,Read and agree to the LINE MINI App Platform Agreement.,https://developers.line.biz/en/docs/line-mini-app/develop/develop-overview/
line-mini-app,line-mini-app/develop/develop-overview,Getting started,Create a LINE MINI App Channel,LINE MINI App Policy,Required?,✅,https://developers.line.biz/en/docs/line-mini-app/develop/develop-overview/
line-mini-app,line-mini-app/develop/develop-overview,Getting started,Create a LINE MINI App Channel,LINE MINI App Policy,Description,Read and agree to the LINE MINI App Policy.,https://developers.line.biz/en/docs/line-mini-app/develop/develop-overview/
line-mini-app,line-mini-app/develop/develop-overview,Getting started,Create a LINE MINI App Channel,Service company's country or region,Required?,✅,https://developers.line.biz/en/docs/line-mini-app/develop/develop-overview/
line-mini-app,line-mini-app/develop/develop-overview,Getting started,Create a LINE MINI App Channel,Service company's country or region,Description,Represent and warrant that the region to provide the LINE MINI App and service company's country or region are the same.,https://developers.line.biz/en/docs/line-mini-app/develop/develop-overview/
line-mini-app,line-mini-app/develop/develop-overview,Getting started,Create a LINE MINI App Channel,Service company's country or region,Location displayed to users,Permission consent screen when launching LINE MINI App,https://developers.line.biz/en/docs/line-mini-app/develop/develop-overview/
line-mini-app,line-mini-app/develop/develop-overview,Getting started,Create a LINE MINI App Channel,LY Corporation Privacy Policy,Required?,See description,https://developers.line.biz/en/docs/line-mini-app/develop/develop-overview/
line-mini-app,line-mini-app/develop/develop-overview,Getting started,Create a LINE MINI App Channel,LY Corporation Privacy Policy,Description,Required only if you've selected Thailand as Region to provide the service. Read and acknowledge LY Corporation Privacy Policy.,https://developers.line.biz/en/docs/line-mini-app/develop/develop-overview/
line-mini-app,line-mini-app/develop/develop-overview,Getting started,Internal structure of a LINE MINI App channel,LINE MINI App channel in Developing,Description,"LINE MINI App channel used for development. The channel status is always ""Developing"".",https://developers.line.biz/en/docs/line-mini-app/develop/develop-overview/
line-mini-app,line-mini-app/develop/develop-overview,Getting started,Internal structure of a LINE MINI App channel,LINE MINI App channel in Review,Description,"LINE MINI App channel used for review by LY Corporation. The channel status is always ""Developing"".",https://developers.line.biz/en/docs/line-mini-app/develop/develop-overview/
line-mini-app,line-mini-app/develop/develop-overview,Getting started,Internal structure of a LINE MINI App channel,LINE MINI App channel in Published,Description,"LINE MINI App channel that is published and made available to users. The channel status is always ""Publishing"".",https://developers.line.biz/en/docs/line-mini-app/develop/develop-overview/
line-mini-app,line-mini-app/develop/payment,Handling payments,Available payment system,LINE Pay,Japan,❌,https://developers.line.biz/en/docs/line-mini-app/develop/payment/
line-mini-app,line-mini-app/develop/payment,Handling payments,Available payment system,LINE Pay,Taiwan,✅,https://developers.line.biz/en/docs/line-mini-app/develop/payment/
line-mini-app,line-mini-app/develop/payment,Handling payments,Available payment system,LINE Pay,Thailand,✅,https://developers.line.biz/en/docs/line-mini-app/develop/payment/
line-mini-app,line-mini-app/develop/payment,Handling payments,Available payment system,In-app purchase for the LINE MINI App,Japan,✅,https://developers.line.biz/en/docs/line-mini-app/develop/payment/
line-mini-app,line-mini-app/develop/payment,Handling payments,Available payment system,In-app purchase for the LINE MINI App,Taiwan,❌,https://developers.line.biz/en/docs/line-mini-app/develop/payment/
line-mini-app,line-mini-app/develop/payment,Handling payments,Available payment system,In-app purchase for the LINE MINI App,Thailand,❌,https://developers.line.biz/en/docs/line-mini-app/develop/payment/
line-mini-app,line-mini-app/develop/payment,Handling payments,Available payment system,Other methods,Japan,✅,https://developers.line.biz/en/docs/line-mini-app/develop/payment/
line-mini-app,line-mini-app/develop/payment,Handling payments,Available payment system,Other methods,Taiwan,✅,https://developers.line.biz/en/docs/line-mini-app/develop/payment/
line-mini-app,line-mini-app/develop/payment,Handling payments,Available payment system,Other methods,Thailand,✅,https://developers.line.biz/en/docs/line-mini-app/develop/payment/
line-mini-app,line-mini-app/develop/permanent-links,Creating permanent links,,LIFF URL\*,Settings,https://miniapp.line.me/123456-abcedfg,https://developers.line.biz/en/docs/line-mini-app/develop/permanent-links/
line-mini-app,line-mini-app/develop/permanent-links,Creating permanent links,,URL of the LINE MINI App page,Settings,https://example.com/shop?search=shoes#item10,https://developers.line.biz/en/docs/line-mini-app/develop/permanent-links/
line-mini-app,line-mini-app/develop/permanent-links,Creating permanent links,,Endpoint URL\*,Settings,https://example.com,https://developers.line.biz/en/docs/line-mini-app/develop/permanent-links/
line-mini-app,line-mini-app/develop/permanent-links,Creating permanent links,Differences in domain names depending on the LINE app version,13.20 or later,Example of URLs generated,https://miniapp.line.me/{liffId},https://developers.line.biz/en/docs/line-mini-app/develop/permanent-links/
line-mini-app,line-mini-app/develop/permanent-links,Creating permanent links,Differences in domain names depending on the LINE app version,Earlier than 13.20,Example of URLs generated,https://liff.line.me/{liffId},https://developers.line.biz/en/docs/line-mini-app/develop/permanent-links/
line-mini-app,line-mini-app/develop/service-messages,Sending service messages,Chat room where service messages are displayed,LINEミニアプリ お知らせ,Thailand,LINE MINI App Notice,https://developers.line.biz/en/docs/line-mini-app/develop/service-messages/
line-mini-app,line-mini-app/develop/service-messages,Sending service messages,Chat room where service messages are displayed,LINEミニアプリ お知らせ,Taiwan,LINE MINI App 通知,https://developers.line.biz/en/docs/line-mini-app/develop/service-messages/
line-mini-app,line-mini-app/develop/service-messages,Sending service messages,Adding service message templates to the channel,Select template,Description,Select a template to use with the Service Message API.,https://developers.line.biz/en/docs/line-mini-app/develop/service-messages/
line-mini-app,line-mini-app/develop/service-messages,Sending service messages,Adding service message templates to the channel,Use Case,Description,Enter the exact use case for the template.,https://developers.line.biz/en/docs/line-mini-app/develop/service-messages/
line-mini-app,line-mini-app/develop/service-messages,Sending service messages,Adding service message templates to the channel,PUBLISHING,Description,Passed review. Used to send service messages from the production channel to the user of the LINE MINI App channel.,https://developers.line.biz/en/docs/line-mini-app/develop/service-messages/
line-mini-app,line-mini-app/develop/service-messages,Sending service messages,Template elements,A,Section,Title,https://developers.line.biz/en/docs/line-mini-app/develop/service-messages/
line-mini-app,line-mini-app/develop/service-messages,Sending service messages,Template elements,A,Description,The title section consists of these elements. Title (A-1) Subtitle (A-2),https://developers.line.biz/en/docs/line-mini-app/develop/service-messages/
line-mini-app,line-mini-app/develop/service-messages,Sending service messages,Template elements,B,Section,Detail,https://developers.line.biz/en/docs/line-mini-app/develop/service-messages/
line-mini-app,line-mini-app/develop/service-messages,Sending service messages,Template elements,C,Section,Button,https://developers.line.biz/en/docs/line-mini-app/develop/service-messages/
line-mini-app,line-mini-app/develop/service-messages,Sending service messages,Template elements,D,Section,Footer,https://developers.line.biz/en/docs/line-mini-app/develop/service-messages/
line-mini-app,line-mini-app/develop/service-messages,Sending service messages,Maximum number of characters for each element,detailed,Recommended number of characters,10,https://developers.line.biz/en/docs/line-mini-app/develop/service-messages/
line-mini-app,line-mini-app/develop/service-messages,Sending service messages,Maximum number of characters for each element,detailed,Soft limit,36,https://developers.line.biz/en/docs/line-mini-app/develop/service-messages/
line-mini-app,line-mini-app/develop/service-messages,Sending service messages,Maximum number of characters for each element,detailed,Hard limit,50,https://developers.line.biz/en/docs/line-mini-app/develop/service-messages/
line-mini-app,line-mini-app/develop/service-messages,Sending service messages,Maximum number of characters for each element,simple,Recommended number of characters,32,https://developers.line.biz/en/docs/line-mini-app/develop/service-messages/
line-mini-app,line-mini-app/develop/service-messages,Sending service messages,Maximum number of characters for each element,simple,Soft limit,100,https://developers.line.biz/en/docs/line-mini-app/develop/service-messages/
line-mini-app,line-mini-app/develop/service-messages,Sending service messages,Maximum number of characters for each element,simple,Hard limit,150,https://developers.line.biz/en/docs/line-mini-app/develop/service-messages/
line-mini-app,line-mini-app/develop/service-messages,Sending service messages,Maximum number of characters for each element,Recommended number of characters or less,How the text is displayed,All text will be displayed,https://developers.line.biz/en/docs/line-mini-app/develop/service-messages/
line-mini-app,line-mini-app/develop/service-messages,Sending service messages,Maximum number of characters for each element,"Larger than the recommended number of characters, and the soft limit or less",How the text is displayed,Characters overflowing the displayable area may be replaced by an ellipsis (...),https://developers.line.biz/en/docs/line-mini-app/develop/service-messages/
line-mini-app,line-mini-app/develop/service-messages,Sending service messages,Maximum number of characters for each element,"Larger than the soft limit, and the hard limit or less",How the text is displayed,Characters overflowing the displayable area are replaced by an ellipsis (...),https://developers.line.biz/en/docs/line-mini-app/develop/service-messages/
line-mini-app,line-mini-app/develop/service-messages,Sending service messages,Maximum number of characters for each element,Larger than the hard limit,How the text is displayed,Can't send service message due to error,https://developers.line.biz/en/docs/line-mini-app/develop/service-messages/
line-mini-app,line-mini-app/develop/service-messages,Sending service messages,Adding service message templates to the channel,Adding service message templates to the channel,限制（寫在內文）,You can configure up to 20 service message templates per LINE MINI App channel.,https://developers.line.biz/en/docs/line-mini-app/develop/service-messages/
line-mini-app,line-mini-app/develop/service-messages,Sending service messages,Sending service messages for the first time,Sending service messages for the first time,限制（寫在內文）,A LIFF access token is valid for 12 hours after it is issued.,https://developers.line.biz/en/docs/line-mini-app/develop/service-messages/
line-mini-app,line-mini-app/develop/service-messages,Sending service messages,Sending service messages for the first time,Sending service messages for the first time,限制（寫在內文）,"A service notification token expires 1 year (31,536,000 seconds) after being issued.",https://developers.line.biz/en/docs/line-mini-app/develop/service-messages/
line-mini-app,line-mini-app/develop/service-messages,Sending service messages,Sending service messages for the first time,Sending service messages for the first time,限制（寫在內文）,"For example, during the validity period, up to 5 service messages can be sent from the LINE MINI App for a single reservation action by the user.",https://developers.line.biz/en/docs/line-mini-app/develop/service-messages/
line-mini-app,line-mini-app/develop/share-messages,Implementing a custom action button,Custom share message format,A,Section,Image,https://developers.line.biz/en/docs/line-mini-app/develop/share-messages/
line-mini-app,line-mini-app/develop/share-messages,Implementing a custom action button,Custom share message format,A,Required,Optional,https://developers.line.biz/en/docs/line-mini-app/develop/share-messages/
line-mini-app,line-mini-app/develop/share-messages,Implementing a custom action button,Custom share message format,A,Description,"Image size must be small enough for the whole message to be contained within the screen, eliminating the need for scrolling.",https://developers.line.biz/en/docs/line-mini-app/develop/share-messages/
line-mini-app,line-mini-app/develop/share-messages,Implementing a custom action button,Custom share message format,B,Section,Title,https://developers.line.biz/en/docs/line-mini-app/develop/share-messages/
line-mini-app,line-mini-app/develop/share-messages,Implementing a custom action button,Custom share message format,B,Required,Required,https://developers.line.biz/en/docs/line-mini-app/develop/share-messages/
line-mini-app,line-mini-app/develop/share-messages,Implementing a custom action button,Custom share message format,B,Description,Summarize the content of the message.,https://developers.line.biz/en/docs/line-mini-app/develop/share-messages/
line-mini-app,line-mini-app/develop/share-messages,Implementing a custom action button,Custom share message format,C,Section,Subtitle,https://developers.line.biz/en/docs/line-mini-app/develop/share-messages/
line-mini-app,line-mini-app/develop/share-messages,Implementing a custom action button,Custom share message format,C,Required,\*,https://developers.line.biz/en/docs/line-mini-app/develop/share-messages/
line-mini-app,line-mini-app/develop/share-messages,Implementing a custom action button,Custom share message format,C,Description,This is the subtitle of your message.,https://developers.line.biz/en/docs/line-mini-app/develop/share-messages/
line-mini-app,line-mini-app/develop/share-messages,Implementing a custom action button,Custom share message format,D,Section,Detail,https://developers.line.biz/en/docs/line-mini-app/develop/share-messages/
line-mini-app,line-mini-app/develop/share-messages,Implementing a custom action button,Custom share message format,D,Required,\*,https://developers.line.biz/en/docs/line-mini-app/develop/share-messages/
line-mini-app,line-mini-app/develop/share-messages,Implementing a custom action button,Custom share message format,E,Section,Button,https://developers.line.biz/en/docs/line-mini-app/develop/share-messages/
line-mini-app,line-mini-app/develop/share-messages,Implementing a custom action button,Custom share message format,E,Required,Required,https://developers.line.biz/en/docs/line-mini-app/develop/share-messages/
line-mini-app,line-mini-app/develop/share-messages,Implementing a custom action button,Custom share message format,E,Description,You can insert up to three buttons. At least one button should be configured to display a page (detail page) detailing the content you wish to share.,https://developers.line.biz/en/docs/line-mini-app/develop/share-messages/
line-mini-app,line-mini-app/develop/share-messages,Implementing a custom action button,Custom share message format,F,Section,Footer,https://developers.line.biz/en/docs/line-mini-app/develop/share-messages/
line-mini-app,line-mini-app/develop/share-messages,Implementing a custom action button,Custom share message format,F,Required,Required,https://developers.line.biz/en/docs/line-mini-app/develop/share-messages/
line-mini-app,line-mini-app/develop/share-messages,Implementing a custom action button,Standard type - Image (A),A,Section,Image,https://developers.line.biz/en/docs/line-mini-app/develop/share-messages/
line-mini-app,line-mini-app/develop/share-messages,Implementing a custom action button,Standard type - Image (A),A,Type,Hero block > Image,https://developers.line.biz/en/docs/line-mini-app/develop/share-messages/
line-mini-app,line-mini-app/develop/share-messages,Implementing a custom action button,Standard type - Image (A),A,Description,"""url"": ""{URL}"" ""size"": ""full"" ""aspectRatio"": ""{width}:{height}"" However, set {width} * 2 or less for {height}. ""aspectMode"": ""cover""",https://developers.line.biz/en/docs/line-mini-app/develop/share-messages/
line-mini-app,line-mini-app/develop/share-messages,Implementing a custom action button,Standard type - Title (B),B,Section,Title,https://developers.line.biz/en/docs/line-mini-app/develop/share-messages/
line-mini-app,line-mini-app/develop/share-messages,Implementing a custom action button,Standard type - Title (B),B,Type,Box,https://developers.line.biz/en/docs/line-mini-app/develop/share-messages/
line-mini-app,line-mini-app/develop/share-messages,Implementing a custom action button,Standard type - Title (B),B,Description,"""layout"": ""vertical"" ""spacing"": ""none""",https://developers.line.biz/en/docs/line-mini-app/develop/share-messages/
line-mini-app,line-mini-app/develop/share-messages,Implementing a custom action button,Standard type - Title (B),B,Type,Text,https://developers.line.biz/en/docs/line-mini-app/develop/share-messages/
line-mini-app,line-mini-app/develop/share-messages,Implementing a custom action button,Standard type - Title (B),B,Description,"""text"": ""{Title}"" Text maximum lines: 2 ""size"": ""lg"" ""color"": ""#000000"" ""weight"": ""bold"" ""wrap"": true",https://developers.line.biz/en/docs/line-mini-app/develop/share-messages/
line-mini-app,line-mini-app/develop/share-messages,Implementing a custom action button,Standard type - Sub-title (C),C,Section,Sub-title,https://developers.line.biz/en/docs/line-mini-app/develop/share-messages/
line-mini-app,line-mini-app/develop/share-messages,Implementing a custom action button,Standard type - Sub-title (C),C,Type,Box,https://developers.line.biz/en/docs/line-mini-app/develop/share-messages/
line-mini-app,line-mini-app/develop/share-messages,Implementing a custom action button,Standard type - Sub-title (C),C,Description,"""layout"": ""vertical"" ""spacing"": ""none""",https://developers.line.biz/en/docs/line-mini-app/develop/share-messages/
line-mini-app,line-mini-app/develop/share-messages,Implementing a custom action button,Standard type - Sub-title (C),C,Type,Text,https://developers.line.biz/en/docs/line-mini-app/develop/share-messages/
line-mini-app,line-mini-app/develop/share-messages,Implementing a custom action button,Standard type - Sub-title (C),C,Description,"""text"": ""{Sub-title}"" Text maximum lines: 2 ""size"": ""sm"" ""color"": ""#999999"" ""wrap"": true",https://developers.line.biz/en/docs/line-mini-app/develop/share-messages/
line-mini-app,line-mini-app/develop/share-messages,Implementing a custom action button,Standard type - Details (D),D,Section,Details,https://developers.line.biz/en/docs/line-mini-app/develop/share-messages/
line-mini-app,line-mini-app/develop/share-messages,Implementing a custom action button,Standard type - Details (D),D,Type,Box,https://developers.line.biz/en/docs/line-mini-app/develop/share-messages/
line-mini-app,line-mini-app/develop/share-messages,Implementing a custom action button,Standard type - Details (D),D,Description,"""layout"": ""vertical"" ""spacing"": ""sm"" ""margin"": ""lg"" ""flex"": 1",https://developers.line.biz/en/docs/line-mini-app/develop/share-messages/
line-mini-app,line-mini-app/develop/share-messages,Implementing a custom action button,Standard type - Details (D),D,Section,Details - item,https://developers.line.biz/en/docs/line-mini-app/develop/share-messages/
line-mini-app,line-mini-app/develop/share-messages,Implementing a custom action button,Standard type - Details (D),D,Description,"This is a box containing only one set of D-1 and D-2. ""layout"": ""horizontal"" ""spacing"": ""sm"" ""flex"": 1",https://developers.line.biz/en/docs/line-mini-app/develop/share-messages/
line-mini-app,line-mini-app/develop/share-messages,Implementing a custom action button,Standard type - Details (D),D-1,Section,Details - label,https://developers.line.biz/en/docs/line-mini-app/develop/share-messages/
line-mini-app,line-mini-app/develop/share-messages,Implementing a custom action button,Standard type - Details (D),D-1,Type,Text,https://developers.line.biz/en/docs/line-mini-app/develop/share-messages/
line-mini-app,line-mini-app/develop/share-messages,Implementing a custom action button,Standard type - Details (D),D-1,Description,"""text"": ""{Label}"" Text maximum lines: 1 ""size"": ""sm"" ""color"": ""#555555"" ""wrap"": false ""flex"": 20",https://developers.line.biz/en/docs/line-mini-app/develop/share-messages/
line-mini-app,line-mini-app/develop/share-messages,Implementing a custom action button,Standard type - Details (D),D-2,Section,Details - description,https://developers.line.biz/en/docs/line-mini-app/develop/share-messages/
line-mini-app,line-mini-app/develop/share-messages,Implementing a custom action button,Standard type - Details (D),D-2,Type,Text,https://developers.line.biz/en/docs/line-mini-app/develop/share-messages/
line-mini-app,line-mini-app/develop/share-messages,Implementing a custom action button,Standard type - Details (D),D-2,Description,"""text"": ""{Description}"" Text maximum lines: 1 ""size"": ""sm"" ""color"": ""#111111"" ""wrap"": false ""flex"": 55",https://developers.line.biz/en/docs/line-mini-app/develop/share-messages/
line-mini-app,line-mini-app/develop/share-messages,Implementing a custom action button,Standard type - Button (E),E,Section,Button,https://developers.line.biz/en/docs/line-mini-app/develop/share-messages/
line-mini-app,line-mini-app/develop/share-messages,Implementing a custom action button,Standard type - Button (E),E,Type,Box,https://developers.line.biz/en/docs/line-mini-app/develop/share-messages/
line-mini-app,line-mini-app/develop/share-messages,Implementing a custom action button,Standard type - Button (E),E,Description,"A box containing of E-1 and E-2. ""layout"": ""vertical"" ""spacing"": ""xs"" ""margin"": ""lg""",https://developers.line.biz/en/docs/line-mini-app/develop/share-messages/
line-mini-app,line-mini-app/develop/share-messages,Implementing a custom action button,Standard type - Button (E),E-1,Section,Button (When using only link style),https://developers.line.biz/en/docs/line-mini-app/develop/share-messages/
line-mini-app,line-mini-app/develop/share-messages,Implementing a custom action button,Standard type - Button (E),E-1,Type,Button,https://developers.line.biz/en/docs/line-mini-app/develop/share-messages/
line-mini-app,line-mini-app/develop/share-messages,Implementing a custom action button,Standard type - Button (E),E-2,Section,Button (When using primary style),https://developers.line.biz/en/docs/line-mini-app/develop/share-messages/
line-mini-app,line-mini-app/develop/share-messages,Implementing a custom action button,Standard type - Button (E),E-2,Type,Button,https://developers.line.biz/en/docs/line-mini-app/develop/share-messages/
line-mini-app,line-mini-app/develop/share-messages,Implementing a custom action button,Standard type - Footer (F),F,Section,Footer,https://developers.line.biz/en/docs/line-mini-app/develop/share-messages/
line-mini-app,line-mini-app/develop/share-messages,Implementing a custom action button,Standard type - Footer (F),F,Element,Box,https://developers.line.biz/en/docs/line-mini-app/develop/share-messages/
line-mini-app,line-mini-app/develop/share-messages,Implementing a custom action button,Standard type - Footer (F),F,Description,"A box containing of F-1 to F-3. ""layout"": ""horizontal"" ""flex"": 1 ""spacing"": ""md"" ""margin"": ""md""",https://developers.line.biz/en/docs/line-mini-app/develop/share-messages/
line-mini-app,line-mini-app/develop/share-messages,Implementing a custom action button,Standard type - Footer (F),F-1,Section,LINE MINI App icon,https://developers.line.biz/en/docs/line-mini-app/develop/share-messages/
line-mini-app,line-mini-app/develop/share-messages,Implementing a custom action button,Standard type - Footer (F),F-1,Element,Image,https://developers.line.biz/en/docs/line-mini-app/develop/share-messages/
line-mini-app,line-mini-app/develop/share-messages,Implementing a custom action button,Standard type - Footer (F),F-1,Description,"""url"": ""{Image URL}"" ""flex"": 1 ""gravity"": ""center""",https://developers.line.biz/en/docs/line-mini-app/develop/share-messages/
line-mini-app,line-mini-app/develop/share-messages,Implementing a custom action button,Standard type - Footer (F),F-2,Section,LINE MINI App name,https://developers.line.biz/en/docs/line-mini-app/develop/share-messages/
line-mini-app,line-mini-app/develop/share-messages,Implementing a custom action button,Standard type - Footer (F),F-2,Element,Text,https://developers.line.biz/en/docs/line-mini-app/develop/share-messages/
line-mini-app,line-mini-app/develop/share-messages,Implementing a custom action button,Standard type - Footer (F),F-2,Description,"""text"": ""{LINE MINI App Name}"" Text maximum lines: 1 ""flex"": 19 ""size"": ""xs"" ""color"": ""#999999"" ""weight"": ""bold"" ""gravity"": ""center"" ""wrap"": false",https://developers.line.biz/en/docs/line-mini-app/develop/share-messages/
line-mini-app,line-mini-app/develop/share-messages,Implementing a custom action button,Standard type - Footer (F),F-3,Element,Image,https://developers.line.biz/en/docs/line-mini-app/develop/share-messages/
line-mini-app,line-mini-app/develop/share-messages,Implementing a custom action button,Image list type - Image (A),A,Section,Image,https://developers.line.biz/en/docs/line-mini-app/develop/share-messages/
line-mini-app,line-mini-app/develop/share-messages,Implementing a custom action button,Image list type - Image (A),A,Type,Hero block > Image,https://developers.line.biz/en/docs/line-mini-app/develop/share-messages/
line-mini-app,line-mini-app/develop/share-messages,Implementing a custom action button,Image list type - Image (A),A,Description,"""url"": ""{Image URL}"" ""size"": ""full"" ""aspectRatio"": ""{width}:{height}"" However, set {width} * 2 or less for {height}. ""aspectMode"": ""cover""",https://developers.line.biz/en/docs/line-mini-app/develop/share-messages/
line-mini-app,line-mini-app/develop/share-messages,Implementing a custom action button,Image list type - Title (B),B,Section,Title,https://developers.line.biz/en/docs/line-mini-app/develop/share-messages/
line-mini-app,line-mini-app/develop/share-messages,Implementing a custom action button,Image list type - Title (B),B,Type,Box,https://developers.line.biz/en/docs/line-mini-app/develop/share-messages/
line-mini-app,line-mini-app/develop/share-messages,Implementing a custom action button,Image list type - Title (B),B,Description,"""layout"": ""vertical"" ""spacing"": ""none""",https://developers.line.biz/en/docs/line-mini-app/develop/share-messages/
line-mini-app,line-mini-app/develop/share-messages,Implementing a custom action button,Image list type - Title (B),B,Type,Text,https://developers.line.biz/en/docs/line-mini-app/develop/share-messages/
line-mini-app,line-mini-app/develop/share-messages,Implementing a custom action button,Image list type - Title (B),B,Description,"""text"": ""{Title}"" Text maximum lines: 2 ""size"": ""lg"" ""color"": ""#000000"" ""weight"": ""bold"" ""wrap"": true",https://developers.line.biz/en/docs/line-mini-app/develop/share-messages/
line-mini-app,line-mini-app/develop/share-messages,Implementing a custom action button,Image list type - Sub-title (C),C,Section,Sub-title,https://developers.line.biz/en/docs/line-mini-app/develop/share-messages/
line-mini-app,line-mini-app/develop/share-messages,Implementing a custom action button,Image list type - Sub-title (C),C,Type,Box,https://developers.line.biz/en/docs/line-mini-app/develop/share-messages/
line-mini-app,line-mini-app/develop/share-messages,Implementing a custom action button,Image list type - Sub-title (C),C,Description,"""layout"": ""vertical"" ""spacing"": ""none""",https://developers.line.biz/en/docs/line-mini-app/develop/share-messages/
line-mini-app,line-mini-app/develop/share-messages,Implementing a custom action button,Image list type - Sub-title (C),C,Type,Text,https://developers.line.biz/en/docs/line-mini-app/develop/share-messages/
line-mini-app,line-mini-app/develop/share-messages,Implementing a custom action button,Image list type - Sub-title (C),C,Description,"""text"": ""{Sub-title}"" Text maximum lines: 2 ""size"": ""sm"" ""color"": ""#999999"" ""wrap"": true",https://developers.line.biz/en/docs/line-mini-app/develop/share-messages/
line-mini-app,line-mini-app/develop/share-messages,Implementing a custom action button,Image list type - Details (D),D,Section,Details,https://developers.line.biz/en/docs/line-mini-app/develop/share-messages/
line-mini-app,line-mini-app/develop/share-messages,Implementing a custom action button,Image list type - Details (D),D,Type,Box,https://developers.line.biz/en/docs/line-mini-app/develop/share-messages/
line-mini-app,line-mini-app/develop/share-messages,Implementing a custom action button,Image list type - Details (D),D,Description,"""layout"": ""vertical"" ""spacing"": ""xl"" ""margin"": ""lg""",https://developers.line.biz/en/docs/line-mini-app/develop/share-messages/
line-mini-app,line-mini-app/develop/share-messages,Implementing a custom action button,Image list type - Details (D),D-1,Section,Details - Image,https://developers.line.biz/en/docs/line-mini-app/develop/share-messages/
line-mini-app,line-mini-app/develop/share-messages,Implementing a custom action button,Image list type - Details (D),D-1,Type,Image,https://developers.line.biz/en/docs/line-mini-app/develop/share-messages/
line-mini-app,line-mini-app/develop/share-messages,Implementing a custom action button,Image list type - Details (D),D-1,Description,"""url"": ""{Image URL}"" ""flex"": 3 ""size"": ""sm"" ""aspectRatio"": ""1:1"" ""aspectMode"": ""cover""",https://developers.line.biz/en/docs/line-mini-app/develop/share-messages/
line-mini-app,line-mini-app/develop/share-messages,Implementing a custom action button,Image list type - Details (D),D-2,Section,Details - General text,https://developers.line.biz/en/docs/line-mini-app/develop/share-messages/
line-mini-app,line-mini-app/develop/share-messages,Implementing a custom action button,Image list type - Details (D),D-2,Type,Text,https://developers.line.biz/en/docs/line-mini-app/develop/share-messages/
line-mini-app,line-mini-app/develop/share-messages,Implementing a custom action button,Image list type - Details (D),D-2,Description,"""text"": ""{General Text}"" ""size"": ""md"" ""color"": ""#111111""",https://developers.line.biz/en/docs/line-mini-app/develop/share-messages/
line-mini-app,line-mini-app/develop/share-messages,Implementing a custom action button,Image list type - Details (D),D-3,Section,Details - Text to emphasize,https://developers.line.biz/en/docs/line-mini-app/develop/share-messages/
line-mini-app,line-mini-app/develop/share-messages,Implementing a custom action button,Image list type - Details (D),D-3,Type,Text,https://developers.line.biz/en/docs/line-mini-app/develop/share-messages/
line-mini-app,line-mini-app/develop/share-messages,Implementing a custom action button,Image list type - Details (D),D-3,Description,"""text"": ""{Text to emphasize}"" ""size"": ""md"" ""color"": ""#111111""",https://developers.line.biz/en/docs/line-mini-app/develop/share-messages/
line-mini-app,line-mini-app/develop/share-messages,Implementing a custom action button,Image list type - Details (D),D-4,Section,Details - Image+text,https://developers.line.biz/en/docs/line-mini-app/develop/share-messages/
line-mini-app,line-mini-app/develop/share-messages,Implementing a custom action button,Image list type - Details (D),D-4,Type,Box,https://developers.line.biz/en/docs/line-mini-app/develop/share-messages/
line-mini-app,line-mini-app/develop/share-messages,Implementing a custom action button,Image list type - Button (E),E,Section,Button,https://developers.line.biz/en/docs/line-mini-app/develop/share-messages/
line-mini-app,line-mini-app/develop/share-messages,Implementing a custom action button,Image list type - Button (E),E,Type,Box,https://developers.line.biz/en/docs/line-mini-app/develop/share-messages/
line-mini-app,line-mini-app/develop/share-messages,Implementing a custom action button,Image list type - Button (E),E,Description,"A box containing of E-1 and E-2. ""layout"": ""vertical"" ""spacing"": ""xs""",https://developers.line.biz/en/docs/line-mini-app/develop/share-messages/
line-mini-app,line-mini-app/develop/share-messages,Implementing a custom action button,Image list type - Button (E),E-1,Section,Button (When using only link),https://developers.line.biz/en/docs/line-mini-app/develop/share-messages/
line-mini-app,line-mini-app/develop/share-messages,Implementing a custom action button,Image list type - Button (E),E-1,Type,Button,https://developers.line.biz/en/docs/line-mini-app/develop/share-messages/
line-mini-app,line-mini-app/develop/share-messages,Implementing a custom action button,Image list type - Button (E),E-2,Section,Button (When using primary style),https://developers.line.biz/en/docs/line-mini-app/develop/share-messages/
line-mini-app,line-mini-app/develop/share-messages,Implementing a custom action button,Image list type - Button (E),E-2,Type,Button,https://developers.line.biz/en/docs/line-mini-app/develop/share-messages/
line-mini-app,line-mini-app/develop/share-messages,Implementing a custom action button,Image list type - Footer (F),F,Section,Footer,https://developers.line.biz/en/docs/line-mini-app/develop/share-messages/
line-mini-app,line-mini-app/develop/share-messages,Implementing a custom action button,Image list type - Footer (F),F,Type,Box,https://developers.line.biz/en/docs/line-mini-app/develop/share-messages/
line-mini-app,line-mini-app/develop/share-messages,Implementing a custom action button,Image list type - Footer (F),F,Description,"A box containing of F-1 to F-3. ""layout"": ""horizontal"" ""flex"": 1 ""spacing"": ""md"" ""margin"": ""md""",https://developers.line.biz/en/docs/line-mini-app/develop/share-messages/
line-mini-app,line-mini-app/develop/share-messages,Implementing a custom action button,Image list type - Footer (F),F-1,Section,LINE MINI App icon,https://developers.line.biz/en/docs/line-mini-app/develop/share-messages/
line-mini-app,line-mini-app/develop/share-messages,Implementing a custom action button,Image list type - Footer (F),F-1,Type,Image,https://developers.line.biz/en/docs/line-mini-app/develop/share-messages/
line-mini-app,line-mini-app/develop/share-messages,Implementing a custom action button,Image list type - Footer (F),F-1,Description,"""url"": ""{Image URL}"" ""flex"": 1 ""gravity"": ""center""",https://developers.line.biz/en/docs/line-mini-app/develop/share-messages/
line-mini-app,line-mini-app/develop/share-messages,Implementing a custom action button,Image list type - Footer (F),F-2,Section,LINE MINI App name,https://developers.line.biz/en/docs/line-mini-app/develop/share-messages/
line-mini-app,line-mini-app/develop/share-messages,Implementing a custom action button,Image list type - Footer (F),F-2,Type,Text,https://developers.line.biz/en/docs/line-mini-app/develop/share-messages/
line-mini-app,line-mini-app/develop/share-messages,Implementing a custom action button,Image list type - Footer (F),F-2,Description,"""text"": ""{LINE MINI App Name}"" Text maximum lines: 1 ""flex"": 19 ""size"": ""xs"" ""color"": ""#999999"" ""weight"": ""bold"" ""gravity"": ""center"" ""wrap"": false",https://developers.line.biz/en/docs/line-mini-app/develop/share-messages/
line-mini-app,line-mini-app/develop/share-messages,Implementing a custom action button,Image list type - Footer (F),F-3,Type,Image,https://developers.line.biz/en/docs/line-mini-app/develop/share-messages/
line-mini-app,line-mini-app/discover/builtin-features,Built-in features,Action button,26.7.0 or later,Available feature,Dropdown menu,https://developers.line.biz/en/docs/line-mini-app/discover/builtin-features/
line-mini-app,line-mini-app/discover/builtin-features,Built-in features,Action button,"15.12.0 or later, and earlier than 26.7.0",Available feature,Multi-tab view,https://developers.line.biz/en/docs/line-mini-app/discover/builtin-features/
line-mini-app,line-mini-app/discover/builtin-features,Built-in features,Action button,Earlier than 15.12.0,Available feature,Options,https://developers.line.biz/en/docs/line-mini-app/discover/builtin-features/
line-mini-app,line-mini-app/discover/builtin-features,Built-in features,Dropdown menu,All tabs,Description,Displays the multi-tab view.,https://developers.line.biz/en/docs/line-mini-app/discover/builtin-features/
line-mini-app,line-mini-app/discover/builtin-features,Built-in features,Dropdown menu,Refresh,Description,Refresh the current page on the screen.,https://developers.line.biz/en/docs/line-mini-app/discover/builtin-features/
line-mini-app,line-mini-app/discover/builtin-features,Built-in features,Dropdown menu,Minimize browser,Description,"Minimize LIFF browser. This feature can only be used for verified MINI Apps. For more information, see Minimizing LIFF browser in the LIFF documentation.",https://developers.line.biz/en/docs/line-mini-app/discover/builtin-features/
line-mini-app,line-mini-app/discover/builtin-features,Built-in features,Dropdown menu,About the service,Description,Display the Provider page. This feature can only be used for verified MINI Apps.,https://developers.line.biz/en/docs/line-mini-app/discover/builtin-features/
line-mini-app,line-mini-app/discover/builtin-features,Built-in features,Multi-tab view,Multi-tab view,限制（寫在內文）,"The recently used services section includes LINE MINI Apps and LIFF apps opened by the user, displayed in order of most recent use, up to a maximum of 50 items.",https://developers.line.biz/en/docs/line-mini-app/discover/builtin-features/
line-mini-app,line-mini-app/discover/console-guide,LINE Developers Console Guide for LINE MINI App,Basic structure of a LINE MINI App channel,Developing,Usage,Internal channel for developing and testing,https://developers.line.biz/en/docs/line-mini-app/discover/console-guide/
line-mini-app,line-mini-app/discover/console-guide,LINE Developers Console Guide for LINE MINI App,Basic structure of a LINE MINI App channel,Developing,Channel status,"Always ""Developing""",https://developers.line.biz/en/docs/line-mini-app/discover/console-guide/
line-mini-app,line-mini-app/discover/console-guide,LINE Developers Console Guide for LINE MINI App,Basic structure of a LINE MINI App channel,Developing,Admin who can check the details of the internal channel,Only administrators who have accepted the permissions you granted You can check the settings on the LINE MINI App channel settings screen on the LINE Developers Console,https://developers.line.biz/en/docs/line-mini-app/discover/console-guide/
line-mini-app,line-mini-app/discover/console-guide,LINE Developers Console Guide for LINE MINI App,Basic structure of a LINE MINI App channel,Developing,Users that access the LINE MINI App,Only testers who have accepted the permissions you granted,https://developers.line.biz/en/docs/line-mini-app/discover/console-guide/
line-mini-app,line-mini-app/discover/console-guide,LINE Developers Console Guide for LINE MINI App,Basic structure of a LINE MINI App channel,Review,Usage,Internal channel that LY Corporation uses to review your LINE MINI App,https://developers.line.biz/en/docs/line-mini-app/discover/console-guide/
line-mini-app,line-mini-app/discover/console-guide,LINE Developers Console Guide for LINE MINI App,Basic structure of a LINE MINI App channel,Review,Channel status,"""Developing"" at all times",https://developers.line.biz/en/docs/line-mini-app/discover/console-guide/
line-mini-app,line-mini-app/discover/console-guide,LINE Developers Console Guide for LINE MINI App,Basic structure of a LINE MINI App channel,Review,Users that access the LINE MINI App,Only LY Corporation reviewers,https://developers.line.biz/en/docs/line-mini-app/discover/console-guide/
line-mini-app,line-mini-app/discover/console-guide,LINE Developers Console Guide for LINE MINI App,Basic structure of a LINE MINI App channel,Published,Usage,Internal channel published to users,https://developers.line.biz/en/docs/line-mini-app/discover/console-guide/
line-mini-app,line-mini-app/discover/console-guide,LINE Developers Console Guide for LINE MINI App,Basic structure of a LINE MINI App channel,Published,Channel status,"""Published"" at all times",https://developers.line.biz/en/docs/line-mini-app/discover/console-guide/
line-mini-app,line-mini-app/discover/console-guide,LINE Developers Console Guide for LINE MINI App,Basic structure of a LINE MINI App channel,Published,Users that access the LINE MINI App,End users,https://developers.line.biz/en/docs/line-mini-app/discover/console-guide/
line-mini-app,line-mini-app/discover/console-guide,LINE Developers Console Guide for LINE MINI App,When settings on the LINE Developers Console are reflected,Developing,When settings are reflected,Reflected when configured on the LINE Developers Console.,https://developers.line.biz/en/docs/line-mini-app/discover/console-guide/
line-mini-app,line-mini-app/discover/console-guide,LINE Developers Console Guide for LINE MINI App,When settings on the LINE Developers Console are reflected,Review,When settings are reflected,"When review begins, settings from the Developing channel are reflected (copied).",https://developers.line.biz/en/docs/line-mini-app/discover/console-guide/
line-mini-app,line-mini-app/discover/console-guide,LINE Developers Console Guide for LINE MINI App,When settings on the LINE Developers Console are reflected,Published,When settings are reflected,"When published, settings from the Developing channel are reflected (copied).",https://developers.line.biz/en/docs/line-mini-app/discover/console-guide/
line-mini-app,line-mini-app/discover/console-guide,LINE Developers Console Guide for LINE MINI App,Channel description,Bad example,Channel name,LINE FRIENDS STORE,https://developers.line.biz/en/docs/line-mini-app/discover/console-guide/
line-mini-app,line-mini-app/discover/console-guide,LINE Developers Console Guide for LINE MINI App,Channel description,Bad example,Channel description,LINE FRIENDS STORE is a store for LINE character goods.,https://developers.line.biz/en/docs/line-mini-app/discover/console-guide/
line-mini-app,line-mini-app/discover/console-guide,LINE Developers Console Guide for LINE MINI App,Channel description,Good example,Channel name,LINE FRIENDS STORE,https://developers.line.biz/en/docs/line-mini-app/discover/console-guide/
line-mini-app,line-mini-app/discover/console-guide,LINE Developers Console Guide for LINE MINI App,Channel description,Good example,Channel description,This is a mobile ordering service at the LINE FRIENDS STORE. You can order and pay in advance and receive your merchandise at the store.,https://developers.line.biz/en/docs/line-mini-app/discover/console-guide/
line-mini-app,line-mini-app/discover/console-guide,LINE Developers Console Guide for LINE MINI App,Differences in the behavior of the 3 LINE MINI Apps,"""Developing"" LINE MINI App",Header subtext (reference),The domain of the page you are viewing will be displayed at all times.,https://developers.line.biz/en/docs/line-mini-app/discover/console-guide/
line-mini-app,line-mini-app/discover/console-guide,LINE Developers Console Guide for LINE MINI App,Differences in the behavior of the 3 LINE MINI Apps,"""Review"" LINE MINI App",Header subtext (reference),The domain of the page you are viewing will be displayed at all times.,https://developers.line.biz/en/docs/line-mini-app/discover/console-guide/
line-mini-app,line-mini-app/discover/console-guide,LINE Developers Console Guide for LINE MINI App,Differences in the behavior of the 3 LINE MINI Apps,"""Published"" LINE MINI App",Header subtext (reference),"In unverified MINI Apps, the domain of the page will be displayed. In verified MINI Apps, the LINE MINI App name and verified badge will be displayed.",https://developers.line.biz/en/docs/line-mini-app/discover/console-guide/
line-mini-app,line-mini-app/discover/custom-features,Custom features,,Service messages,Unverified MINI App,❌,https://developers.line.biz/en/docs/line-mini-app/discover/custom-features/
line-mini-app,line-mini-app/discover/custom-features,Custom features,,Service messages,Verified MINI App,✅,https://developers.line.biz/en/docs/line-mini-app/discover/custom-features/
line-mini-app,line-mini-app/discover/custom-features,Custom features,,Custom Path,Unverified MINI App,❌,https://developers.line.biz/en/docs/line-mini-app/discover/custom-features/
line-mini-app,line-mini-app/discover/custom-features,Custom features,,Custom Path,Verified MINI App,✅,https://developers.line.biz/en/docs/line-mini-app/discover/custom-features/
line-mini-app,line-mini-app/discover/custom-features,Custom features,,Add a shortcut to your LINE MINI App to the home screen of the user's device,Unverified MINI App,❌,https://developers.line.biz/en/docs/line-mini-app/discover/custom-features/
line-mini-app,line-mini-app/discover/custom-features,Custom features,,Add a shortcut to your LINE MINI App to the home screen of the user's device,Verified MINI App,✅,https://developers.line.biz/en/docs/line-mini-app/discover/custom-features/
line-mini-app,line-mini-app/discover/custom-features,Custom features,,Common Profile Quick-fill,Unverified MINI App,❌,https://developers.line.biz/en/docs/line-mini-app/discover/custom-features/
line-mini-app,line-mini-app/discover/custom-features,Custom features,,Common Profile Quick-fill,Verified MINI App,✅,https://developers.line.biz/en/docs/line-mini-app/discover/custom-features/
line-mini-app,line-mini-app/discover/custom-features,Custom features,,Display your LINE MINI App name in the header,Unverified MINI App,❌,https://developers.line.biz/en/docs/line-mini-app/discover/custom-features/
line-mini-app,line-mini-app/discover/custom-features,Custom features,,Display your LINE MINI App name in the header,Verified MINI App,✅,https://developers.line.biz/en/docs/line-mini-app/discover/custom-features/
line-mini-app,line-mini-app/discover/custom-features,Custom features,,Inducing users to add your Official Account as a friend,Unverified MINI App,✅,https://developers.line.biz/en/docs/line-mini-app/discover/custom-features/
line-mini-app,line-mini-app/discover/custom-features,Custom features,,Inducing users to add your Official Account as a friend,Verified MINI App,✅,https://developers.line.biz/en/docs/line-mini-app/discover/custom-features/
line-mini-app,line-mini-app/discover/custom-features,Custom features,,Custom action button,Unverified MINI App,✅,https://developers.line.biz/en/docs/line-mini-app/discover/custom-features/
line-mini-app,line-mini-app/discover/custom-features,Custom features,,Custom action button,Verified MINI App,✅,https://developers.line.biz/en/docs/line-mini-app/discover/custom-features/
line-mini-app,line-mini-app/discover/custom-features,Custom features,,Using payment systems,Unverified MINI App,✅,https://developers.line.biz/en/docs/line-mini-app/discover/custom-features/
line-mini-app,line-mini-app/discover/custom-features,Custom features,,Using payment systems,Verified MINI App,✅,https://developers.line.biz/en/docs/line-mini-app/discover/custom-features/
line-mini-app,line-mini-app/discover/custom-features,Custom features,,Place ads,Unverified MINI App,✅,https://developers.line.biz/en/docs/line-mini-app/discover/custom-features/
line-mini-app,line-mini-app/discover/custom-features,Custom features,,Place ads,Verified MINI App,✅,https://developers.line.biz/en/docs/line-mini-app/discover/custom-features/
line-mini-app,line-mini-app/discover/custom-features,Custom features,Service messages,LINEミニアプリ お知らせ,Thailand,LINE MINI App Notice,https://developers.line.biz/en/docs/line-mini-app/discover/custom-features/
line-mini-app,line-mini-app/discover/custom-features,Custom features,Service messages,LINEミニアプリ お知らせ,Taiwan,LINE MINI App 通知,https://developers.line.biz/en/docs/line-mini-app/discover/custom-features/
line-mini-app,line-mini-app/discover/custom-features,Custom features,Custom Path,https://miniapp.line.me/123456-abcdefg,Example of setting Custom Path,https://miniapp.line.me/cony_coffee,https://developers.line.biz/en/docs/line-mini-app/discover/custom-features/
line-mini-app,line-mini-app/discover/custom-features,Custom features,Using payment systems,LINE Pay,Japan,❌,https://developers.line.biz/en/docs/line-mini-app/discover/custom-features/
line-mini-app,line-mini-app/discover/custom-features,Custom features,Using payment systems,LINE Pay,Taiwan,✅,https://developers.line.biz/en/docs/line-mini-app/discover/custom-features/
line-mini-app,line-mini-app/discover/custom-features,Custom features,Using payment systems,LINE Pay,Thailand,✅,https://developers.line.biz/en/docs/line-mini-app/discover/custom-features/
line-mini-app,line-mini-app/discover/custom-features,Custom features,Using payment systems,In-app purchase for the LINE MINI App,Japan,✅,https://developers.line.biz/en/docs/line-mini-app/discover/custom-features/
line-mini-app,line-mini-app/discover/custom-features,Custom features,Using payment systems,In-app purchase for the LINE MINI App,Taiwan,❌,https://developers.line.biz/en/docs/line-mini-app/discover/custom-features/
line-mini-app,line-mini-app/discover/custom-features,Custom features,Using payment systems,In-app purchase for the LINE MINI App,Thailand,❌,https://developers.line.biz/en/docs/line-mini-app/discover/custom-features/
line-mini-app,line-mini-app/discover/custom-features,Custom features,Using payment systems,Other methods,Japan,✅,https://developers.line.biz/en/docs/line-mini-app/discover/custom-features/
line-mini-app,line-mini-app/discover/custom-features,Custom features,Using payment systems,Other methods,Taiwan,✅,https://developers.line.biz/en/docs/line-mini-app/discover/custom-features/
line-mini-app,line-mini-app/discover/custom-features,Custom features,Using payment systems,Other methods,Thailand,✅,https://developers.line.biz/en/docs/line-mini-app/discover/custom-features/
line-mini-app,line-mini-app/discover/introduction,Introducing LINE MINI App,Features available on LIFF apps but not on LINE MINI Apps,Hiding the action button (Module mode),Description,You can't hide the action button on the LINE MINI App. Module Mode can't be configured for LIFF apps that have been added to the LINE MINI App channel.,https://developers.line.biz/en/docs/line-mini-app/discover/introduction/
line-mini-app,line-mini-app/discover/introduction,Introducing LINE MINI App,Features available on LIFF apps but not on LINE MINI Apps,Adding multiple LIFF apps to the same channel,Description,It isn't possible to add multiple web apps to the same channel in the LINE MINI App channel.,https://developers.line.biz/en/docs/line-mini-app/discover/introduction/
line-mini-app,line-mini-app/discover/introduction,Introducing LINE MINI App,Features available on LIFF apps but not on LINE MINI Apps,Selecting the screen size of the LIFF browser,Description,You can't select the size of the LIFF browser on the LINE MINI App. The only screen size available for the LINE MINI App is Full.,https://developers.line.biz/en/docs/line-mini-app/discover/introduction/
line-mini-app,line-mini-app/discover/introduction,Introducing LINE MINI App,Home Tab,Home Tab,限制（寫在內文）,The Services section displays up to 8 recently used LINE MINI Apps in the order of their last use.,https://developers.line.biz/en/docs/line-mini-app/discover/introduction/
line-mini-app,line-mini-app/discover/specifications,LINE MINI App specifications,Supported LIFF Versions,Supported LIFF Versions,限制（寫在內文）,The minimum version of the LIFF SDK available for use on LINE MINI App is v2.1.,https://developers.line.biz/en/docs/line-mini-app/discover/specifications/
line-mini-app,line-mini-app/discover/ui-components,LINE MINI App UI components,Header,1,Component,Title,https://developers.line.biz/en/docs/line-mini-app/discover/ui-components/
line-mini-app,line-mini-app/discover/ui-components,LINE MINI App UI components,Header,1,Description,The element of the LINE MINI App page is displayed. You cannot set the font.,https://developers.line.biz/en/docs/line-mini-app/discover/ui-components/
line-mini-app,line-mini-app/discover/ui-components,LINE MINI App UI components,Header,2,Component,Action button,https://developers.line.biz/en/docs/line-mini-app/discover/ui-components/
line-mini-app,line-mini-app/discover/ui-components,LINE MINI App UI components,Header,2,Description,"When you tap the action button, features available for your LINE app version will be displayed. For more information, see Action button.",https://developers.line.biz/en/docs/line-mini-app/discover/ui-components/
line-mini-app,line-mini-app/discover/ui-components,LINE MINI App UI components,Header,3,Component,Minimize Button / Close Button,https://developers.line.biz/en/docs/line-mini-app/discover/ui-components/
line-mini-app,line-mini-app/discover/ui-components,LINE MINI App UI components,Header,4,Component,Return Button,https://developers.line.biz/en/docs/line-mini-app/discover/ui-components/
line-mini-app,line-mini-app/discover/ui-components,LINE MINI App UI components,Header,4,Description,Displays the previous page.,https://developers.line.biz/en/docs/line-mini-app/discover/ui-components/
line-mini-app,line-mini-app/discover/ui-components,LINE MINI App UI components,Header,5,Component,Loading Bar,https://developers.line.biz/en/docs/line-mini-app/discover/ui-components/
line-mini-app,line-mini-app/discover/ui-components,LINE MINI App UI components,Header,5,Description,Displays load status of the current page.,https://developers.line.biz/en/docs/line-mini-app/discover/ui-components/
line-mini-app,line-mini-app/in-app-purchase/iap-product-id,List of product IDs for items available for purchase via in-app purchase,Product ID,iap_ln_001,Price (JPY),50,https://developers.line.biz/en/docs/line-mini-app/in-app-purchase/iap-product-id/
line-mini-app,line-mini-app/in-app-purchase/iap-product-id,List of product IDs for items available for purchase via in-app purchase,Product ID,iap_ln_004,Price (JPY),60,https://developers.line.biz/en/docs/line-mini-app/in-app-purchase/iap-product-id/
line-mini-app,line-mini-app/in-app-purchase/iap-product-id,List of product IDs for items available for purchase via in-app purchase,Product ID,iap_ln_005,Price (JPY),70,https://developers.line.biz/en/docs/line-mini-app/in-app-purchase/iap-product-id/
line-mini-app,line-mini-app/in-app-purchase/iap-product-id,List of product IDs for items available for purchase via in-app purchase,Product ID,iap_ln_007,Price (JPY),80,https://developers.line.biz/en/docs/line-mini-app/in-app-purchase/iap-product-id/
line-mini-app,line-mini-app/in-app-purchase/iap-product-id,List of product IDs for items available for purchase via in-app purchase,Product ID,iap_ln_009,Price (JPY),90,https://developers.line.biz/en/docs/line-mini-app/in-app-purchase/iap-product-id/
line-mini-app,line-mini-app/in-app-purchase/iap-product-id,List of product IDs for items available for purchase via in-app purchase,Product ID,iap_ln_002,Price (JPY),100,https://developers.line.biz/en/docs/line-mini-app/in-app-purchase/iap-product-id/
line-mini-app,line-mini-app/in-app-purchase/iap-product-id,List of product IDs for items available for purchase via in-app purchase,Product ID,iap_ln_010,Price (JPY),110,https://developers.line.biz/en/docs/line-mini-app/in-app-purchase/iap-product-id/
line-mini-app,line-mini-app/in-app-purchase/iap-product-id,List of product IDs for items available for purchase via in-app purchase,Product ID,iap_ln_011,Price (JPY),120,https://developers.line.biz/en/docs/line-mini-app/in-app-purchase/iap-product-id/
line-mini-app,line-mini-app/in-app-purchase/iap-product-id,List of product IDs for items available for purchase via in-app purchase,Product ID,iap_ln_012,Price (JPY),130,https://developers.line.biz/en/docs/line-mini-app/in-app-purchase/iap-product-id/
line-mini-app,line-mini-app/in-app-purchase/iap-product-id,List of product IDs for items available for purchase via in-app purchase,Product ID,iap_ln_013,Price (JPY),140,https://developers.line.biz/en/docs/line-mini-app/in-app-purchase/iap-product-id/
line-mini-app,line-mini-app/in-app-purchase/iap-product-id,List of product IDs for items available for purchase via in-app purchase,Product ID,iap_ln_003,Price (JPY),150,https://developers.line.biz/en/docs/line-mini-app/in-app-purchase/iap-product-id/
line-mini-app,line-mini-app/in-app-purchase/iap-product-id,List of product IDs for items available for purchase via in-app purchase,Product ID,iap_ln_281,Price (JPY),160,https://developers.line.biz/en/docs/line-mini-app/in-app-purchase/iap-product-id/
line-mini-app,line-mini-app/in-app-purchase/iap-product-id,List of product IDs for items available for purchase via in-app purchase,Product ID,iap_ln_015,Price (JPY),170,https://developers.line.biz/en/docs/line-mini-app/in-app-purchase/iap-product-id/
line-mini-app,line-mini-app/in-app-purchase/iap-product-id,List of product IDs for items available for purchase via in-app purchase,Product ID,iap_ln_017,Price (JPY),180,https://developers.line.biz/en/docs/line-mini-app/in-app-purchase/iap-product-id/
line-mini-app,line-mini-app/in-app-purchase/iap-product-id,List of product IDs for items available for purchase via in-app purchase,Product ID,iap_ln_018,Price (JPY),190,https://developers.line.biz/en/docs/line-mini-app/in-app-purchase/iap-product-id/
line-mini-app,line-mini-app/in-app-purchase/iap-product-id,List of product IDs for items available for purchase via in-app purchase,Product ID,iap_ln_019,Price (JPY),200,https://developers.line.biz/en/docs/line-mini-app/in-app-purchase/iap-product-id/
line-mini-app,line-mini-app/in-app-purchase/iap-product-id,List of product IDs for items available for purchase via in-app purchase,Product ID,iap_ln_024,Price (JPY),210,https://developers.line.biz/en/docs/line-mini-app/in-app-purchase/iap-product-id/
line-mini-app,line-mini-app/in-app-purchase/iap-product-id,List of product IDs for items available for purchase via in-app purchase,Product ID,iap_ln_027,Price (JPY),220,https://developers.line.biz/en/docs/line-mini-app/in-app-purchase/iap-product-id/
line-mini-app,line-mini-app/in-app-purchase/iap-product-id,List of product IDs for items available for purchase via in-app purchase,Product ID,iap_ln_028,Price (JPY),230,https://developers.line.biz/en/docs/line-mini-app/in-app-purchase/iap-product-id/
line-mini-app,line-mini-app/in-app-purchase/iap-product-id,List of product IDs for items available for purchase via in-app purchase,Product ID,iap_ln_029,Price (JPY),240,https://developers.line.biz/en/docs/line-mini-app/in-app-purchase/iap-product-id/
line-mini-app,line-mini-app/in-app-purchase/iap-product-id,List of product IDs for items available for purchase via in-app purchase,Product ID,iap_ln_031,Price (JPY),250,https://developers.line.biz/en/docs/line-mini-app/in-app-purchase/iap-product-id/
line-mini-app,line-mini-app/in-app-purchase/iap-product-id,List of product IDs for items available for purchase via in-app purchase,Product ID,iap_ln_033,Price (JPY),260,https://developers.line.biz/en/docs/line-mini-app/in-app-purchase/iap-product-id/
line-mini-app,line-mini-app/in-app-purchase/iap-product-id,List of product IDs for items available for purchase via in-app purchase,Product ID,iap_ln_034,Price (JPY),270,https://developers.line.biz/en/docs/line-mini-app/in-app-purchase/iap-product-id/
line-mini-app,line-mini-app/in-app-purchase/iap-product-id,List of product IDs for items available for purchase via in-app purchase,Product ID,iap_ln_035,Price (JPY),280,https://developers.line.biz/en/docs/line-mini-app/in-app-purchase/iap-product-id/
line-mini-app,line-mini-app/in-app-purchase/iap-product-id,List of product IDs for items available for purchase via in-app purchase,Product ID,iap_ln_036,Price (JPY),290,https://developers.line.biz/en/docs/line-mini-app/in-app-purchase/iap-product-id/
line-mini-app,line-mini-app/in-app-purchase/iap-product-id,List of product IDs for items available for purchase via in-app purchase,Product ID,iap_ln_006,Price (JPY),300,https://developers.line.biz/en/docs/line-mini-app/in-app-purchase/iap-product-id/
line-mini-app,line-mini-app/in-app-purchase/iap-product-id,List of product IDs for items available for purchase via in-app purchase,Product ID,iap_ln_037,Price (JPY),310,https://developers.line.biz/en/docs/line-mini-app/in-app-purchase/iap-product-id/
line-mini-app,line-mini-app/in-app-purchase/iap-product-id,List of product IDs for items available for purchase via in-app purchase,Product ID,iap_ln_038,Price (JPY),320,https://developers.line.biz/en/docs/line-mini-app/in-app-purchase/iap-product-id/
line-mini-app,line-mini-app/in-app-purchase/iap-product-id,List of product IDs for items available for purchase via in-app purchase,Product ID,iap_ln_039,Price (JPY),330,https://developers.line.biz/en/docs/line-mini-app/in-app-purchase/iap-product-id/
line-mini-app,line-mini-app/in-app-purchase/iap-product-id,List of product IDs for items available for purchase via in-app purchase,Product ID,iap_ln_041,Price (JPY),340,https://developers.line.biz/en/docs/line-mini-app/in-app-purchase/iap-product-id/
line-mini-app,line-mini-app/in-app-purchase/iap-product-id,List of product IDs for items available for purchase via in-app purchase,Product ID,iap_ln_043,Price (JPY),350,https://developers.line.biz/en/docs/line-mini-app/in-app-purchase/iap-product-id/
line-mini-app,line-mini-app/in-app-purchase/iap-product-id,List of product IDs for items available for purchase via in-app purchase,Product ID,iap_ln_044,Price (JPY),360,https://developers.line.biz/en/docs/line-mini-app/in-app-purchase/iap-product-id/
line-mini-app,line-mini-app/in-app-purchase/iap-product-id,List of product IDs for items available for purchase via in-app purchase,Product ID,iap_ln_045,Price (JPY),370,https://developers.line.biz/en/docs/line-mini-app/in-app-purchase/iap-product-id/
line-mini-app,line-mini-app/in-app-purchase/iap-product-id,List of product IDs for items available for purchase via in-app purchase,Product ID,iap_ln_046,Price (JPY),380,https://developers.line.biz/en/docs/line-mini-app/in-app-purchase/iap-product-id/
line-mini-app,line-mini-app/in-app-purchase/iap-product-id,List of product IDs for items available for purchase via in-app purchase,Product ID,iap_ln_047,Price (JPY),390,https://developers.line.biz/en/docs/line-mini-app/in-app-purchase/iap-product-id/
line-mini-app,line-mini-app/in-app-purchase/iap-product-id,List of product IDs for items available for purchase via in-app purchase,Product ID,iap_ln_008,Price (JPY),400,https://developers.line.biz/en/docs/line-mini-app/in-app-purchase/iap-product-id/
line-mini-app,line-mini-app/in-app-purchase/iap-product-id,List of product IDs for items available for purchase via in-app purchase,Product ID,iap_ln_048,Price (JPY),410,https://developers.line.biz/en/docs/line-mini-app/in-app-purchase/iap-product-id/
line-mini-app,line-mini-app/in-app-purchase/iap-product-id,List of product IDs for items available for purchase via in-app purchase,Product ID,iap_ln_049,Price (JPY),420,https://developers.line.biz/en/docs/line-mini-app/in-app-purchase/iap-product-id/
line-mini-app,line-mini-app/in-app-purchase/iap-product-id,List of product IDs for items available for purchase via in-app purchase,Product ID,iap_ln_051,Price (JPY),430,https://developers.line.biz/en/docs/line-mini-app/in-app-purchase/iap-product-id/
line-mini-app,line-mini-app/in-app-purchase/iap-product-id,List of product IDs for items available for purchase via in-app purchase,Product ID,iap_ln_052,Price (JPY),440,https://developers.line.biz/en/docs/line-mini-app/in-app-purchase/iap-product-id/
line-mini-app,line-mini-app/in-app-purchase/iap-product-id,List of product IDs for items available for purchase via in-app purchase,Product ID,iap_ln_053,Price (JPY),450,https://developers.line.biz/en/docs/line-mini-app/in-app-purchase/iap-product-id/
line-mini-app,line-mini-app/in-app-purchase/iap-product-id,List of product IDs for items available for purchase via in-app purchase,Product ID,iap_ln_054,Price (JPY),460,https://developers.line.biz/en/docs/line-mini-app/in-app-purchase/iap-product-id/
line-mini-app,line-mini-app/in-app-purchase/iap-product-id,List of product IDs for items available for purchase via in-app purchase,Product ID,iap_ln_056,Price (JPY),470,https://developers.line.biz/en/docs/line-mini-app/in-app-purchase/iap-product-id/
line-mini-app,line-mini-app/in-app-purchase/iap-product-id,List of product IDs for items available for purchase via in-app purchase,Product ID,iap_ln_057,Price (JPY),480,https://developers.line.biz/en/docs/line-mini-app/in-app-purchase/iap-product-id/
line-mini-app,line-mini-app/in-app-purchase/iap-product-id,List of product IDs for items available for purchase via in-app purchase,Product ID,iap_ln_058,Price (JPY),490,https://developers.line.biz/en/docs/line-mini-app/in-app-purchase/iap-product-id/
line-mini-app,line-mini-app/in-app-purchase/iap-product-id,List of product IDs for items available for purchase via in-app purchase,Product ID,iap_ln_059,Price (JPY),500,https://developers.line.biz/en/docs/line-mini-app/in-app-purchase/iap-product-id/
line-mini-app,line-mini-app/in-app-purchase/iap-product-id,List of product IDs for items available for purchase via in-app purchase,Product ID,iap_ln_061,Price (JPY),510,https://developers.line.biz/en/docs/line-mini-app/in-app-purchase/iap-product-id/
line-mini-app,line-mini-app/in-app-purchase/iap-product-id,List of product IDs for items available for purchase via in-app purchase,Product ID,iap_ln_062,Price (JPY),520,https://developers.line.biz/en/docs/line-mini-app/in-app-purchase/iap-product-id/
line-mini-app,line-mini-app/in-app-purchase/iap-product-id,List of product IDs for items available for purchase via in-app purchase,Product ID,iap_ln_063,Price (JPY),530,https://developers.line.biz/en/docs/line-mini-app/in-app-purchase/iap-product-id/
line-mini-app,line-mini-app/in-app-purchase/iap-product-id,List of product IDs for items available for purchase via in-app purchase,Product ID,iap_ln_064,Price (JPY),540,https://developers.line.biz/en/docs/line-mini-app/in-app-purchase/iap-product-id/
line-mini-app,line-mini-app/in-app-purchase/iap-product-id,List of product IDs for items available for purchase via in-app purchase,Product ID,iap_ln_065,Price (JPY),550,https://developers.line.biz/en/docs/line-mini-app/in-app-purchase/iap-product-id/
line-mini-app,line-mini-app/in-app-purchase/iap-product-id,List of product IDs for items available for purchase via in-app purchase,Product ID,iap_ln_066,Price (JPY),560,https://developers.line.biz/en/docs/line-mini-app/in-app-purchase/iap-product-id/
line-mini-app,line-mini-app/in-app-purchase/iap-product-id,List of product IDs for items available for purchase via in-app purchase,Product ID,iap_ln_067,Price (JPY),570,https://developers.line.biz/en/docs/line-mini-app/in-app-purchase/iap-product-id/
line-mini-app,line-mini-app/in-app-purchase/iap-product-id,List of product IDs for items available for purchase via in-app purchase,Product ID,iap_ln_068,Price (JPY),580,https://developers.line.biz/en/docs/line-mini-app/in-app-purchase/iap-product-id/
line-mini-app,line-mini-app/in-app-purchase/iap-product-id,List of product IDs for items available for purchase via in-app purchase,Product ID,iap_ln_069,Price (JPY),590,https://developers.line.biz/en/docs/line-mini-app/in-app-purchase/iap-product-id/
line-mini-app,line-mini-app/in-app-purchase/iap-product-id,List of product IDs for items available for purchase via in-app purchase,Product ID,iap_ln_071,Price (JPY),600,https://developers.line.biz/en/docs/line-mini-app/in-app-purchase/iap-product-id/
line-mini-app,line-mini-app/in-app-purchase/iap-product-id,List of product IDs for items available for purchase via in-app purchase,Product ID,iap_ln_072,Price (JPY),610,https://developers.line.biz/en/docs/line-mini-app/in-app-purchase/iap-product-id/
line-mini-app,line-mini-app/in-app-purchase/iap-product-id,List of product IDs for items available for purchase via in-app purchase,Product ID,iap_ln_073,Price (JPY),620,https://developers.line.biz/en/docs/line-mini-app/in-app-purchase/iap-product-id/
line-mini-app,line-mini-app/in-app-purchase/iap-product-id,List of product IDs for items available for purchase via in-app purchase,Product ID,iap_ln_074,Price (JPY),630,https://developers.line.biz/en/docs/line-mini-app/in-app-purchase/iap-product-id/
line-mini-app,line-mini-app/in-app-purchase/iap-product-id,List of product IDs for items available for purchase via in-app purchase,Product ID,iap_ln_075,Price (JPY),640,https://developers.line.biz/en/docs/line-mini-app/in-app-purchase/iap-product-id/
line-mini-app,line-mini-app/in-app-purchase/iap-product-id,List of product IDs for items available for purchase via in-app purchase,Product ID,iap_ln_076,Price (JPY),650,https://developers.line.biz/en/docs/line-mini-app/in-app-purchase/iap-product-id/
line-mini-app,line-mini-app/in-app-purchase/iap-product-id,List of product IDs for items available for purchase via in-app purchase,Product ID,iap_ln_077,Price (JPY),660,https://developers.line.biz/en/docs/line-mini-app/in-app-purchase/iap-product-id/
line-mini-app,line-mini-app/in-app-purchase/iap-product-id,List of product IDs for items available for purchase via in-app purchase,Product ID,iap_ln_078,Price (JPY),670,https://developers.line.biz/en/docs/line-mini-app/in-app-purchase/iap-product-id/
line-mini-app,line-mini-app/in-app-purchase/iap-product-id,List of product IDs for items available for purchase via in-app purchase,Product ID,iap_ln_079,Price (JPY),680,https://developers.line.biz/en/docs/line-mini-app/in-app-purchase/iap-product-id/
line-mini-app,line-mini-app/in-app-purchase/iap-product-id,List of product IDs for items available for purchase via in-app purchase,Product ID,iap_ln_081,Price (JPY),690,https://developers.line.biz/en/docs/line-mini-app/in-app-purchase/iap-product-id/
line-mini-app,line-mini-app/in-app-purchase/iap-product-id,List of product IDs for items available for purchase via in-app purchase,Product ID,iap_ln_014,Price (JPY),700,https://developers.line.biz/en/docs/line-mini-app/in-app-purchase/iap-product-id/
line-mini-app,line-mini-app/in-app-purchase/iap-product-id,List of product IDs for items available for purchase via in-app purchase,Product ID,iap_ln_082,Price (JPY),710,https://developers.line.biz/en/docs/line-mini-app/in-app-purchase/iap-product-id/
line-mini-app,line-mini-app/in-app-purchase/iap-product-id,List of product IDs for items available for purchase via in-app purchase,Product ID,iap_ln_083,Price (JPY),720,https://developers.line.biz/en/docs/line-mini-app/in-app-purchase/iap-product-id/
line-mini-app,line-mini-app/in-app-purchase/iap-product-id,List of product IDs for items available for purchase via in-app purchase,Product ID,iap_ln_084,Price (JPY),730,https://developers.line.biz/en/docs/line-mini-app/in-app-purchase/iap-product-id/
line-mini-app,line-mini-app/in-app-purchase/iap-product-id,List of product IDs for items available for purchase via in-app purchase,Product ID,iap_ln_085,Price (JPY),740,https://developers.line.biz/en/docs/line-mini-app/in-app-purchase/iap-product-id/
line-mini-app,line-mini-app/in-app-purchase/iap-product-id,List of product IDs for items available for purchase via in-app purchase,Product ID,iap_ln_086,Price (JPY),750,https://developers.line.biz/en/docs/line-mini-app/in-app-purchase/iap-product-id/
line-mini-app,line-mini-app/in-app-purchase/iap-product-id,List of product IDs for items available for purchase via in-app purchase,Product ID,iap_ln_087,Price (JPY),760,https://developers.line.biz/en/docs/line-mini-app/in-app-purchase/iap-product-id/
line-mini-app,line-mini-app/in-app-purchase/iap-product-id,List of product IDs for items available for purchase via in-app purchase,Product ID,iap_ln_088,Price (JPY),770,https://developers.line.biz/en/docs/line-mini-app/in-app-purchase/iap-product-id/
line-mini-app,line-mini-app/in-app-purchase/iap-product-id,List of product IDs for items available for purchase via in-app purchase,Product ID,iap_ln_089,Price (JPY),780,https://developers.line.biz/en/docs/line-mini-app/in-app-purchase/iap-product-id/
line-mini-app,line-mini-app/in-app-purchase/iap-product-id,List of product IDs for items available for purchase via in-app purchase,Product ID,iap_ln_091,Price (JPY),790,https://developers.line.biz/en/docs/line-mini-app/in-app-purchase/iap-product-id/
line-mini-app,line-mini-app/in-app-purchase/iap-product-id,List of product IDs for items available for purchase via in-app purchase,Product ID,iap_ln_016,Price (JPY),800,https://developers.line.biz/en/docs/line-mini-app/in-app-purchase/iap-product-id/
line-mini-app,line-mini-app/in-app-purchase/iap-product-id,List of product IDs for items available for purchase via in-app purchase,Product ID,iap_ln_092,Price (JPY),810,https://developers.line.biz/en/docs/line-mini-app/in-app-purchase/iap-product-id/
line-mini-app,line-mini-app/in-app-purchase/iap-product-id,List of product IDs for items available for purchase via in-app purchase,Product ID,iap_ln_093,Price (JPY),820,https://developers.line.biz/en/docs/line-mini-app/in-app-purchase/iap-product-id/
line-mini-app,line-mini-app/in-app-purchase/iap-product-id,List of product IDs for items available for purchase via in-app purchase,Product ID,iap_ln_094,Price (JPY),830,https://developers.line.biz/en/docs/line-mini-app/in-app-purchase/iap-product-id/
line-mini-app,line-mini-app/in-app-purchase/iap-product-id,List of product IDs for items available for purchase via in-app purchase,Product ID,iap_ln_095,Price (JPY),840,https://developers.line.biz/en/docs/line-mini-app/in-app-purchase/iap-product-id/
line-mini-app,line-mini-app/in-app-purchase/iap-product-id,List of product IDs for items available for purchase via in-app purchase,Product ID,iap_ln_096,Price (JPY),850,https://developers.line.biz/en/docs/line-mini-app/in-app-purchase/iap-product-id/
line-mini-app,line-mini-app/in-app-purchase/iap-product-id,List of product IDs for items available for purchase via in-app purchase,Product ID,iap_ln_097,Price (JPY),860,https://developers.line.biz/en/docs/line-mini-app/in-app-purchase/iap-product-id/
line-mini-app,line-mini-app/in-app-purchase/iap-product-id,List of product IDs for items available for purchase via in-app purchase,Product ID,iap_ln_098,Price (JPY),870,https://developers.line.biz/en/docs/line-mini-app/in-app-purchase/iap-product-id/
line-mini-app,line-mini-app/in-app-purchase/iap-product-id,List of product IDs for items available for purchase via in-app purchase,Product ID,iap_ln_099,Price (JPY),880,https://developers.line.biz/en/docs/line-mini-app/in-app-purchase/iap-product-id/
line-mini-app,line-mini-app/in-app-purchase/iap-product-id,List of product IDs for items available for purchase via in-app purchase,Product ID,iap_ln_100,Price (JPY),890,https://developers.line.biz/en/docs/line-mini-app/in-app-purchase/iap-product-id/
line-mini-app,line-mini-app/in-app-purchase/iap-product-id,List of product IDs for items available for purchase via in-app purchase,Product ID,iap_ln_101,Price (JPY),900,https://developers.line.biz/en/docs/line-mini-app/in-app-purchase/iap-product-id/
line-mini-app,line-mini-app/in-app-purchase/iap-product-id,List of product IDs for items available for purchase via in-app purchase,Product ID,iap_ln_102,Price (JPY),910,https://developers.line.biz/en/docs/line-mini-app/in-app-purchase/iap-product-id/
line-mini-app,line-mini-app/in-app-purchase/iap-product-id,List of product IDs for items available for purchase via in-app purchase,Product ID,iap_ln_103,Price (JPY),920,https://developers.line.biz/en/docs/line-mini-app/in-app-purchase/iap-product-id/
line-mini-app,line-mini-app/in-app-purchase/iap-product-id,List of product IDs for items available for purchase via in-app purchase,Product ID,iap_ln_104,Price (JPY),930,https://developers.line.biz/en/docs/line-mini-app/in-app-purchase/iap-product-id/
line-mini-app,line-mini-app/in-app-purchase/iap-product-id,List of product IDs for items available for purchase via in-app purchase,Product ID,iap_ln_105,Price (JPY),940,https://developers.line.biz/en/docs/line-mini-app/in-app-purchase/iap-product-id/
line-mini-app,line-mini-app/in-app-purchase/iap-product-id,List of product IDs for items available for purchase via in-app purchase,Product ID,iap_ln_106,Price (JPY),950,https://developers.line.biz/en/docs/line-mini-app/in-app-purchase/iap-product-id/
line-mini-app,line-mini-app/in-app-purchase/iap-product-id,List of product IDs for items available for purchase via in-app purchase,Product ID,iap_ln_107,Price (JPY),960,https://developers.line.biz/en/docs/line-mini-app/in-app-purchase/iap-product-id/
line-mini-app,line-mini-app/in-app-purchase/iap-product-id,List of product IDs for items available for purchase via in-app purchase,Product ID,iap_ln_108,Price (JPY),970,https://developers.line.biz/en/docs/line-mini-app/in-app-purchase/iap-product-id/
line-mini-app,line-mini-app/in-app-purchase/iap-product-id,List of product IDs for items available for purchase via in-app purchase,Product ID,iap_ln_109,Price (JPY),980,https://developers.line.biz/en/docs/line-mini-app/in-app-purchase/iap-product-id/
line-mini-app,line-mini-app/in-app-purchase/iap-product-id,List of product IDs for items available for purchase via in-app purchase,Product ID,iap_ln_110,Price (JPY),990,https://developers.line.biz/en/docs/line-mini-app/in-app-purchase/iap-product-id/
line-mini-app,line-mini-app/in-app-purchase/iap-product-id,List of product IDs for items available for purchase via in-app purchase,Product ID,iap_ln_020,Price (JPY),"1,000",https://developers.line.biz/en/docs/line-mini-app/in-app-purchase/iap-product-id/
line-mini-app,line-mini-app/in-app-purchase/iap-product-id,List of product IDs for items available for purchase via in-app purchase,Product ID,iap_ln_111,Price (JPY),"1,010",https://developers.line.biz/en/docs/line-mini-app/in-app-purchase/iap-product-id/
line-mini-app,line-mini-app/in-app-purchase/iap-product-id,List of product IDs for items available for purchase via in-app purchase,Product ID,iap_ln_112,Price (JPY),"1,020",https://developers.line.biz/en/docs/line-mini-app/in-app-purchase/iap-product-id/
line-mini-app,line-mini-app/in-app-purchase/iap-product-id,List of product IDs for items available for purchase via in-app purchase,Product ID,iap_ln_113,Price (JPY),"1,030",https://developers.line.biz/en/docs/line-mini-app/in-app-purchase/iap-product-id/
line-mini-app,line-mini-app/in-app-purchase/iap-product-id,List of product IDs for items available for purchase via in-app purchase,Product ID,iap_ln_114,Price (JPY),"1,040",https://developers.line.biz/en/docs/line-mini-app/in-app-purchase/iap-product-id/
line-mini-app,line-mini-app/in-app-purchase/iap-product-id,List of product IDs for items available for purchase via in-app purchase,Product ID,iap_ln_115,Price (JPY),"1,050",https://developers.line.biz/en/docs/line-mini-app/in-app-purchase/iap-product-id/
line-mini-app,line-mini-app/in-app-purchase/iap-product-id,List of product IDs for items available for purchase via in-app purchase,Product ID,iap_ln_116,Price (JPY),"1,060",https://developers.line.biz/en/docs/line-mini-app/in-app-purchase/iap-product-id/
line-mini-app,line-mini-app/in-app-purchase/iap-product-id,List of product IDs for items available for purchase via in-app purchase,Product ID,iap_ln_117,Price (JPY),"1,070",https://developers.line.biz/en/docs/line-mini-app/in-app-purchase/iap-product-id/
line-mini-app,line-mini-app/in-app-purchase/iap-product-id,List of product IDs for items available for purchase via in-app purchase,Product ID,iap_ln_118,Price (JPY),"1,080",https://developers.line.biz/en/docs/line-mini-app/in-app-purchase/iap-product-id/
line-mini-app,line-mini-app/in-app-purchase/iap-product-id,List of product IDs for items available for purchase via in-app purchase,Product ID,iap_ln_119,Price (JPY),"1,090",https://developers.line.biz/en/docs/line-mini-app/in-app-purchase/iap-product-id/
line-mini-app,line-mini-app/in-app-purchase/iap-product-id,List of product IDs for items available for purchase via in-app purchase,Product ID,iap_ln_021,Price (JPY),"1,100",https://developers.line.biz/en/docs/line-mini-app/in-app-purchase/iap-product-id/
line-mini-app,line-mini-app/in-app-purchase/iap-product-id,List of product IDs for items available for purchase via in-app purchase,Product ID,iap_ln_120,Price (JPY),"1,110",https://developers.line.biz/en/docs/line-mini-app/in-app-purchase/iap-product-id/
line-mini-app,line-mini-app/in-app-purchase/iap-product-id,List of product IDs for items available for purchase via in-app purchase,Product ID,iap_ln_121,Price (JPY),"1,120",https://developers.line.biz/en/docs/line-mini-app/in-app-purchase/iap-product-id/
line-mini-app,line-mini-app/in-app-purchase/iap-product-id,List of product IDs for items available for purchase via in-app purchase,Product ID,iap_ln_122,Price (JPY),"1,130",https://developers.line.biz/en/docs/line-mini-app/in-app-purchase/iap-product-id/
line-mini-app,line-mini-app/in-app-purchase/iap-product-id,List of product IDs for items available for purchase via in-app purchase,Product ID,iap_ln_123,Price (JPY),"1,140",https://developers.line.biz/en/docs/line-mini-app/in-app-purchase/iap-product-id/
line-mini-app,line-mini-app/in-app-purchase/iap-product-id,List of product IDs for items available for purchase via in-app purchase,Product ID,iap_ln_124,Price (JPY),"1,150",https://developers.line.biz/en/docs/line-mini-app/in-app-purchase/iap-product-id/
line-mini-app,line-mini-app/in-app-purchase/iap-product-id,List of product IDs for items available for purchase via in-app purchase,Product ID,iap_ln_125,Price (JPY),"1,160",https://developers.line.biz/en/docs/line-mini-app/in-app-purchase/iap-product-id/
line-mini-app,line-mini-app/in-app-purchase/iap-product-id,List of product IDs for items available for purchase via in-app purchase,Product ID,iap_ln_126,Price (JPY),"1,170",https://developers.line.biz/en/docs/line-mini-app/in-app-purchase/iap-product-id/
line-mini-app,line-mini-app/in-app-purchase/iap-product-id,List of product IDs for items available for purchase via in-app purchase,Product ID,iap_ln_127,Price (JPY),"1,180",https://developers.line.biz/en/docs/line-mini-app/in-app-purchase/iap-product-id/
line-mini-app,line-mini-app/in-app-purchase/iap-product-id,List of product IDs for items available for purchase via in-app purchase,Product ID,iap_ln_128,Price (JPY),"1,190",https://developers.line.biz/en/docs/line-mini-app/in-app-purchase/iap-product-id/
line-mini-app,line-mini-app/in-app-purchase/iap-product-id,List of product IDs for items available for purchase via in-app purchase,Product ID,iap_ln_022,Price (JPY),"1,200",https://developers.line.biz/en/docs/line-mini-app/in-app-purchase/iap-product-id/
line-mini-app,line-mini-app/in-app-purchase/iap-product-id,List of product IDs for items available for purchase via in-app purchase,Product ID,iap_ln_129,Price (JPY),"1,210",https://developers.line.biz/en/docs/line-mini-app/in-app-purchase/iap-product-id/
line-mini-app,line-mini-app/in-app-purchase/iap-product-id,List of product IDs for items available for purchase via in-app purchase,Product ID,iap_ln_131,Price (JPY),"1,220",https://developers.line.biz/en/docs/line-mini-app/in-app-purchase/iap-product-id/
line-mini-app,line-mini-app/in-app-purchase/iap-product-id,List of product IDs for items available for purchase via in-app purchase,Product ID,iap_ln_132,Price (JPY),"1,230",https://developers.line.biz/en/docs/line-mini-app/in-app-purchase/iap-product-id/
line-mini-app,line-mini-app/in-app-purchase/iap-product-id,List of product IDs for items available for purchase via in-app purchase,Product ID,iap_ln_133,Price (JPY),"1,240",https://developers.line.biz/en/docs/line-mini-app/in-app-purchase/iap-product-id/
line-mini-app,line-mini-app/in-app-purchase/iap-product-id,List of product IDs for items available for purchase via in-app purchase,Product ID,iap_ln_134,Price (JPY),"1,250",https://developers.line.biz/en/docs/line-mini-app/in-app-purchase/iap-product-id/
line-mini-app,line-mini-app/in-app-purchase/iap-product-id,List of product IDs for items available for purchase via in-app purchase,Product ID,iap_ln_135,Price (JPY),"1,260",https://developers.line.biz/en/docs/line-mini-app/in-app-purchase/iap-product-id/
line-mini-app,line-mini-app/in-app-purchase/iap-product-id,List of product IDs for items available for purchase via in-app purchase,Product ID,iap_ln_136,Price (JPY),"1,270",https://developers.line.biz/en/docs/line-mini-app/in-app-purchase/iap-product-id/
line-mini-app,line-mini-app/in-app-purchase/iap-product-id,List of product IDs for items available for purchase via in-app purchase,Product ID,iap_ln_137,Price (JPY),"1,280",https://developers.line.biz/en/docs/line-mini-app/in-app-purchase/iap-product-id/
line-mini-app,line-mini-app/in-app-purchase/iap-product-id,List of product IDs for items available for purchase via in-app purchase,Product ID,iap_ln_138,Price (JPY),"1,290",https://developers.line.biz/en/docs/line-mini-app/in-app-purchase/iap-product-id/
line-mini-app,line-mini-app/in-app-purchase/iap-product-id,List of product IDs for items available for purchase via in-app purchase,Product ID,iap_ln_023,Price (JPY),"1,300",https://developers.line.biz/en/docs/line-mini-app/in-app-purchase/iap-product-id/
line-mini-app,line-mini-app/in-app-purchase/iap-product-id,List of product IDs for items available for purchase via in-app purchase,Product ID,iap_ln_139,Price (JPY),"1,310",https://developers.line.biz/en/docs/line-mini-app/in-app-purchase/iap-product-id/
line-mini-app,line-mini-app/in-app-purchase/iap-product-id,List of product IDs for items available for purchase via in-app purchase,Product ID,iap_ln_140,Price (JPY),"1,320",https://developers.line.biz/en/docs/line-mini-app/in-app-purchase/iap-product-id/
line-mini-app,line-mini-app/in-app-purchase/iap-product-id,List of product IDs for items available for purchase via in-app purchase,Product ID,iap_ln_141,Price (JPY),"1,330",https://developers.line.biz/en/docs/line-mini-app/in-app-purchase/iap-product-id/
line-mini-app,line-mini-app/in-app-purchase/iap-product-id,List of product IDs for items available for purchase via in-app purchase,Product ID,iap_ln_142,Price (JPY),"1,340",https://developers.line.biz/en/docs/line-mini-app/in-app-purchase/iap-product-id/
line-mini-app,line-mini-app/in-app-purchase/iap-product-id,List of product IDs for items available for purchase via in-app purchase,Product ID,iap_ln_143,Price (JPY),"1,350",https://developers.line.biz/en/docs/line-mini-app/in-app-purchase/iap-product-id/
line-mini-app,line-mini-app/in-app-purchase/iap-product-id,List of product IDs for items available for purchase via in-app purchase,Product ID,iap_ln_144,Price (JPY),"1,360",https://developers.line.biz/en/docs/line-mini-app/in-app-purchase/iap-product-id/
line-mini-app,line-mini-app/in-app-purchase/iap-product-id,List of product IDs for items available for purchase via in-app purchase,Product ID,iap_ln_145,Price (JPY),"1,370",https://developers.line.biz/en/docs/line-mini-app/in-app-purchase/iap-product-id/
line-mini-app,line-mini-app/in-app-purchase/iap-product-id,List of product IDs for items available for purchase via in-app purchase,Product ID,iap_ln_146,Price (JPY),"1,380",https://developers.line.biz/en/docs/line-mini-app/in-app-purchase/iap-product-id/
line-mini-app,line-mini-app/in-app-purchase/iap-product-id,List of product IDs for items available for purchase via in-app purchase,Product ID,iap_ln_147,Price (JPY),"1,390",https://developers.line.biz/en/docs/line-mini-app/in-app-purchase/iap-product-id/
line-mini-app,line-mini-app/in-app-purchase/iap-product-id,List of product IDs for items available for purchase via in-app purchase,Product ID,iap_ln_148,Price (JPY),"1,400",https://developers.line.biz/en/docs/line-mini-app/in-app-purchase/iap-product-id/
line-mini-app,line-mini-app/in-app-purchase/iap-product-id,List of product IDs for items available for purchase via in-app purchase,Product ID,iap_ln_149,Price (JPY),"1,410",https://developers.line.biz/en/docs/line-mini-app/in-app-purchase/iap-product-id/
line-mini-app,line-mini-app/in-app-purchase/iap-product-id,List of product IDs for items available for purchase via in-app purchase,Product ID,iap_ln_151,Price (JPY),"1,420",https://developers.line.biz/en/docs/line-mini-app/in-app-purchase/iap-product-id/
line-mini-app,line-mini-app/in-app-purchase/iap-product-id,List of product IDs for items available for purchase via in-app purchase,Product ID,iap_ln_152,Price (JPY),"1,430",https://developers.line.biz/en/docs/line-mini-app/in-app-purchase/iap-product-id/
line-mini-app,line-mini-app/in-app-purchase/iap-product-id,List of product IDs for items available for purchase via in-app purchase,Product ID,iap_ln_153,Price (JPY),"1,440",https://developers.line.biz/en/docs/line-mini-app/in-app-purchase/iap-product-id/
line-mini-app,line-mini-app/in-app-purchase/iap-product-id,List of product IDs for items available for purchase via in-app purchase,Product ID,iap_ln_154,Price (JPY),"1,450",https://developers.line.biz/en/docs/line-mini-app/in-app-purchase/iap-product-id/
line-mini-app,line-mini-app/in-app-purchase/iap-product-id,List of product IDs for items available for purchase via in-app purchase,Product ID,iap_ln_156,Price (JPY),"1,460",https://developers.line.biz/en/docs/line-mini-app/in-app-purchase/iap-product-id/
line-mini-app,line-mini-app/in-app-purchase/iap-product-id,List of product IDs for items available for purchase via in-app purchase,Product ID,iap_ln_157,Price (JPY),"1,470",https://developers.line.biz/en/docs/line-mini-app/in-app-purchase/iap-product-id/
line-mini-app,line-mini-app/in-app-purchase/iap-product-id,List of product IDs for items available for purchase via in-app purchase,Product ID,iap_ln_158,Price (JPY),"1,480",https://developers.line.biz/en/docs/line-mini-app/in-app-purchase/iap-product-id/
line-mini-app,line-mini-app/in-app-purchase/iap-product-id,List of product IDs for items available for purchase via in-app purchase,Product ID,iap_ln_159,Price (JPY),"1,490",https://developers.line.biz/en/docs/line-mini-app/in-app-purchase/iap-product-id/
line-mini-app,line-mini-app/in-app-purchase/iap-product-id,List of product IDs for items available for purchase via in-app purchase,Product ID,iap_ln_025,Price (JPY),"1,500",https://developers.line.biz/en/docs/line-mini-app/in-app-purchase/iap-product-id/
line-mini-app,line-mini-app/in-app-purchase/iap-product-id,List of product IDs for items available for purchase via in-app purchase,Product ID,iap_ln_161,Price (JPY),"1,510",https://developers.line.biz/en/docs/line-mini-app/in-app-purchase/iap-product-id/
line-mini-app,line-mini-app/in-app-purchase/iap-product-id,List of product IDs for items available for purchase via in-app purchase,Product ID,iap_ln_163,Price (JPY),"1,520",https://developers.line.biz/en/docs/line-mini-app/in-app-purchase/iap-product-id/
line-mini-app,line-mini-app/in-app-purchase/iap-product-id,List of product IDs for items available for purchase via in-app purchase,Product ID,iap_ln_164,Price (JPY),"1,530",https://developers.line.biz/en/docs/line-mini-app/in-app-purchase/iap-product-id/
line-mini-app,line-mini-app/in-app-purchase/iap-product-id,List of product IDs for items available for purchase via in-app purchase,Product ID,iap_ln_165,Price (JPY),"1,540",https://developers.line.biz/en/docs/line-mini-app/in-app-purchase/iap-product-id/
line-mini-app,line-mini-app/in-app-purchase/iap-product-id,List of product IDs for items available for purchase via in-app purchase,Product ID,iap_ln_166,Price (JPY),"1,550",https://developers.line.biz/en/docs/line-mini-app/in-app-purchase/iap-product-id/
line-mini-app,line-mini-app/in-app-purchase/iap-product-id,List of product IDs for items available for purchase via in-app purchase,Product ID,iap_ln_167,Price (JPY),"1,560",https://developers.line.biz/en/docs/line-mini-app/in-app-purchase/iap-product-id/
line-mini-app,line-mini-app/in-app-purchase/iap-product-id,List of product IDs for items available for purchase via in-app purchase,Product ID,iap_ln_168,Price (JPY),"1,570",https://developers.line.biz/en/docs/line-mini-app/in-app-purchase/iap-product-id/
line-mini-app,line-mini-app/in-app-purchase/iap-product-id,List of product IDs for items available for purchase via in-app purchase,Product ID,iap_ln_169,Price (JPY),"1,580",https://developers.line.biz/en/docs/line-mini-app/in-app-purchase/iap-product-id/
line-mini-app,line-mini-app/in-app-purchase/iap-product-id,List of product IDs for items available for purchase via in-app purchase,Product ID,iap_ln_170,Price (JPY),"1,590",https://developers.line.biz/en/docs/line-mini-app/in-app-purchase/iap-product-id/
line-mini-app,line-mini-app/in-app-purchase/iap-product-id,List of product IDs for items available for purchase via in-app purchase,Product ID,iap_ln_026,Price (JPY),"1,600",https://developers.line.biz/en/docs/line-mini-app/in-app-purchase/iap-product-id/
line-mini-app,line-mini-app/in-app-purchase/iap-product-id,List of product IDs for items available for purchase via in-app purchase,Product ID,iap_ln_171,Price (JPY),"1,610",https://developers.line.biz/en/docs/line-mini-app/in-app-purchase/iap-product-id/
line-mini-app,line-mini-app/in-app-purchase/iap-product-id,List of product IDs for items available for purchase via in-app purchase,Product ID,iap_ln_172,Price (JPY),"1,620",https://developers.line.biz/en/docs/line-mini-app/in-app-purchase/iap-product-id/
line-mini-app,line-mini-app/in-app-purchase/iap-product-id,List of product IDs for items available for purchase via in-app purchase,Product ID,iap_ln_173,Price (JPY),"1,630",https://developers.line.biz/en/docs/line-mini-app/in-app-purchase/iap-product-id/
line-mini-app,line-mini-app/in-app-purchase/iap-product-id,List of product IDs for items available for purchase via in-app purchase,Product ID,iap_ln_174,Price (JPY),"1,640",https://developers.line.biz/en/docs/line-mini-app/in-app-purchase/iap-product-id/
line-mini-app,line-mini-app/in-app-purchase/iap-product-id,List of product IDs for items available for purchase via in-app purchase,Product ID,iap_ln_175,Price (JPY),"1,650",https://developers.line.biz/en/docs/line-mini-app/in-app-purchase/iap-product-id/
line-mini-app,line-mini-app/in-app-purchase/iap-product-id,List of product IDs for items available for purchase via in-app purchase,Product ID,iap_ln_176,Price (JPY),"1,660",https://developers.line.biz/en/docs/line-mini-app/in-app-purchase/iap-product-id/
line-mini-app,line-mini-app/in-app-purchase/iap-product-id,List of product IDs for items available for purchase via in-app purchase,Product ID,iap_ln_177,Price (JPY),"1,670",https://developers.line.biz/en/docs/line-mini-app/in-app-purchase/iap-product-id/
line-mini-app,line-mini-app/in-app-purchase/iap-product-id,List of product IDs for items available for purchase via in-app purchase,Product ID,iap_ln_178,Price (JPY),"1,680",https://developers.line.biz/en/docs/line-mini-app/in-app-purchase/iap-product-id/
line-mini-app,line-mini-app/in-app-purchase/iap-product-id,List of product IDs for items available for purchase via in-app purchase,Product ID,iap_ln_179,Price (JPY),"1,690",https://developers.line.biz/en/docs/line-mini-app/in-app-purchase/iap-product-id/
line-mini-app,line-mini-app/in-app-purchase/iap-product-id,List of product IDs for items available for purchase via in-app purchase,Product ID,iap_ln_180,Price (JPY),"1,700",https://developers.line.biz/en/docs/line-mini-app/in-app-purchase/iap-product-id/
line-mini-app,line-mini-app/in-app-purchase/iap-product-id,List of product IDs for items available for purchase via in-app purchase,Product ID,iap_ln_181,Price (JPY),"1,710",https://developers.line.biz/en/docs/line-mini-app/in-app-purchase/iap-product-id/
line-mini-app,line-mini-app/in-app-purchase/iap-product-id,List of product IDs for items available for purchase via in-app purchase,Product ID,iap_ln_182,Price (JPY),"1,720",https://developers.line.biz/en/docs/line-mini-app/in-app-purchase/iap-product-id/
line-mini-app,line-mini-app/in-app-purchase/iap-product-id,List of product IDs for items available for purchase via in-app purchase,Product ID,iap_ln_183,Price (JPY),"1,730",https://developers.line.biz/en/docs/line-mini-app/in-app-purchase/iap-product-id/
line-mini-app,line-mini-app/in-app-purchase/iap-product-id,List of product IDs for items available for purchase via in-app purchase,Product ID,iap_ln_184,Price (JPY),"1,740",https://developers.line.biz/en/docs/line-mini-app/in-app-purchase/iap-product-id/
line-mini-app,line-mini-app/in-app-purchase/iap-product-id,List of product IDs for items available for purchase via in-app purchase,Product ID,iap_ln_185,Price (JPY),"1,750",https://developers.line.biz/en/docs/line-mini-app/in-app-purchase/iap-product-id/
line-mini-app,line-mini-app/in-app-purchase/iap-product-id,List of product IDs for items available for purchase via in-app purchase,Product ID,iap_ln_186,Price (JPY),"1,760",https://developers.line.biz/en/docs/line-mini-app/in-app-purchase/iap-product-id/
line-mini-app,line-mini-app/in-app-purchase/iap-product-id,List of product IDs for items available for purchase via in-app purchase,Product ID,iap_ln_187,Price (JPY),"1,770",https://developers.line.biz/en/docs/line-mini-app/in-app-purchase/iap-product-id/
line-mini-app,line-mini-app/in-app-purchase/iap-product-id,List of product IDs for items available for purchase via in-app purchase,Product ID,iap_ln_188,Price (JPY),"1,780",https://developers.line.biz/en/docs/line-mini-app/in-app-purchase/iap-product-id/
line-mini-app,line-mini-app/in-app-purchase/iap-product-id,List of product IDs for items available for purchase via in-app purchase,Product ID,iap_ln_189,Price (JPY),"1,790",https://developers.line.biz/en/docs/line-mini-app/in-app-purchase/iap-product-id/
line-mini-app,line-mini-app/in-app-purchase/iap-product-id,List of product IDs for items available for purchase via in-app purchase,Product ID,iap_ln_190,Price (JPY),"1,800",https://developers.line.biz/en/docs/line-mini-app/in-app-purchase/iap-product-id/
line-mini-app,line-mini-app/in-app-purchase/iap-product-id,List of product IDs for items available for purchase via in-app purchase,Product ID,iap_ln_191,Price (JPY),"1,810",https://developers.line.biz/en/docs/line-mini-app/in-app-purchase/iap-product-id/
line-mini-app,line-mini-app/in-app-purchase/iap-product-id,List of product IDs for items available for purchase via in-app purchase,Product ID,iap_ln_192,Price (JPY),"1,820",https://developers.line.biz/en/docs/line-mini-app/in-app-purchase/iap-product-id/
line-mini-app,line-mini-app/in-app-purchase/iap-product-id,List of product IDs for items available for purchase via in-app purchase,Product ID,iap_ln_193,Price (JPY),"1,830",https://developers.line.biz/en/docs/line-mini-app/in-app-purchase/iap-product-id/
line-mini-app,line-mini-app/in-app-purchase/iap-product-id,List of product IDs for items available for purchase via in-app purchase,Product ID,iap_ln_194,Price (JPY),"1,840",https://developers.line.biz/en/docs/line-mini-app/in-app-purchase/iap-product-id/
line-mini-app,line-mini-app/in-app-purchase/iap-product-id,List of product IDs for items available for purchase via in-app purchase,Product ID,iap_ln_195,Price (JPY),"1,850",https://developers.line.biz/en/docs/line-mini-app/in-app-purchase/iap-product-id/
line-mini-app,line-mini-app/in-app-purchase/iap-product-id,List of product IDs for items available for purchase via in-app purchase,Product ID,iap_ln_196,Price (JPY),"1,860",https://developers.line.biz/en/docs/line-mini-app/in-app-purchase/iap-product-id/
line-mini-app,line-mini-app/in-app-purchase/iap-product-id,List of product IDs for items available for purchase via in-app purchase,Product ID,iap_ln_197,Price (JPY),"1,870",https://developers.line.biz/en/docs/line-mini-app/in-app-purchase/iap-product-id/
line-mini-app,line-mini-app/in-app-purchase/iap-product-id,List of product IDs for items available for purchase via in-app purchase,Product ID,iap_ln_198,Price (JPY),"1,880",https://developers.line.biz/en/docs/line-mini-app/in-app-purchase/iap-product-id/
line-mini-app,line-mini-app/in-app-purchase/iap-product-id,List of product IDs for items available for purchase via in-app purchase,Product ID,iap_ln_199,Price (JPY),"1,890",https://developers.line.biz/en/docs/line-mini-app/in-app-purchase/iap-product-id/
line-mini-app,line-mini-app/in-app-purchase/iap-product-id,List of product IDs for items available for purchase via in-app purchase,Product ID,iap_ln_200,Price (JPY),"1,900",https://developers.line.biz/en/docs/line-mini-app/in-app-purchase/iap-product-id/
line-mini-app,line-mini-app/in-app-purchase/iap-product-id,List of product IDs for items available for purchase via in-app purchase,Product ID,iap_ln_201,Price (JPY),"1,910",https://developers.line.biz/en/docs/line-mini-app/in-app-purchase/iap-product-id/
line-mini-app,line-mini-app/in-app-purchase/iap-product-id,List of product IDs for items available for purchase via in-app purchase,Product ID,iap_ln_202,Price (JPY),"1,920",https://developers.line.biz/en/docs/line-mini-app/in-app-purchase/iap-product-id/
line-mini-app,line-mini-app/in-app-purchase/iap-product-id,List of product IDs for items available for purchase via in-app purchase,Product ID,iap_ln_203,Price (JPY),"1,930",https://developers.line.biz/en/docs/line-mini-app/in-app-purchase/iap-product-id/
line-mini-app,line-mini-app/in-app-purchase/iap-product-id,List of product IDs for items available for purchase via in-app purchase,Product ID,iap_ln_204,Price (JPY),"1,940",https://developers.line.biz/en/docs/line-mini-app/in-app-purchase/iap-product-id/
line-mini-app,line-mini-app/in-app-purchase/iap-product-id,List of product IDs for items available for purchase via in-app purchase,Product ID,iap_ln_205,Price (JPY),"1,950",https://developers.line.biz/en/docs/line-mini-app/in-app-purchase/iap-product-id/
line-mini-app,line-mini-app/in-app-purchase/iap-product-id,List of product IDs for items available for purchase via in-app purchase,Product ID,iap_ln_206,Price (JPY),"1,960",https://developers.line.biz/en/docs/line-mini-app/in-app-purchase/iap-product-id/
line-mini-app,line-mini-app/in-app-purchase/iap-product-id,List of product IDs for items available for purchase via in-app purchase,Product ID,iap_ln_207,Price (JPY),"1,970",https://developers.line.biz/en/docs/line-mini-app/in-app-purchase/iap-product-id/
line-mini-app,line-mini-app/in-app-purchase/iap-product-id,List of product IDs for items available for purchase via in-app purchase,Product ID,iap_ln_208,Price (JPY),"1,980",https://developers.line.biz/en/docs/line-mini-app/in-app-purchase/iap-product-id/
line-mini-app,line-mini-app/in-app-purchase/iap-product-id,List of product IDs for items available for purchase via in-app purchase,Product ID,iap_ln_209,Price (JPY),"1,990",https://developers.line.biz/en/docs/line-mini-app/in-app-purchase/iap-product-id/
line-mini-app,line-mini-app/in-app-purchase/iap-product-id,List of product IDs for items available for purchase via in-app purchase,Product ID,iap_ln_030,Price (JPY),"2,000",https://developers.line.biz/en/docs/line-mini-app/in-app-purchase/iap-product-id/
line-mini-app,line-mini-app/in-app-purchase/iap-product-id,List of product IDs for items available for purchase via in-app purchase,Product ID,iap_ln_210,Price (JPY),"2,080",https://developers.line.biz/en/docs/line-mini-app/in-app-purchase/iap-product-id/
line-mini-app,line-mini-app/in-app-purchase/iap-product-id,List of product IDs for items available for purchase via in-app purchase,Product ID,iap_ln_211,Price (JPY),"2,090",https://developers.line.biz/en/docs/line-mini-app/in-app-purchase/iap-product-id/
line-mini-app,line-mini-app/in-app-purchase/iap-product-id,List of product IDs for items available for purchase via in-app purchase,Product ID,iap_ln_212,Price (JPY),"2,100",https://developers.line.biz/en/docs/line-mini-app/in-app-purchase/iap-product-id/
line-mini-app,line-mini-app/in-app-purchase/iap-product-id,List of product IDs for items available for purchase via in-app purchase,Product ID,iap_ln_213,Price (JPY),"2,180",https://developers.line.biz/en/docs/line-mini-app/in-app-purchase/iap-product-id/
line-mini-app,line-mini-app/in-app-purchase/iap-product-id,List of product IDs for items available for purchase via in-app purchase,Product ID,iap_ln_214,Price (JPY),"2,190",https://developers.line.biz/en/docs/line-mini-app/in-app-purchase/iap-product-id/
line-mini-app,line-mini-app/in-app-purchase/iap-product-id,List of product IDs for items available for purchase via in-app purchase,Product ID,iap_ln_032,Price (JPY),"2,200",https://developers.line.biz/en/docs/line-mini-app/in-app-purchase/iap-product-id/
line-mini-app,line-mini-app/in-app-purchase/iap-product-id,List of product IDs for items available for purchase via in-app purchase,Product ID,iap_ln_215,Price (JPY),"2,280",https://developers.line.biz/en/docs/line-mini-app/in-app-purchase/iap-product-id/
line-mini-app,line-mini-app/in-app-purchase/iap-product-id,List of product IDs for items available for purchase via in-app purchase,Product ID,iap_ln_216,Price (JPY),"2,290",https://developers.line.biz/en/docs/line-mini-app/in-app-purchase/iap-product-id/
line-mini-app,line-mini-app/in-app-purchase/iap-product-id,List of product IDs for items available for purchase via in-app purchase,Product ID,iap_ln_217,Price (JPY),"2,300",https://developers.line.biz/en/docs/line-mini-app/in-app-purchase/iap-product-id/
line-mini-app,line-mini-app/in-app-purchase/iap-product-id,List of product IDs for items available for purchase via in-app purchase,Product ID,iap_ln_218,Price (JPY),"2,380",https://developers.line.biz/en/docs/line-mini-app/in-app-purchase/iap-product-id/
line-mini-app,line-mini-app/in-app-purchase/iap-product-id,List of product IDs for items available for purchase via in-app purchase,Product ID,iap_ln_219,Price (JPY),"2,390",https://developers.line.biz/en/docs/line-mini-app/in-app-purchase/iap-product-id/
line-mini-app,line-mini-app/in-app-purchase/iap-product-id,List of product IDs for items available for purchase via in-app purchase,Product ID,iap_ln_220,Price (JPY),"2,400",https://developers.line.biz/en/docs/line-mini-app/in-app-purchase/iap-product-id/
line-mini-app,line-mini-app/in-app-purchase/iap-product-id,List of product IDs for items available for purchase via in-app purchase,Product ID,iap_ln_221,Price (JPY),"2,480",https://developers.line.biz/en/docs/line-mini-app/in-app-purchase/iap-product-id/
line-mini-app,line-mini-app/in-app-purchase/iap-product-id,List of product IDs for items available for purchase via in-app purchase,Product ID,iap_ln_222,Price (JPY),"2,490",https://developers.line.biz/en/docs/line-mini-app/in-app-purchase/iap-product-id/
line-mini-app,line-mini-app/in-app-purchase/iap-product-id,List of product IDs for items available for purchase via in-app purchase,Product ID,iap_ln_223,Price (JPY),"2,500",https://developers.line.biz/en/docs/line-mini-app/in-app-purchase/iap-product-id/
line-mini-app,line-mini-app/in-app-purchase/iap-product-id,List of product IDs for items available for purchase via in-app purchase,Product ID,iap_ln_224,Price (JPY),"2,580",https://developers.line.biz/en/docs/line-mini-app/in-app-purchase/iap-product-id/
line-mini-app,line-mini-app/in-app-purchase/iap-product-id,List of product IDs for items available for purchase via in-app purchase,Product ID,iap_ln_225,Price (JPY),"2,590",https://developers.line.biz/en/docs/line-mini-app/in-app-purchase/iap-product-id/
line-mini-app,line-mini-app/in-app-purchase/iap-product-id,List of product IDs for items available for purchase via in-app purchase,Product ID,iap_ln_226,Price (JPY),"2,600",https://developers.line.biz/en/docs/line-mini-app/in-app-purchase/iap-product-id/
line-mini-app,line-mini-app/in-app-purchase/iap-product-id,List of product IDs for items available for purchase via in-app purchase,Product ID,iap_ln_227,Price (JPY),"2,680",https://developers.line.biz/en/docs/line-mini-app/in-app-purchase/iap-product-id/
line-mini-app,line-mini-app/in-app-purchase/iap-product-id,List of product IDs for items available for purchase via in-app purchase,Product ID,iap_ln_228,Price (JPY),"2,690",https://developers.line.biz/en/docs/line-mini-app/in-app-purchase/iap-product-id/
line-mini-app,line-mini-app/in-app-purchase/iap-product-id,List of product IDs for items available for purchase via in-app purchase,Product ID,iap_ln_229,Price (JPY),"2,700",https://developers.line.biz/en/docs/line-mini-app/in-app-purchase/iap-product-id/
line-mini-app,line-mini-app/in-app-purchase/iap-product-id,List of product IDs for items available for purchase via in-app purchase,Product ID,iap_ln_230,Price (JPY),"2,780",https://developers.line.biz/en/docs/line-mini-app/in-app-purchase/iap-product-id/
line-mini-app,line-mini-app/in-app-purchase/iap-product-id,List of product IDs for items available for purchase via in-app purchase,Product ID,iap_ln_231,Price (JPY),"2,790",https://developers.line.biz/en/docs/line-mini-app/in-app-purchase/iap-product-id/
line-mini-app,line-mini-app/in-app-purchase/iap-product-id,List of product IDs for items available for purchase via in-app purchase,Product ID,iap_ln_232,Price (JPY),"2,800",https://developers.line.biz/en/docs/line-mini-app/in-app-purchase/iap-product-id/
line-mini-app,line-mini-app/in-app-purchase/iap-product-id,List of product IDs for items available for purchase via in-app purchase,Product ID,iap_ln_233,Price (JPY),"2,880",https://developers.line.biz/en/docs/line-mini-app/in-app-purchase/iap-product-id/
line-mini-app,line-mini-app/in-app-purchase/iap-product-id,List of product IDs for items available for purchase via in-app purchase,Product ID,iap_ln_234,Price (JPY),"2,890",https://developers.line.biz/en/docs/line-mini-app/in-app-purchase/iap-product-id/
line-mini-app,line-mini-app/in-app-purchase/iap-product-id,List of product IDs for items available for purchase via in-app purchase,Product ID,iap_ln_235,Price (JPY),"2,900",https://developers.line.biz/en/docs/line-mini-app/in-app-purchase/iap-product-id/
line-mini-app,line-mini-app/in-app-purchase/iap-product-id,List of product IDs for items available for purchase via in-app purchase,Product ID,iap_ln_236,Price (JPY),"2,980",https://developers.line.biz/en/docs/line-mini-app/in-app-purchase/iap-product-id/
line-mini-app,line-mini-app/in-app-purchase/iap-product-id,List of product IDs for items available for purchase via in-app purchase,Product ID,iap_ln_237,Price (JPY),"2,990",https://developers.line.biz/en/docs/line-mini-app/in-app-purchase/iap-product-id/
line-mini-app,line-mini-app/in-app-purchase/iap-product-id,List of product IDs for items available for purchase via in-app purchase,Product ID,iap_ln_040,Price (JPY),"3,000",https://developers.line.biz/en/docs/line-mini-app/in-app-purchase/iap-product-id/
line-mini-app,line-mini-app/in-app-purchase/iap-product-id,List of product IDs for items available for purchase via in-app purchase,Product ID,iap_ln_238,Price (JPY),"3,080",https://developers.line.biz/en/docs/line-mini-app/in-app-purchase/iap-product-id/
line-mini-app,line-mini-app/in-app-purchase/iap-product-id,List of product IDs for items available for purchase via in-app purchase,Product ID,iap_ln_239,Price (JPY),"3,090",https://developers.line.biz/en/docs/line-mini-app/in-app-purchase/iap-product-id/
line-mini-app,line-mini-app/in-app-purchase/iap-product-id,List of product IDs for items available for purchase via in-app purchase,Product ID,iap_ln_240,Price (JPY),"3,100",https://developers.line.biz/en/docs/line-mini-app/in-app-purchase/iap-product-id/
line-mini-app,line-mini-app/in-app-purchase/iap-product-id,List of product IDs for items available for purchase via in-app purchase,Product ID,iap_ln_241,Price (JPY),"3,180",https://developers.line.biz/en/docs/line-mini-app/in-app-purchase/iap-product-id/
line-mini-app,line-mini-app/in-app-purchase/iap-product-id,List of product IDs for items available for purchase via in-app purchase,Product ID,iap_ln_242,Price (JPY),"3,190",https://developers.line.biz/en/docs/line-mini-app/in-app-purchase/iap-product-id/
line-mini-app,line-mini-app/in-app-purchase/iap-product-id,List of product IDs for items available for purchase via in-app purchase,Product ID,iap_ln_042,Price (JPY),"3,200",https://developers.line.biz/en/docs/line-mini-app/in-app-purchase/iap-product-id/
line-mini-app,line-mini-app/in-app-purchase/iap-product-id,List of product IDs for items available for purchase via in-app purchase,Product ID,iap_ln_243,Price (JPY),"3,280",https://developers.line.biz/en/docs/line-mini-app/in-app-purchase/iap-product-id/
line-mini-app,line-mini-app/in-app-purchase/iap-product-id,List of product IDs for items available for purchase via in-app purchase,Product ID,iap_ln_244,Price (JPY),"3,290",https://developers.line.biz/en/docs/line-mini-app/in-app-purchase/iap-product-id/
line-mini-app,line-mini-app/in-app-purchase/iap-product-id,List of product IDs for items available for purchase via in-app purchase,Product ID,iap_ln_245,Price (JPY),"3,300",https://developers.line.biz/en/docs/line-mini-app/in-app-purchase/iap-product-id/
line-mini-app,line-mini-app/in-app-purchase/iap-product-id,List of product IDs for items available for purchase via in-app purchase,Product ID,iap_ln_246,Price (JPY),"3,380",https://developers.line.biz/en/docs/line-mini-app/in-app-purchase/iap-product-id/
line-mini-app,line-mini-app/in-app-purchase/iap-product-id,List of product IDs for items available for purchase via in-app purchase,Product ID,iap_ln_247,Price (JPY),"3,390",https://developers.line.biz/en/docs/line-mini-app/in-app-purchase/iap-product-id/
line-mini-app,line-mini-app/in-app-purchase/iap-product-id,List of product IDs for items available for purchase via in-app purchase,Product ID,iap_ln_248,Price (JPY),"3,400",https://developers.line.biz/en/docs/line-mini-app/in-app-purchase/iap-product-id/
line-mini-app,line-mini-app/in-app-purchase/iap-product-id,List of product IDs for items available for purchase via in-app purchase,Product ID,iap_ln_249,Price (JPY),"3,480",https://developers.line.biz/en/docs/line-mini-app/in-app-purchase/iap-product-id/
line-mini-app,line-mini-app/in-app-purchase/iap-product-id,List of product IDs for items available for purchase via in-app purchase,Product ID,iap_ln_250,Price (JPY),"3,490",https://developers.line.biz/en/docs/line-mini-app/in-app-purchase/iap-product-id/
line-mini-app,line-mini-app/in-app-purchase/iap-product-id,List of product IDs for items available for purchase via in-app purchase,Product ID,iap_ln_251,Price (JPY),"3,500",https://developers.line.biz/en/docs/line-mini-app/in-app-purchase/iap-product-id/
line-mini-app,line-mini-app/in-app-purchase/iap-product-id,List of product IDs for items available for purchase via in-app purchase,Product ID,iap_ln_252,Price (JPY),"3,580",https://developers.line.biz/en/docs/line-mini-app/in-app-purchase/iap-product-id/
line-mini-app,line-mini-app/in-app-purchase/iap-product-id,List of product IDs for items available for purchase via in-app purchase,Product ID,iap_ln_253,Price (JPY),"3,590",https://developers.line.biz/en/docs/line-mini-app/in-app-purchase/iap-product-id/
line-mini-app,line-mini-app/in-app-purchase/iap-product-id,List of product IDs for items available for purchase via in-app purchase,Product ID,iap_ln_254,Price (JPY),"3,600",https://developers.line.biz/en/docs/line-mini-app/in-app-purchase/iap-product-id/
line-mini-app,line-mini-app/in-app-purchase/iap-product-id,List of product IDs for items available for purchase via in-app purchase,Product ID,iap_ln_255,Price (JPY),"3,680",https://developers.line.biz/en/docs/line-mini-app/in-app-purchase/iap-product-id/
line-mini-app,line-mini-app/in-app-purchase/iap-product-id,List of product IDs for items available for purchase via in-app purchase,Product ID,iap_ln_256,Price (JPY),"3,690",https://developers.line.biz/en/docs/line-mini-app/in-app-purchase/iap-product-id/
line-mini-app,line-mini-app/in-app-purchase/iap-product-id,List of product IDs for items available for purchase via in-app purchase,Product ID,iap_ln_257,Price (JPY),"3,700",https://developers.line.biz/en/docs/line-mini-app/in-app-purchase/iap-product-id/
line-mini-app,line-mini-app/in-app-purchase/iap-product-id,List of product IDs for items available for purchase via in-app purchase,Product ID,iap_ln_258,Price (JPY),"3,780",https://developers.line.biz/en/docs/line-mini-app/in-app-purchase/iap-product-id/
line-mini-app,line-mini-app/in-app-purchase/iap-product-id,List of product IDs for items available for purchase via in-app purchase,Product ID,iap_ln_259,Price (JPY),"3,790",https://developers.line.biz/en/docs/line-mini-app/in-app-purchase/iap-product-id/
line-mini-app,line-mini-app/in-app-purchase/iap-product-id,List of product IDs for items available for purchase via in-app purchase,Product ID,iap_ln_260,Price (JPY),"3,800",https://developers.line.biz/en/docs/line-mini-app/in-app-purchase/iap-product-id/
line-mini-app,line-mini-app/in-app-purchase/iap-product-id,List of product IDs for items available for purchase via in-app purchase,Product ID,iap_ln_261,Price (JPY),"3,880",https://developers.line.biz/en/docs/line-mini-app/in-app-purchase/iap-product-id/
line-mini-app,line-mini-app/in-app-purchase/iap-product-id,List of product IDs for items available for purchase via in-app purchase,Product ID,iap_ln_262,Price (JPY),"3,890",https://developers.line.biz/en/docs/line-mini-app/in-app-purchase/iap-product-id/
line-mini-app,line-mini-app/in-app-purchase/iap-product-id,List of product IDs for items available for purchase via in-app purchase,Product ID,iap_ln_263,Price (JPY),"3,900",https://developers.line.biz/en/docs/line-mini-app/in-app-purchase/iap-product-id/
line-mini-app,line-mini-app/in-app-purchase/iap-product-id,List of product IDs for items available for purchase via in-app purchase,Product ID,iap_ln_264,Price (JPY),"3,980",https://developers.line.biz/en/docs/line-mini-app/in-app-purchase/iap-product-id/
line-mini-app,line-mini-app/in-app-purchase/iap-product-id,List of product IDs for items available for purchase via in-app purchase,Product ID,iap_ln_265,Price (JPY),"3,990",https://developers.line.biz/en/docs/line-mini-app/in-app-purchase/iap-product-id/
line-mini-app,line-mini-app/in-app-purchase/iap-product-id,List of product IDs for items available for purchase via in-app purchase,Product ID,iap_ln_050,Price (JPY),"4,000",https://developers.line.biz/en/docs/line-mini-app/in-app-purchase/iap-product-id/
line-mini-app,line-mini-app/in-app-purchase/iap-product-id,List of product IDs for items available for purchase via in-app purchase,Product ID,iap_ln_266,Price (JPY),"4,080",https://developers.line.biz/en/docs/line-mini-app/in-app-purchase/iap-product-id/
line-mini-app,line-mini-app/in-app-purchase/iap-product-id,List of product IDs for items available for purchase via in-app purchase,Product ID,iap_ln_267,Price (JPY),"4,090",https://developers.line.biz/en/docs/line-mini-app/in-app-purchase/iap-product-id/
line-mini-app,line-mini-app/in-app-purchase/iap-product-id,List of product IDs for items available for purchase via in-app purchase,Product ID,iap_ln_268,Price (JPY),"4,100",https://developers.line.biz/en/docs/line-mini-app/in-app-purchase/iap-product-id/
line-mini-app,line-mini-app/in-app-purchase/iap-product-id,List of product IDs for items available for purchase via in-app purchase,Product ID,iap_ln_269,Price (JPY),"4,180",https://developers.line.biz/en/docs/line-mini-app/in-app-purchase/iap-product-id/
line-mini-app,line-mini-app/in-app-purchase/iap-product-id,List of product IDs for items available for purchase via in-app purchase,Product ID,iap_ln_270,Price (JPY),"4,190",https://developers.line.biz/en/docs/line-mini-app/in-app-purchase/iap-product-id/
line-mini-app,line-mini-app/in-app-purchase/iap-product-id,List of product IDs for items available for purchase via in-app purchase,Product ID,iap_ln_271,Price (JPY),"4,200",https://developers.line.biz/en/docs/line-mini-app/in-app-purchase/iap-product-id/
line-mini-app,line-mini-app/in-app-purchase/iap-product-id,List of product IDs for items available for purchase via in-app purchase,Product ID,iap_ln_272,Price (JPY),"4,280",https://developers.line.biz/en/docs/line-mini-app/in-app-purchase/iap-product-id/
line-mini-app,line-mini-app/in-app-purchase/iap-product-id,List of product IDs for items available for purchase via in-app purchase,Product ID,iap_ln_273,Price (JPY),"4,290",https://developers.line.biz/en/docs/line-mini-app/in-app-purchase/iap-product-id/
line-mini-app,line-mini-app/in-app-purchase/iap-product-id,List of product IDs for items available for purchase via in-app purchase,Product ID,iap_ln_274,Price (JPY),"4,300",https://developers.line.biz/en/docs/line-mini-app/in-app-purchase/iap-product-id/
line-mini-app,line-mini-app/in-app-purchase/iap-product-id,List of product IDs for items available for purchase via in-app purchase,Product ID,iap_ln_275,Price (JPY),"4,380",https://developers.line.biz/en/docs/line-mini-app/in-app-purchase/iap-product-id/
line-mini-app,line-mini-app/in-app-purchase/iap-product-id,List of product IDs for items available for purchase via in-app purchase,Product ID,iap_ln_276,Price (JPY),"4,390",https://developers.line.biz/en/docs/line-mini-app/in-app-purchase/iap-product-id/
line-mini-app,line-mini-app/in-app-purchase/iap-product-id,List of product IDs for items available for purchase via in-app purchase,Product ID,iap_ln_277,Price (JPY),"4,400",https://developers.line.biz/en/docs/line-mini-app/in-app-purchase/iap-product-id/
line-mini-app,line-mini-app/in-app-purchase/iap-product-id,List of product IDs for items available for purchase via in-app purchase,Product ID,iap_ln_278,Price (JPY),"4,480",https://developers.line.biz/en/docs/line-mini-app/in-app-purchase/iap-product-id/
line-mini-app,line-mini-app/in-app-purchase/iap-product-id,List of product IDs for items available for purchase via in-app purchase,Product ID,iap_ln_279,Price (JPY),"4,490",https://developers.line.biz/en/docs/line-mini-app/in-app-purchase/iap-product-id/
line-mini-app,line-mini-app/in-app-purchase/iap-product-id,List of product IDs for items available for purchase via in-app purchase,Product ID,iap_ln_055,Price (JPY),"4,500",https://developers.line.biz/en/docs/line-mini-app/in-app-purchase/iap-product-id/
line-mini-app,line-mini-app/in-app-purchase/iap-product-id,List of product IDs for items available for purchase via in-app purchase,Product ID,iap_ln_280,Price (JPY),"4,580",https://developers.line.biz/en/docs/line-mini-app/in-app-purchase/iap-product-id/
line-mini-app,line-mini-app/in-app-purchase/iap-product-id,List of product IDs for items available for purchase via in-app purchase,Product ID,iap_ln_282,Price (JPY),"4,590",https://developers.line.biz/en/docs/line-mini-app/in-app-purchase/iap-product-id/
line-mini-app,line-mini-app/in-app-purchase/iap-product-id,List of product IDs for items available for purchase via in-app purchase,Product ID,iap_ln_283,Price (JPY),"4,600",https://developers.line.biz/en/docs/line-mini-app/in-app-purchase/iap-product-id/
line-mini-app,line-mini-app/in-app-purchase/iap-product-id,List of product IDs for items available for purchase via in-app purchase,Product ID,iap_ln_284,Price (JPY),"4,680",https://developers.line.biz/en/docs/line-mini-app/in-app-purchase/iap-product-id/
line-mini-app,line-mini-app/in-app-purchase/iap-product-id,List of product IDs for items available for purchase via in-app purchase,Product ID,iap_ln_285,Price (JPY),"4,690",https://developers.line.biz/en/docs/line-mini-app/in-app-purchase/iap-product-id/
line-mini-app,line-mini-app/in-app-purchase/iap-product-id,List of product IDs for items available for purchase via in-app purchase,Product ID,iap_ln_286,Price (JPY),"4,700",https://developers.line.biz/en/docs/line-mini-app/in-app-purchase/iap-product-id/
line-mini-app,line-mini-app/in-app-purchase/iap-product-id,List of product IDs for items available for purchase via in-app purchase,Product ID,iap_ln_287,Price (JPY),"4,780",https://developers.line.biz/en/docs/line-mini-app/in-app-purchase/iap-product-id/
line-mini-app,line-mini-app/in-app-purchase/iap-product-id,List of product IDs for items available for purchase via in-app purchase,Product ID,iap_ln_288,Price (JPY),"4,790",https://developers.line.biz/en/docs/line-mini-app/in-app-purchase/iap-product-id/
line-mini-app,line-mini-app/in-app-purchase/iap-product-id,List of product IDs for items available for purchase via in-app purchase,Product ID,iap_ln_289,Price (JPY),"4,800",https://developers.line.biz/en/docs/line-mini-app/in-app-purchase/iap-product-id/
line-mini-app,line-mini-app/in-app-purchase/iap-product-id,List of product IDs for items available for purchase via in-app purchase,Product ID,iap_ln_290,Price (JPY),"4,880",https://developers.line.biz/en/docs/line-mini-app/in-app-purchase/iap-product-id/
line-mini-app,line-mini-app/in-app-purchase/iap-product-id,List of product IDs for items available for purchase via in-app purchase,Product ID,iap_ln_291,Price (JPY),"4,890",https://developers.line.biz/en/docs/line-mini-app/in-app-purchase/iap-product-id/
line-mini-app,line-mini-app/in-app-purchase/iap-product-id,List of product IDs for items available for purchase via in-app purchase,Product ID,iap_ln_292,Price (JPY),"4,900",https://developers.line.biz/en/docs/line-mini-app/in-app-purchase/iap-product-id/
line-mini-app,line-mini-app/in-app-purchase/iap-product-id,List of product IDs for items available for purchase via in-app purchase,Product ID,iap_ln_293,Price (JPY),"4,980",https://developers.line.biz/en/docs/line-mini-app/in-app-purchase/iap-product-id/
line-mini-app,line-mini-app/in-app-purchase/iap-product-id,List of product IDs for items available for purchase via in-app purchase,Product ID,iap_ln_294,Price (JPY),"4,990",https://developers.line.biz/en/docs/line-mini-app/in-app-purchase/iap-product-id/
line-mini-app,line-mini-app/in-app-purchase/iap-product-id,List of product IDs for items available for purchase via in-app purchase,Product ID,iap_ln_060,Price (JPY),"5,000",https://developers.line.biz/en/docs/line-mini-app/in-app-purchase/iap-product-id/
line-mini-app,line-mini-app/in-app-purchase/iap-product-id,List of product IDs for items available for purchase via in-app purchase,Product ID,iap_ln_295,Price (JPY),"5,080",https://developers.line.biz/en/docs/line-mini-app/in-app-purchase/iap-product-id/
line-mini-app,line-mini-app/in-app-purchase/iap-product-id,List of product IDs for items available for purchase via in-app purchase,Product ID,iap_ln_296,Price (JPY),"5,090",https://developers.line.biz/en/docs/line-mini-app/in-app-purchase/iap-product-id/
line-mini-app,line-mini-app/in-app-purchase/iap-product-id,List of product IDs for items available for purchase via in-app purchase,Product ID,iap_ln_297,Price (JPY),"5,100",https://developers.line.biz/en/docs/line-mini-app/in-app-purchase/iap-product-id/
line-mini-app,line-mini-app/in-app-purchase/iap-product-id,List of product IDs for items available for purchase via in-app purchase,Product ID,iap_ln_298,Price (JPY),"5,180",https://developers.line.biz/en/docs/line-mini-app/in-app-purchase/iap-product-id/
line-mini-app,line-mini-app/in-app-purchase/iap-product-id,List of product IDs for items available for purchase via in-app purchase,Product ID,iap_ln_299,Price (JPY),"5,190",https://developers.line.biz/en/docs/line-mini-app/in-app-purchase/iap-product-id/
line-mini-app,line-mini-app/in-app-purchase/iap-product-id,List of product IDs for items available for purchase via in-app purchase,Product ID,iap_ln_300,Price (JPY),"5,200",https://developers.line.biz/en/docs/line-mini-app/in-app-purchase/iap-product-id/
line-mini-app,line-mini-app/in-app-purchase/iap-product-id,List of product IDs for items available for purchase via in-app purchase,Product ID,iap_ln_301,Price (JPY),"5,280",https://developers.line.biz/en/docs/line-mini-app/in-app-purchase/iap-product-id/
line-mini-app,line-mini-app/in-app-purchase/iap-product-id,List of product IDs for items available for purchase via in-app purchase,Product ID,iap_ln_302,Price (JPY),"5,290",https://developers.line.biz/en/docs/line-mini-app/in-app-purchase/iap-product-id/
line-mini-app,line-mini-app/in-app-purchase/iap-product-id,List of product IDs for items available for purchase via in-app purchase,Product ID,iap_ln_303,Price (JPY),"5,300",https://developers.line.biz/en/docs/line-mini-app/in-app-purchase/iap-product-id/
line-mini-app,line-mini-app/in-app-purchase/iap-product-id,List of product IDs for items available for purchase via in-app purchase,Product ID,iap_ln_304,Price (JPY),"5,380",https://developers.line.biz/en/docs/line-mini-app/in-app-purchase/iap-product-id/
line-mini-app,line-mini-app/in-app-purchase/iap-product-id,List of product IDs for items available for purchase via in-app purchase,Product ID,iap_ln_305,Price (JPY),"5,390",https://developers.line.biz/en/docs/line-mini-app/in-app-purchase/iap-product-id/
line-mini-app,line-mini-app/in-app-purchase/iap-product-id,List of product IDs for items available for purchase via in-app purchase,Product ID,iap_ln_306,Price (JPY),"5,400",https://developers.line.biz/en/docs/line-mini-app/in-app-purchase/iap-product-id/
line-mini-app,line-mini-app/in-app-purchase/iap-product-id,List of product IDs for items available for purchase via in-app purchase,Product ID,iap_ln_307,Price (JPY),"5,480",https://developers.line.biz/en/docs/line-mini-app/in-app-purchase/iap-product-id/
line-mini-app,line-mini-app/in-app-purchase/iap-product-id,List of product IDs for items available for purchase via in-app purchase,Product ID,iap_ln_308,Price (JPY),"5,490",https://developers.line.biz/en/docs/line-mini-app/in-app-purchase/iap-product-id/
line-mini-app,line-mini-app/in-app-purchase/iap-product-id,List of product IDs for items available for purchase via in-app purchase,Product ID,iap_ln_309,Price (JPY),"5,500",https://developers.line.biz/en/docs/line-mini-app/in-app-purchase/iap-product-id/
line-mini-app,line-mini-app/in-app-purchase/iap-product-id,List of product IDs for items available for purchase via in-app purchase,Product ID,iap_ln_310,Price (JPY),"5,580",https://developers.line.biz/en/docs/line-mini-app/in-app-purchase/iap-product-id/
line-mini-app,line-mini-app/in-app-purchase/iap-product-id,List of product IDs for items available for purchase via in-app purchase,Product ID,iap_ln_311,Price (JPY),"5,590",https://developers.line.biz/en/docs/line-mini-app/in-app-purchase/iap-product-id/
line-mini-app,line-mini-app/in-app-purchase/iap-product-id,List of product IDs for items available for purchase via in-app purchase,Product ID,iap_ln_312,Price (JPY),"5,600",https://developers.line.biz/en/docs/line-mini-app/in-app-purchase/iap-product-id/
line-mini-app,line-mini-app/in-app-purchase/iap-product-id,List of product IDs for items available for purchase via in-app purchase,Product ID,iap_ln_313,Price (JPY),"5,680",https://developers.line.biz/en/docs/line-mini-app/in-app-purchase/iap-product-id/
line-mini-app,line-mini-app/in-app-purchase/iap-product-id,List of product IDs for items available for purchase via in-app purchase,Product ID,iap_ln_314,Price (JPY),"5,690",https://developers.line.biz/en/docs/line-mini-app/in-app-purchase/iap-product-id/
line-mini-app,line-mini-app/in-app-purchase/iap-product-id,List of product IDs for items available for purchase via in-app purchase,Product ID,iap_ln_315,Price (JPY),"5,700",https://developers.line.biz/en/docs/line-mini-app/in-app-purchase/iap-product-id/
line-mini-app,line-mini-app/in-app-purchase/iap-product-id,List of product IDs for items available for purchase via in-app purchase,Product ID,iap_ln_316,Price (JPY),"5,780",https://developers.line.biz/en/docs/line-mini-app/in-app-purchase/iap-product-id/
line-mini-app,line-mini-app/in-app-purchase/iap-product-id,List of product IDs for items available for purchase via in-app purchase,Product ID,iap_ln_317,Price (JPY),"5,790",https://developers.line.biz/en/docs/line-mini-app/in-app-purchase/iap-product-id/
line-mini-app,line-mini-app/in-app-purchase/iap-product-id,List of product IDs for items available for purchase via in-app purchase,Product ID,iap_ln_318,Price (JPY),"5,800",https://developers.line.biz/en/docs/line-mini-app/in-app-purchase/iap-product-id/
line-mini-app,line-mini-app/in-app-purchase/iap-product-id,List of product IDs for items available for purchase via in-app purchase,Product ID,iap_ln_319,Price (JPY),"5,880",https://developers.line.biz/en/docs/line-mini-app/in-app-purchase/iap-product-id/
line-mini-app,line-mini-app/in-app-purchase/iap-product-id,List of product IDs for items available for purchase via in-app purchase,Product ID,iap_ln_320,Price (JPY),"5,890",https://developers.line.biz/en/docs/line-mini-app/in-app-purchase/iap-product-id/
line-mini-app,line-mini-app/in-app-purchase/iap-product-id,List of product IDs for items available for purchase via in-app purchase,Product ID,iap_ln_321,Price (JPY),"5,900",https://developers.line.biz/en/docs/line-mini-app/in-app-purchase/iap-product-id/
line-mini-app,line-mini-app/in-app-purchase/iap-product-id,List of product IDs for items available for purchase via in-app purchase,Product ID,iap_ln_322,Price (JPY),"5,980",https://developers.line.biz/en/docs/line-mini-app/in-app-purchase/iap-product-id/
line-mini-app,line-mini-app/in-app-purchase/iap-product-id,List of product IDs for items available for purchase via in-app purchase,Product ID,iap_ln_323,Price (JPY),"5,990",https://developers.line.biz/en/docs/line-mini-app/in-app-purchase/iap-product-id/
line-mini-app,line-mini-app/in-app-purchase/iap-product-id,List of product IDs for items available for purchase via in-app purchase,Product ID,iap_ln_070,Price (JPY),"6,000",https://developers.line.biz/en/docs/line-mini-app/in-app-purchase/iap-product-id/
line-mini-app,line-mini-app/in-app-purchase/iap-product-id,List of product IDs for items available for purchase via in-app purchase,Product ID,iap_ln_324,Price (JPY),"6,080",https://developers.line.biz/en/docs/line-mini-app/in-app-purchase/iap-product-id/
line-mini-app,line-mini-app/in-app-purchase/iap-product-id,List of product IDs for items available for purchase via in-app purchase,Product ID,iap_ln_325,Price (JPY),"6,090",https://developers.line.biz/en/docs/line-mini-app/in-app-purchase/iap-product-id/
line-mini-app,line-mini-app/in-app-purchase/iap-product-id,List of product IDs for items available for purchase via in-app purchase,Product ID,iap_ln_326,Price (JPY),"6,100",https://developers.line.biz/en/docs/line-mini-app/in-app-purchase/iap-product-id/
line-mini-app,line-mini-app/in-app-purchase/iap-product-id,List of product IDs for items available for purchase via in-app purchase,Product ID,iap_ln_327,Price (JPY),"6,180",https://developers.line.biz/en/docs/line-mini-app/in-app-purchase/iap-product-id/
line-mini-app,line-mini-app/in-app-purchase/iap-product-id,List of product IDs for items available for purchase via in-app purchase,Product ID,iap_ln_328,Price (JPY),"6,190",https://developers.line.biz/en/docs/line-mini-app/in-app-purchase/iap-product-id/
line-mini-app,line-mini-app/in-app-purchase/iap-product-id,List of product IDs for items available for purchase via in-app purchase,Product ID,iap_ln_329,Price (JPY),"6,200",https://developers.line.biz/en/docs/line-mini-app/in-app-purchase/iap-product-id/
line-mini-app,line-mini-app/in-app-purchase/iap-product-id,List of product IDs for items available for purchase via in-app purchase,Product ID,iap_ln_330,Price (JPY),"6,280",https://developers.line.biz/en/docs/line-mini-app/in-app-purchase/iap-product-id/
line-mini-app,line-mini-app/in-app-purchase/iap-product-id,List of product IDs for items available for purchase via in-app purchase,Product ID,iap_ln_331,Price (JPY),"6,290",https://developers.line.biz/en/docs/line-mini-app/in-app-purchase/iap-product-id/
line-mini-app,line-mini-app/in-app-purchase/iap-product-id,List of product IDs for items available for purchase via in-app purchase,Product ID,iap_ln_332,Price (JPY),"6,300",https://developers.line.biz/en/docs/line-mini-app/in-app-purchase/iap-product-id/
line-mini-app,line-mini-app/in-app-purchase/iap-product-id,List of product IDs for items available for purchase via in-app purchase,Product ID,iap_ln_333,Price (JPY),"6,380",https://developers.line.biz/en/docs/line-mini-app/in-app-purchase/iap-product-id/
line-mini-app,line-mini-app/in-app-purchase/iap-product-id,List of product IDs for items available for purchase via in-app purchase,Product ID,iap_ln_334,Price (JPY),"6,390",https://developers.line.biz/en/docs/line-mini-app/in-app-purchase/iap-product-id/
line-mini-app,line-mini-app/in-app-purchase/iap-product-id,List of product IDs for items available for purchase via in-app purchase,Product ID,iap_ln_335,Price (JPY),"6,400",https://developers.line.biz/en/docs/line-mini-app/in-app-purchase/iap-product-id/
line-mini-app,line-mini-app/in-app-purchase/iap-product-id,List of product IDs for items available for purchase via in-app purchase,Product ID,iap_ln_336,Price (JPY),"6,480",https://developers.line.biz/en/docs/line-mini-app/in-app-purchase/iap-product-id/
line-mini-app,line-mini-app/in-app-purchase/iap-product-id,List of product IDs for items available for purchase via in-app purchase,Product ID,iap_ln_337,Price (JPY),"6,490",https://developers.line.biz/en/docs/line-mini-app/in-app-purchase/iap-product-id/
line-mini-app,line-mini-app/in-app-purchase/iap-product-id,List of product IDs for items available for purchase via in-app purchase,Product ID,iap_ln_338,Price (JPY),"6,500",https://developers.line.biz/en/docs/line-mini-app/in-app-purchase/iap-product-id/
line-mini-app,line-mini-app/in-app-purchase/iap-product-id,List of product IDs for items available for purchase via in-app purchase,Product ID,iap_ln_339,Price (JPY),"6,580",https://developers.line.biz/en/docs/line-mini-app/in-app-purchase/iap-product-id/
line-mini-app,line-mini-app/in-app-purchase/iap-product-id,List of product IDs for items available for purchase via in-app purchase,Product ID,iap_ln_340,Price (JPY),"6,590",https://developers.line.biz/en/docs/line-mini-app/in-app-purchase/iap-product-id/
line-mini-app,line-mini-app/in-app-purchase/iap-product-id,List of product IDs for items available for purchase via in-app purchase,Product ID,iap_ln_341,Price (JPY),"6,600",https://developers.line.biz/en/docs/line-mini-app/in-app-purchase/iap-product-id/
line-mini-app,line-mini-app/in-app-purchase/iap-product-id,List of product IDs for items available for purchase via in-app purchase,Product ID,iap_ln_342,Price (JPY),"6,680",https://developers.line.biz/en/docs/line-mini-app/in-app-purchase/iap-product-id/
line-mini-app,line-mini-app/in-app-purchase/iap-product-id,List of product IDs for items available for purchase via in-app purchase,Product ID,iap_ln_343,Price (JPY),"6,690",https://developers.line.biz/en/docs/line-mini-app/in-app-purchase/iap-product-id/
line-mini-app,line-mini-app/in-app-purchase/iap-product-id,List of product IDs for items available for purchase via in-app purchase,Product ID,iap_ln_344,Price (JPY),"6,700",https://developers.line.biz/en/docs/line-mini-app/in-app-purchase/iap-product-id/
line-mini-app,line-mini-app/in-app-purchase/iap-product-id,List of product IDs for items available for purchase via in-app purchase,Product ID,iap_ln_345,Price (JPY),"6,780",https://developers.line.biz/en/docs/line-mini-app/in-app-purchase/iap-product-id/
line-mini-app,line-mini-app/in-app-purchase/iap-product-id,List of product IDs for items available for purchase via in-app purchase,Product ID,iap_ln_346,Price (JPY),"6,790",https://developers.line.biz/en/docs/line-mini-app/in-app-purchase/iap-product-id/
line-mini-app,line-mini-app/in-app-purchase/iap-product-id,List of product IDs for items available for purchase via in-app purchase,Product ID,iap_ln_347,Price (JPY),"6,800",https://developers.line.biz/en/docs/line-mini-app/in-app-purchase/iap-product-id/
line-mini-app,line-mini-app/in-app-purchase/iap-product-id,List of product IDs for items available for purchase via in-app purchase,Product ID,iap_ln_348,Price (JPY),"6,880",https://developers.line.biz/en/docs/line-mini-app/in-app-purchase/iap-product-id/
line-mini-app,line-mini-app/in-app-purchase/iap-product-id,List of product IDs for items available for purchase via in-app purchase,Product ID,iap_ln_349,Price (JPY),"6,890",https://developers.line.biz/en/docs/line-mini-app/in-app-purchase/iap-product-id/
line-mini-app,line-mini-app/in-app-purchase/iap-product-id,List of product IDs for items available for purchase via in-app purchase,Product ID,iap_ln_350,Price (JPY),"6,900",https://developers.line.biz/en/docs/line-mini-app/in-app-purchase/iap-product-id/
line-mini-app,line-mini-app/in-app-purchase/iap-product-id,List of product IDs for items available for purchase via in-app purchase,Product ID,iap_ln_351,Price (JPY),"6,980",https://developers.line.biz/en/docs/line-mini-app/in-app-purchase/iap-product-id/
line-mini-app,line-mini-app/in-app-purchase/iap-product-id,List of product IDs for items available for purchase via in-app purchase,Product ID,iap_ln_352,Price (JPY),"6,990",https://developers.line.biz/en/docs/line-mini-app/in-app-purchase/iap-product-id/
line-mini-app,line-mini-app/in-app-purchase/iap-product-id,List of product IDs for items available for purchase via in-app purchase,Product ID,iap_ln_080,Price (JPY),"7,000",https://developers.line.biz/en/docs/line-mini-app/in-app-purchase/iap-product-id/
line-mini-app,line-mini-app/in-app-purchase/iap-product-id,List of product IDs for items available for purchase via in-app purchase,Product ID,iap_ln_353,Price (JPY),"7,080",https://developers.line.biz/en/docs/line-mini-app/in-app-purchase/iap-product-id/
line-mini-app,line-mini-app/in-app-purchase/iap-product-id,List of product IDs for items available for purchase via in-app purchase,Product ID,iap_ln_354,Price (JPY),"7,090",https://developers.line.biz/en/docs/line-mini-app/in-app-purchase/iap-product-id/
line-mini-app,line-mini-app/in-app-purchase/iap-product-id,List of product IDs for items available for purchase via in-app purchase,Product ID,iap_ln_355,Price (JPY),"7,100",https://developers.line.biz/en/docs/line-mini-app/in-app-purchase/iap-product-id/
line-mini-app,line-mini-app/in-app-purchase/iap-product-id,List of product IDs for items available for purchase via in-app purchase,Product ID,iap_ln_356,Price (JPY),"7,180",https://developers.line.biz/en/docs/line-mini-app/in-app-purchase/iap-product-id/
line-mini-app,line-mini-app/in-app-purchase/iap-product-id,List of product IDs for items available for purchase via in-app purchase,Product ID,iap_ln_357,Price (JPY),"7,190",https://developers.line.biz/en/docs/line-mini-app/in-app-purchase/iap-product-id/
line-mini-app,line-mini-app/in-app-purchase/iap-product-id,List of product IDs for items available for purchase via in-app purchase,Product ID,iap_ln_358,Price (JPY),"7,200",https://developers.line.biz/en/docs/line-mini-app/in-app-purchase/iap-product-id/
line-mini-app,line-mini-app/in-app-purchase/iap-product-id,List of product IDs for items available for purchase via in-app purchase,Product ID,iap_ln_359,Price (JPY),"7,280",https://developers.line.biz/en/docs/line-mini-app/in-app-purchase/iap-product-id/
line-mini-app,line-mini-app/in-app-purchase/iap-product-id,List of product IDs for items available for purchase via in-app purchase,Product ID,iap_ln_360,Price (JPY),"7,290",https://developers.line.biz/en/docs/line-mini-app/in-app-purchase/iap-product-id/
line-mini-app,line-mini-app/in-app-purchase/iap-product-id,List of product IDs for items available for purchase via in-app purchase,Product ID,iap_ln_361,Price (JPY),"7,300",https://developers.line.biz/en/docs/line-mini-app/in-app-purchase/iap-product-id/
line-mini-app,line-mini-app/in-app-purchase/iap-product-id,List of product IDs for items available for purchase via in-app purchase,Product ID,iap_ln_362,Price (JPY),"7,380",https://developers.line.biz/en/docs/line-mini-app/in-app-purchase/iap-product-id/
line-mini-app,line-mini-app/in-app-purchase/iap-product-id,List of product IDs for items available for purchase via in-app purchase,Product ID,iap_ln_363,Price (JPY),"7,390",https://developers.line.biz/en/docs/line-mini-app/in-app-purchase/iap-product-id/
line-mini-app,line-mini-app/in-app-purchase/iap-product-id,List of product IDs for items available for purchase via in-app purchase,Product ID,iap_ln_364,Price (JPY),"7,400",https://developers.line.biz/en/docs/line-mini-app/in-app-purchase/iap-product-id/
line-mini-app,line-mini-app/in-app-purchase/iap-product-id,List of product IDs for items available for purchase via in-app purchase,Product ID,iap_ln_365,Price (JPY),"7,480",https://developers.line.biz/en/docs/line-mini-app/in-app-purchase/iap-product-id/
line-mini-app,line-mini-app/in-app-purchase/iap-product-id,List of product IDs for items available for purchase via in-app purchase,Product ID,iap_ln_366,Price (JPY),"7,490",https://developers.line.biz/en/docs/line-mini-app/in-app-purchase/iap-product-id/
line-mini-app,line-mini-app/in-app-purchase/iap-product-id,List of product IDs for items available for purchase via in-app purchase,Product ID,iap_ln_367,Price (JPY),"7,500",https://developers.line.biz/en/docs/line-mini-app/in-app-purchase/iap-product-id/
line-mini-app,line-mini-app/in-app-purchase/iap-product-id,List of product IDs for items available for purchase via in-app purchase,Product ID,iap_ln_368,Price (JPY),"7,580",https://developers.line.biz/en/docs/line-mini-app/in-app-purchase/iap-product-id/
line-mini-app,line-mini-app/in-app-purchase/iap-product-id,List of product IDs for items available for purchase via in-app purchase,Product ID,iap_ln_369,Price (JPY),"7,590",https://developers.line.biz/en/docs/line-mini-app/in-app-purchase/iap-product-id/
line-mini-app,line-mini-app/in-app-purchase/iap-product-id,List of product IDs for items available for purchase via in-app purchase,Product ID,iap_ln_370,Price (JPY),"7,600",https://developers.line.biz/en/docs/line-mini-app/in-app-purchase/iap-product-id/
line-mini-app,line-mini-app/in-app-purchase/iap-product-id,List of product IDs for items available for purchase via in-app purchase,Product ID,iap_ln_371,Price (JPY),"7,680",https://developers.line.biz/en/docs/line-mini-app/in-app-purchase/iap-product-id/
line-mini-app,line-mini-app/in-app-purchase/iap-product-id,List of product IDs for items available for purchase via in-app purchase,Product ID,iap_ln_372,Price (JPY),"7,690",https://developers.line.biz/en/docs/line-mini-app/in-app-purchase/iap-product-id/
line-mini-app,line-mini-app/in-app-purchase/iap-product-id,List of product IDs for items available for purchase via in-app purchase,Product ID,iap_ln_373,Price (JPY),"7,700",https://developers.line.biz/en/docs/line-mini-app/in-app-purchase/iap-product-id/
line-mini-app,line-mini-app/in-app-purchase/iap-product-id,List of product IDs for items available for purchase via in-app purchase,Product ID,iap_ln_374,Price (JPY),"7,780",https://developers.line.biz/en/docs/line-mini-app/in-app-purchase/iap-product-id/
line-mini-app,line-mini-app/in-app-purchase/iap-product-id,List of product IDs for items available for purchase via in-app purchase,Product ID,iap_ln_375,Price (JPY),"7,790",https://developers.line.biz/en/docs/line-mini-app/in-app-purchase/iap-product-id/
line-mini-app,line-mini-app/in-app-purchase/iap-product-id,List of product IDs for items available for purchase via in-app purchase,Product ID,iap_ln_376,Price (JPY),"7,800",https://developers.line.biz/en/docs/line-mini-app/in-app-purchase/iap-product-id/
line-mini-app,line-mini-app/in-app-purchase/iap-product-id,List of product IDs for items available for purchase via in-app purchase,Product ID,iap_ln_377,Price (JPY),"7,880",https://developers.line.biz/en/docs/line-mini-app/in-app-purchase/iap-product-id/
line-mini-app,line-mini-app/in-app-purchase/iap-product-id,List of product IDs for items available for purchase via in-app purchase,Product ID,iap_ln_378,Price (JPY),"7,890",https://developers.line.biz/en/docs/line-mini-app/in-app-purchase/iap-product-id/
line-mini-app,line-mini-app/in-app-purchase/iap-product-id,List of product IDs for items available for purchase via in-app purchase,Product ID,iap_ln_379,Price (JPY),"7,900",https://developers.line.biz/en/docs/line-mini-app/in-app-purchase/iap-product-id/
line-mini-app,line-mini-app/in-app-purchase/iap-product-id,List of product IDs for items available for purchase via in-app purchase,Product ID,iap_ln_380,Price (JPY),"7,980",https://developers.line.biz/en/docs/line-mini-app/in-app-purchase/iap-product-id/
line-mini-app,line-mini-app/in-app-purchase/iap-product-id,List of product IDs for items available for purchase via in-app purchase,Product ID,iap_ln_381,Price (JPY),"7,990",https://developers.line.biz/en/docs/line-mini-app/in-app-purchase/iap-product-id/
line-mini-app,line-mini-app/in-app-purchase/iap-product-id,List of product IDs for items available for purchase via in-app purchase,Product ID,iap_ln_090,Price (JPY),"8,000",https://developers.line.biz/en/docs/line-mini-app/in-app-purchase/iap-product-id/
line-mini-app,line-mini-app/in-app-purchase/iap-product-id,List of product IDs for items available for purchase via in-app purchase,Product ID,iap_ln_382,Price (JPY),"8,080",https://developers.line.biz/en/docs/line-mini-app/in-app-purchase/iap-product-id/
line-mini-app,line-mini-app/in-app-purchase/iap-product-id,List of product IDs for items available for purchase via in-app purchase,Product ID,iap_ln_383,Price (JPY),"8,090",https://developers.line.biz/en/docs/line-mini-app/in-app-purchase/iap-product-id/
line-mini-app,line-mini-app/in-app-purchase/iap-product-id,List of product IDs for items available for purchase via in-app purchase,Product ID,iap_ln_384,Price (JPY),"8,100",https://developers.line.biz/en/docs/line-mini-app/in-app-purchase/iap-product-id/
line-mini-app,line-mini-app/in-app-purchase/iap-product-id,List of product IDs for items available for purchase via in-app purchase,Product ID,iap_ln_385,Price (JPY),"8,180",https://developers.line.biz/en/docs/line-mini-app/in-app-purchase/iap-product-id/
line-mini-app,line-mini-app/in-app-purchase/iap-product-id,List of product IDs for items available for purchase via in-app purchase,Product ID,iap_ln_386,Price (JPY),"8,190",https://developers.line.biz/en/docs/line-mini-app/in-app-purchase/iap-product-id/
line-mini-app,line-mini-app/in-app-purchase/iap-product-id,List of product IDs for items available for purchase via in-app purchase,Product ID,iap_ln_387,Price (JPY),"8,200",https://developers.line.biz/en/docs/line-mini-app/in-app-purchase/iap-product-id/
line-mini-app,line-mini-app/in-app-purchase/iap-product-id,List of product IDs for items available for purchase via in-app purchase,Product ID,iap_ln_388,Price (JPY),"8,280",https://developers.line.biz/en/docs/line-mini-app/in-app-purchase/iap-product-id/
line-mini-app,line-mini-app/in-app-purchase/iap-product-id,List of product IDs for items available for purchase via in-app purchase,Product ID,iap_ln_389,Price (JPY),"8,290",https://developers.line.biz/en/docs/line-mini-app/in-app-purchase/iap-product-id/
line-mini-app,line-mini-app/in-app-purchase/iap-product-id,List of product IDs for items available for purchase via in-app purchase,Product ID,iap_ln_390,Price (JPY),"8,300",https://developers.line.biz/en/docs/line-mini-app/in-app-purchase/iap-product-id/
line-mini-app,line-mini-app/in-app-purchase/iap-product-id,List of product IDs for items available for purchase via in-app purchase,Product ID,iap_ln_391,Price (JPY),"8,380",https://developers.line.biz/en/docs/line-mini-app/in-app-purchase/iap-product-id/
line-mini-app,line-mini-app/in-app-purchase/iap-product-id,List of product IDs for items available for purchase via in-app purchase,Product ID,iap_ln_392,Price (JPY),"8,390",https://developers.line.biz/en/docs/line-mini-app/in-app-purchase/iap-product-id/
line-mini-app,line-mini-app/in-app-purchase/iap-product-id,List of product IDs for items available for purchase via in-app purchase,Product ID,iap_ln_393,Price (JPY),"8,400",https://developers.line.biz/en/docs/line-mini-app/in-app-purchase/iap-product-id/
line-mini-app,line-mini-app/in-app-purchase/iap-product-id,List of product IDs for items available for purchase via in-app purchase,Product ID,iap_ln_394,Price (JPY),"8,480",https://developers.line.biz/en/docs/line-mini-app/in-app-purchase/iap-product-id/
line-mini-app,line-mini-app/in-app-purchase/iap-product-id,List of product IDs for items available for purchase via in-app purchase,Product ID,iap_ln_395,Price (JPY),"8,490",https://developers.line.biz/en/docs/line-mini-app/in-app-purchase/iap-product-id/
line-mini-app,line-mini-app/in-app-purchase/iap-product-id,List of product IDs for items available for purchase via in-app purchase,Product ID,iap_ln_396,Price (JPY),"8,500",https://developers.line.biz/en/docs/line-mini-app/in-app-purchase/iap-product-id/
line-mini-app,line-mini-app/in-app-purchase/iap-product-id,List of product IDs for items available for purchase via in-app purchase,Product ID,iap_ln_397,Price (JPY),"8,580",https://developers.line.biz/en/docs/line-mini-app/in-app-purchase/iap-product-id/
line-mini-app,line-mini-app/in-app-purchase/iap-product-id,List of product IDs for items available for purchase via in-app purchase,Product ID,iap_ln_398,Price (JPY),"8,590",https://developers.line.biz/en/docs/line-mini-app/in-app-purchase/iap-product-id/
line-mini-app,line-mini-app/in-app-purchase/iap-product-id,List of product IDs for items available for purchase via in-app purchase,Product ID,iap_ln_399,Price (JPY),"8,600",https://developers.line.biz/en/docs/line-mini-app/in-app-purchase/iap-product-id/
line-mini-app,line-mini-app/in-app-purchase/iap-product-id,List of product IDs for items available for purchase via in-app purchase,Product ID,iap_ln_400,Price (JPY),"8,680",https://developers.line.biz/en/docs/line-mini-app/in-app-purchase/iap-product-id/
line-mini-app,line-mini-app/in-app-purchase/iap-product-id,List of product IDs for items available for purchase via in-app purchase,Product ID,iap_ln_401,Price (JPY),"8,690",https://developers.line.biz/en/docs/line-mini-app/in-app-purchase/iap-product-id/
line-mini-app,line-mini-app/in-app-purchase/iap-product-id,List of product IDs for items available for purchase via in-app purchase,Product ID,iap_ln_402,Price (JPY),"8,700",https://developers.line.biz/en/docs/line-mini-app/in-app-purchase/iap-product-id/
line-mini-app,line-mini-app/in-app-purchase/iap-product-id,List of product IDs for items available for purchase via in-app purchase,Product ID,iap_ln_403,Price (JPY),"8,780",https://developers.line.biz/en/docs/line-mini-app/in-app-purchase/iap-product-id/
line-mini-app,line-mini-app/in-app-purchase/iap-product-id,List of product IDs for items available for purchase via in-app purchase,Product ID,iap_ln_404,Price (JPY),"8,790",https://developers.line.biz/en/docs/line-mini-app/in-app-purchase/iap-product-id/
line-mini-app,line-mini-app/in-app-purchase/iap-product-id,List of product IDs for items available for purchase via in-app purchase,Product ID,iap_ln_405,Price (JPY),"8,800",https://developers.line.biz/en/docs/line-mini-app/in-app-purchase/iap-product-id/
line-mini-app,line-mini-app/in-app-purchase/iap-product-id,List of product IDs for items available for purchase via in-app purchase,Product ID,iap_ln_406,Price (JPY),"8,880",https://developers.line.biz/en/docs/line-mini-app/in-app-purchase/iap-product-id/
line-mini-app,line-mini-app/in-app-purchase/iap-product-id,List of product IDs for items available for purchase via in-app purchase,Product ID,iap_ln_407,Price (JPY),"8,890",https://developers.line.biz/en/docs/line-mini-app/in-app-purchase/iap-product-id/
line-mini-app,line-mini-app/in-app-purchase/iap-product-id,List of product IDs for items available for purchase via in-app purchase,Product ID,iap_ln_408,Price (JPY),"8,900",https://developers.line.biz/en/docs/line-mini-app/in-app-purchase/iap-product-id/
line-mini-app,line-mini-app/in-app-purchase/iap-product-id,List of product IDs for items available for purchase via in-app purchase,Product ID,iap_ln_409,Price (JPY),"8,980",https://developers.line.biz/en/docs/line-mini-app/in-app-purchase/iap-product-id/
line-mini-app,line-mini-app/in-app-purchase/iap-product-id,List of product IDs for items available for purchase via in-app purchase,Product ID,iap_ln_410,Price (JPY),"8,990",https://developers.line.biz/en/docs/line-mini-app/in-app-purchase/iap-product-id/
line-mini-app,line-mini-app/in-app-purchase/iap-product-id,List of product IDs for items available for purchase via in-app purchase,Product ID,iap_ln_411,Price (JPY),"9,000",https://developers.line.biz/en/docs/line-mini-app/in-app-purchase/iap-product-id/
line-mini-app,line-mini-app/in-app-purchase/iap-product-id,List of product IDs for items available for purchase via in-app purchase,Product ID,iap_ln_412,Price (JPY),"9,080",https://developers.line.biz/en/docs/line-mini-app/in-app-purchase/iap-product-id/
line-mini-app,line-mini-app/in-app-purchase/iap-product-id,List of product IDs for items available for purchase via in-app purchase,Product ID,iap_ln_413,Price (JPY),"9,090",https://developers.line.biz/en/docs/line-mini-app/in-app-purchase/iap-product-id/
line-mini-app,line-mini-app/in-app-purchase/iap-product-id,List of product IDs for items available for purchase via in-app purchase,Product ID,iap_ln_414,Price (JPY),"9,100",https://developers.line.biz/en/docs/line-mini-app/in-app-purchase/iap-product-id/
line-mini-app,line-mini-app/in-app-purchase/iap-product-id,List of product IDs for items available for purchase via in-app purchase,Product ID,iap_ln_415,Price (JPY),"9,180",https://developers.line.biz/en/docs/line-mini-app/in-app-purchase/iap-product-id/
line-mini-app,line-mini-app/in-app-purchase/iap-product-id,List of product IDs for items available for purchase via in-app purchase,Product ID,iap_ln_416,Price (JPY),"9,190",https://developers.line.biz/en/docs/line-mini-app/in-app-purchase/iap-product-id/
line-mini-app,line-mini-app/in-app-purchase/iap-product-id,List of product IDs for items available for purchase via in-app purchase,Product ID,iap_ln_417,Price (JPY),"9,200",https://developers.line.biz/en/docs/line-mini-app/in-app-purchase/iap-product-id/
line-mini-app,line-mini-app/in-app-purchase/iap-product-id,List of product IDs for items available for purchase via in-app purchase,Product ID,iap_ln_418,Price (JPY),"9,280",https://developers.line.biz/en/docs/line-mini-app/in-app-purchase/iap-product-id/
line-mini-app,line-mini-app/in-app-purchase/iap-product-id,List of product IDs for items available for purchase via in-app purchase,Product ID,iap_ln_419,Price (JPY),"9,290",https://developers.line.biz/en/docs/line-mini-app/in-app-purchase/iap-product-id/
line-mini-app,line-mini-app/in-app-purchase/iap-product-id,List of product IDs for items available for purchase via in-app purchase,Product ID,iap_ln_420,Price (JPY),"9,300",https://developers.line.biz/en/docs/line-mini-app/in-app-purchase/iap-product-id/
line-mini-app,line-mini-app/in-app-purchase/iap-product-id,List of product IDs for items available for purchase via in-app purchase,Product ID,iap_ln_421,Price (JPY),"9,380",https://developers.line.biz/en/docs/line-mini-app/in-app-purchase/iap-product-id/
line-mini-app,line-mini-app/in-app-purchase/iap-product-id,List of product IDs for items available for purchase via in-app purchase,Product ID,iap_ln_422,Price (JPY),"9,390",https://developers.line.biz/en/docs/line-mini-app/in-app-purchase/iap-product-id/
line-mini-app,line-mini-app/in-app-purchase/iap-product-id,List of product IDs for items available for purchase via in-app purchase,Product ID,iap_ln_423,Price (JPY),"9,400",https://developers.line.biz/en/docs/line-mini-app/in-app-purchase/iap-product-id/
line-mini-app,line-mini-app/in-app-purchase/iap-product-id,List of product IDs for items available for purchase via in-app purchase,Product ID,iap_ln_424,Price (JPY),"9,480",https://developers.line.biz/en/docs/line-mini-app/in-app-purchase/iap-product-id/
line-mini-app,line-mini-app/in-app-purchase/iap-product-id,List of product IDs for items available for purchase via in-app purchase,Product ID,iap_ln_425,Price (JPY),"9,490",https://developers.line.biz/en/docs/line-mini-app/in-app-purchase/iap-product-id/
line-mini-app,line-mini-app/in-app-purchase/iap-product-id,List of product IDs for items available for purchase via in-app purchase,Product ID,iap_ln_426,Price (JPY),"9,500",https://developers.line.biz/en/docs/line-mini-app/in-app-purchase/iap-product-id/
line-mini-app,line-mini-app/in-app-purchase/iap-product-id,List of product IDs for items available for purchase via in-app purchase,Product ID,iap_ln_427,Price (JPY),"9,580",https://developers.line.biz/en/docs/line-mini-app/in-app-purchase/iap-product-id/
line-mini-app,line-mini-app/in-app-purchase/iap-product-id,List of product IDs for items available for purchase via in-app purchase,Product ID,iap_ln_428,Price (JPY),"9,590",https://developers.line.biz/en/docs/line-mini-app/in-app-purchase/iap-product-id/
line-mini-app,line-mini-app/in-app-purchase/iap-product-id,List of product IDs for items available for purchase via in-app purchase,Product ID,iap_ln_429,Price (JPY),"9,600",https://developers.line.biz/en/docs/line-mini-app/in-app-purchase/iap-product-id/
line-mini-app,line-mini-app/in-app-purchase/iap-product-id,List of product IDs for items available for purchase via in-app purchase,Product ID,iap_ln_430,Price (JPY),"9,680",https://developers.line.biz/en/docs/line-mini-app/in-app-purchase/iap-product-id/
line-mini-app,line-mini-app/in-app-purchase/iap-product-id,List of product IDs for items available for purchase via in-app purchase,Product ID,iap_ln_431,Price (JPY),"9,690",https://developers.line.biz/en/docs/line-mini-app/in-app-purchase/iap-product-id/
line-mini-app,line-mini-app/in-app-purchase/iap-product-id,List of product IDs for items available for purchase via in-app purchase,Product ID,iap_ln_432,Price (JPY),"9,700",https://developers.line.biz/en/docs/line-mini-app/in-app-purchase/iap-product-id/
line-mini-app,line-mini-app/in-app-purchase/iap-product-id,List of product IDs for items available for purchase via in-app purchase,Product ID,iap_ln_433,Price (JPY),"9,780",https://developers.line.biz/en/docs/line-mini-app/in-app-purchase/iap-product-id/
line-mini-app,line-mini-app/in-app-purchase/iap-product-id,List of product IDs for items available for purchase via in-app purchase,Product ID,iap_ln_434,Price (JPY),"9,790",https://developers.line.biz/en/docs/line-mini-app/in-app-purchase/iap-product-id/
line-mini-app,line-mini-app/in-app-purchase/iap-product-id,List of product IDs for items available for purchase via in-app purchase,Product ID,iap_ln_435,Price (JPY),"9,800",https://developers.line.biz/en/docs/line-mini-app/in-app-purchase/iap-product-id/
line-mini-app,line-mini-app/in-app-purchase/iap-product-id,List of product IDs for items available for purchase via in-app purchase,Product ID,iap_ln_436,Price (JPY),"9,880",https://developers.line.biz/en/docs/line-mini-app/in-app-purchase/iap-product-id/
line-mini-app,line-mini-app/in-app-purchase/iap-product-id,List of product IDs for items available for purchase via in-app purchase,Product ID,iap_ln_437,Price (JPY),"9,890",https://developers.line.biz/en/docs/line-mini-app/in-app-purchase/iap-product-id/
line-mini-app,line-mini-app/in-app-purchase/iap-product-id,List of product IDs for items available for purchase via in-app purchase,Product ID,iap_ln_438,Price (JPY),"9,900",https://developers.line.biz/en/docs/line-mini-app/in-app-purchase/iap-product-id/
line-mini-app,line-mini-app/in-app-purchase/iap-product-id,List of product IDs for items available for purchase via in-app purchase,Product ID,iap_ln_439,Price (JPY),"9,980",https://developers.line.biz/en/docs/line-mini-app/in-app-purchase/iap-product-id/
line-mini-app,line-mini-app/in-app-purchase/iap-product-id,List of product IDs for items available for purchase via in-app purchase,Product ID,iap_ln_440,Price (JPY),"9,990",https://developers.line.biz/en/docs/line-mini-app/in-app-purchase/iap-product-id/
line-mini-app,line-mini-app/in-app-purchase/iap-product-id,List of product IDs for items available for purchase via in-app purchase,Product ID,iap_ln_441,Price (JPY),"10,000",https://developers.line.biz/en/docs/line-mini-app/in-app-purchase/iap-product-id/
line-mini-app,line-mini-app/in-app-purchase/iap-product-id,List of product IDs for items available for purchase via in-app purchase,Product ID,iap_ln_442,Price (JPY),"10,100",https://developers.line.biz/en/docs/line-mini-app/in-app-purchase/iap-product-id/
line-mini-app,line-mini-app/in-app-purchase/iap-product-id,List of product IDs for items available for purchase via in-app purchase,Product ID,iap_ln_443,Price (JPY),"10,200",https://developers.line.biz/en/docs/line-mini-app/in-app-purchase/iap-product-id/
line-mini-app,line-mini-app/in-app-purchase/iap-product-id,List of product IDs for items available for purchase via in-app purchase,Product ID,iap_ln_444,Price (JPY),"10,300",https://developers.line.biz/en/docs/line-mini-app/in-app-purchase/iap-product-id/
line-mini-app,line-mini-app/in-app-purchase/iap-product-id,List of product IDs for items available for purchase via in-app purchase,Product ID,iap_ln_445,Price (JPY),"10,400",https://developers.line.biz/en/docs/line-mini-app/in-app-purchase/iap-product-id/
line-mini-app,line-mini-app/in-app-purchase/iap-product-id,List of product IDs for items available for purchase via in-app purchase,Product ID,iap_ln_446,Price (JPY),"10,500",https://developers.line.biz/en/docs/line-mini-app/in-app-purchase/iap-product-id/
line-mini-app,line-mini-app/in-app-purchase/iap-product-id,List of product IDs for items available for purchase via in-app purchase,Product ID,iap_ln_447,Price (JPY),"10,600",https://developers.line.biz/en/docs/line-mini-app/in-app-purchase/iap-product-id/
line-mini-app,line-mini-app/in-app-purchase/iap-product-id,List of product IDs for items available for purchase via in-app purchase,Product ID,iap_ln_448,Price (JPY),"10,700",https://developers.line.biz/en/docs/line-mini-app/in-app-purchase/iap-product-id/
line-mini-app,line-mini-app/in-app-purchase/iap-product-id,List of product IDs for items available for purchase via in-app purchase,Product ID,iap_ln_449,Price (JPY),"10,800",https://developers.line.biz/en/docs/line-mini-app/in-app-purchase/iap-product-id/
line-mini-app,line-mini-app/in-app-purchase/iap-product-id,List of product IDs for items available for purchase via in-app purchase,Product ID,iap_ln_450,Price (JPY),"10,900",https://developers.line.biz/en/docs/line-mini-app/in-app-purchase/iap-product-id/
line-mini-app,line-mini-app/in-app-purchase/iap-product-id,List of product IDs for items available for purchase via in-app purchase,Product ID,iap_ln_451,Price (JPY),"10,980",https://developers.line.biz/en/docs/line-mini-app/in-app-purchase/iap-product-id/
line-mini-app,line-mini-app/in-app-purchase/iap-product-id,List of product IDs for items available for purchase via in-app purchase,Product ID,iap_ln_452,Price (JPY),"11,000",https://developers.line.biz/en/docs/line-mini-app/in-app-purchase/iap-product-id/
line-mini-app,line-mini-app/in-app-purchase/iap-product-id,List of product IDs for items available for purchase via in-app purchase,Product ID,iap_ln_453,Price (JPY),"11,100",https://developers.line.biz/en/docs/line-mini-app/in-app-purchase/iap-product-id/
line-mini-app,line-mini-app/in-app-purchase/iap-product-id,List of product IDs for items available for purchase via in-app purchase,Product ID,iap_ln_454,Price (JPY),"11,200",https://developers.line.biz/en/docs/line-mini-app/in-app-purchase/iap-product-id/
line-mini-app,line-mini-app/in-app-purchase/iap-product-id,List of product IDs for items available for purchase via in-app purchase,Product ID,iap_ln_455,Price (JPY),"11,300",https://developers.line.biz/en/docs/line-mini-app/in-app-purchase/iap-product-id/
line-mini-app,line-mini-app/in-app-purchase/iap-product-id,List of product IDs for items available for purchase via in-app purchase,Product ID,iap_ln_456,Price (JPY),"11,400",https://developers.line.biz/en/docs/line-mini-app/in-app-purchase/iap-product-id/
line-mini-app,line-mini-app/in-app-purchase/iap-product-id,List of product IDs for items available for purchase via in-app purchase,Product ID,iap_ln_457,Price (JPY),"11,500",https://developers.line.biz/en/docs/line-mini-app/in-app-purchase/iap-product-id/
line-mini-app,line-mini-app/in-app-purchase/iap-product-id,List of product IDs for items available for purchase via in-app purchase,Product ID,iap_ln_458,Price (JPY),"11,600",https://developers.line.biz/en/docs/line-mini-app/in-app-purchase/iap-product-id/
line-mini-app,line-mini-app/in-app-purchase/iap-product-id,List of product IDs for items available for purchase via in-app purchase,Product ID,iap_ln_459,Price (JPY),"11,700",https://developers.line.biz/en/docs/line-mini-app/in-app-purchase/iap-product-id/
line-mini-app,line-mini-app/in-app-purchase/iap-product-id,List of product IDs for items available for purchase via in-app purchase,Product ID,iap_ln_460,Price (JPY),"11,800",https://developers.line.biz/en/docs/line-mini-app/in-app-purchase/iap-product-id/
line-mini-app,line-mini-app/in-app-purchase/iap-product-id,List of product IDs for items available for purchase via in-app purchase,Product ID,iap_ln_461,Price (JPY),"11,900",https://developers.line.biz/en/docs/line-mini-app/in-app-purchase/iap-product-id/
line-mini-app,line-mini-app/in-app-purchase/iap-product-id,List of product IDs for items available for purchase via in-app purchase,Product ID,iap_ln_462,Price (JPY),"11,980",https://developers.line.biz/en/docs/line-mini-app/in-app-purchase/iap-product-id/
line-mini-app,line-mini-app/in-app-purchase/iap-product-id,List of product IDs for items available for purchase via in-app purchase,Product ID,iap_ln_130,Price (JPY),"12,000",https://developers.line.biz/en/docs/line-mini-app/in-app-purchase/iap-product-id/
line-mini-app,line-mini-app/in-app-purchase/iap-product-id,List of product IDs for items available for purchase via in-app purchase,Product ID,iap_ln_463,Price (JPY),"12,100",https://developers.line.biz/en/docs/line-mini-app/in-app-purchase/iap-product-id/
line-mini-app,line-mini-app/in-app-purchase/iap-product-id,List of product IDs for items available for purchase via in-app purchase,Product ID,iap_ln_464,Price (JPY),"12,200",https://developers.line.biz/en/docs/line-mini-app/in-app-purchase/iap-product-id/
line-mini-app,line-mini-app/in-app-purchase/iap-product-id,List of product IDs for items available for purchase via in-app purchase,Product ID,iap_ln_465,Price (JPY),"12,300",https://developers.line.biz/en/docs/line-mini-app/in-app-purchase/iap-product-id/
line-mini-app,line-mini-app/in-app-purchase/iap-product-id,List of product IDs for items available for purchase via in-app purchase,Product ID,iap_ln_466,Price (JPY),"12,400",https://developers.line.biz/en/docs/line-mini-app/in-app-purchase/iap-product-id/
line-mini-app,line-mini-app/in-app-purchase/iap-product-id,List of product IDs for items available for purchase via in-app purchase,Product ID,iap_ln_467,Price (JPY),"12,500",https://developers.line.biz/en/docs/line-mini-app/in-app-purchase/iap-product-id/
line-mini-app,line-mini-app/in-app-purchase/iap-product-id,List of product IDs for items available for purchase via in-app purchase,Product ID,iap_ln_468,Price (JPY),"12,600",https://developers.line.biz/en/docs/line-mini-app/in-app-purchase/iap-product-id/
line-mini-app,line-mini-app/in-app-purchase/iap-product-id,List of product IDs for items available for purchase via in-app purchase,Product ID,iap_ln_469,Price (JPY),"12,700",https://developers.line.biz/en/docs/line-mini-app/in-app-purchase/iap-product-id/
line-mini-app,line-mini-app/in-app-purchase/iap-product-id,List of product IDs for items available for purchase via in-app purchase,Product ID,iap_ln_470,Price (JPY),"12,800",https://developers.line.biz/en/docs/line-mini-app/in-app-purchase/iap-product-id/
line-mini-app,line-mini-app/in-app-purchase/iap-product-id,List of product IDs for items available for purchase via in-app purchase,Product ID,iap_ln_471,Price (JPY),"12,900",https://developers.line.biz/en/docs/line-mini-app/in-app-purchase/iap-product-id/
line-mini-app,line-mini-app/in-app-purchase/iap-product-id,List of product IDs for items available for purchase via in-app purchase,Product ID,iap_ln_472,Price (JPY),"12,980",https://developers.line.biz/en/docs/line-mini-app/in-app-purchase/iap-product-id/
line-mini-app,line-mini-app/in-app-purchase/iap-product-id,List of product IDs for items available for purchase via in-app purchase,Product ID,iap_ln_473,Price (JPY),"13,000",https://developers.line.biz/en/docs/line-mini-app/in-app-purchase/iap-product-id/
line-mini-app,line-mini-app/in-app-purchase/iap-product-id,List of product IDs for items available for purchase via in-app purchase,Product ID,iap_ln_474,Price (JPY),"13,100",https://developers.line.biz/en/docs/line-mini-app/in-app-purchase/iap-product-id/
line-mini-app,line-mini-app/in-app-purchase/iap-product-id,List of product IDs for items available for purchase via in-app purchase,Product ID,iap_ln_475,Price (JPY),"13,200",https://developers.line.biz/en/docs/line-mini-app/in-app-purchase/iap-product-id/
line-mini-app,line-mini-app/in-app-purchase/iap-product-id,List of product IDs for items available for purchase via in-app purchase,Product ID,iap_ln_476,Price (JPY),"13,300",https://developers.line.biz/en/docs/line-mini-app/in-app-purchase/iap-product-id/
line-mini-app,line-mini-app/in-app-purchase/iap-product-id,List of product IDs for items available for purchase via in-app purchase,Product ID,iap_ln_477,Price (JPY),"13,400",https://developers.line.biz/en/docs/line-mini-app/in-app-purchase/iap-product-id/
line-mini-app,line-mini-app/in-app-purchase/iap-product-id,List of product IDs for items available for purchase via in-app purchase,Product ID,iap_ln_478,Price (JPY),"13,500",https://developers.line.biz/en/docs/line-mini-app/in-app-purchase/iap-product-id/
line-mini-app,line-mini-app/in-app-purchase/iap-product-id,List of product IDs for items available for purchase via in-app purchase,Product ID,iap_ln_479,Price (JPY),"13,600",https://developers.line.biz/en/docs/line-mini-app/in-app-purchase/iap-product-id/
line-mini-app,line-mini-app/in-app-purchase/iap-product-id,List of product IDs for items available for purchase via in-app purchase,Product ID,iap_ln_480,Price (JPY),"13,700",https://developers.line.biz/en/docs/line-mini-app/in-app-purchase/iap-product-id/
line-mini-app,line-mini-app/in-app-purchase/iap-product-id,List of product IDs for items available for purchase via in-app purchase,Product ID,iap_ln_481,Price (JPY),"13,800",https://developers.line.biz/en/docs/line-mini-app/in-app-purchase/iap-product-id/
line-mini-app,line-mini-app/in-app-purchase/iap-product-id,List of product IDs for items available for purchase via in-app purchase,Product ID,iap_ln_482,Price (JPY),"13,900",https://developers.line.biz/en/docs/line-mini-app/in-app-purchase/iap-product-id/
line-mini-app,line-mini-app/in-app-purchase/iap-product-id,List of product IDs for items available for purchase via in-app purchase,Product ID,iap_ln_483,Price (JPY),"13,980",https://developers.line.biz/en/docs/line-mini-app/in-app-purchase/iap-product-id/
line-mini-app,line-mini-app/in-app-purchase/iap-product-id,List of product IDs for items available for purchase via in-app purchase,Product ID,iap_ln_150,Price (JPY),"14,000",https://developers.line.biz/en/docs/line-mini-app/in-app-purchase/iap-product-id/
line-mini-app,line-mini-app/in-app-purchase/iap-product-id,List of product IDs for items available for purchase via in-app purchase,Product ID,iap_ln_484,Price (JPY),"14,100",https://developers.line.biz/en/docs/line-mini-app/in-app-purchase/iap-product-id/
line-mini-app,line-mini-app/in-app-purchase/iap-product-id,List of product IDs for items available for purchase via in-app purchase,Product ID,iap_ln_485,Price (JPY),"14,200",https://developers.line.biz/en/docs/line-mini-app/in-app-purchase/iap-product-id/
line-mini-app,line-mini-app/in-app-purchase/iap-product-id,List of product IDs for items available for purchase via in-app purchase,Product ID,iap_ln_486,Price (JPY),"14,300",https://developers.line.biz/en/docs/line-mini-app/in-app-purchase/iap-product-id/
line-mini-app,line-mini-app/in-app-purchase/iap-product-id,List of product IDs for items available for purchase via in-app purchase,Product ID,iap_ln_487,Price (JPY),"14,400",https://developers.line.biz/en/docs/line-mini-app/in-app-purchase/iap-product-id/
line-mini-app,line-mini-app/in-app-purchase/iap-product-id,List of product IDs for items available for purchase via in-app purchase,Product ID,iap_ln_155,Price (JPY),"14,500",https://developers.line.biz/en/docs/line-mini-app/in-app-purchase/iap-product-id/
line-mini-app,line-mini-app/in-app-purchase/iap-product-id,List of product IDs for items available for purchase via in-app purchase,Product ID,iap_ln_488,Price (JPY),"14,600",https://developers.line.biz/en/docs/line-mini-app/in-app-purchase/iap-product-id/
line-mini-app,line-mini-app/in-app-purchase/iap-product-id,List of product IDs for items available for purchase via in-app purchase,Product ID,iap_ln_489,Price (JPY),"14,700",https://developers.line.biz/en/docs/line-mini-app/in-app-purchase/iap-product-id/
line-mini-app,line-mini-app/in-app-purchase/iap-product-id,List of product IDs for items available for purchase via in-app purchase,Product ID,iap_ln_490,Price (JPY),"14,800",https://developers.line.biz/en/docs/line-mini-app/in-app-purchase/iap-product-id/
line-mini-app,line-mini-app/in-app-purchase/iap-product-id,List of product IDs for items available for purchase via in-app purchase,Product ID,iap_ln_491,Price (JPY),"14,900",https://developers.line.biz/en/docs/line-mini-app/in-app-purchase/iap-product-id/
line-mini-app,line-mini-app/in-app-purchase/iap-product-id,List of product IDs for items available for purchase via in-app purchase,Product ID,iap_ln_492,Price (JPY),"14,980",https://developers.line.biz/en/docs/line-mini-app/in-app-purchase/iap-product-id/
line-mini-app,line-mini-app/in-app-purchase/iap-product-id,List of product IDs for items available for purchase via in-app purchase,Product ID,iap_ln_160,Price (JPY),"15,000",https://developers.line.biz/en/docs/line-mini-app/in-app-purchase/iap-product-id/
line-mini-app,line-mini-app/in-app-purchase/iap-product-id,List of product IDs for items available for purchase via in-app purchase,Product ID,iap_ln_493,Price (JPY),"15,400",https://developers.line.biz/en/docs/line-mini-app/in-app-purchase/iap-product-id/
line-mini-app,line-mini-app/in-app-purchase/iap-product-id,List of product IDs for items available for purchase via in-app purchase,Product ID,iap_ln_162,Price (JPY),"15,800",https://developers.line.biz/en/docs/line-mini-app/in-app-purchase/iap-product-id/
line-mini-app,line-mini-app/in-app-purchase/iap-product-id,List of product IDs for items available for purchase via in-app purchase,Product ID,iap_ln_494,Price (JPY),"15,980",https://developers.line.biz/en/docs/line-mini-app/in-app-purchase/iap-product-id/
line-mini-app,line-mini-app/in-app-purchase/iap-product-id,List of product IDs for items available for purchase via in-app purchase,Product ID,iap_ln_495,Price (JPY),"16,000",https://developers.line.biz/en/docs/line-mini-app/in-app-purchase/iap-product-id/
line-mini-app,line-mini-app/in-app-purchase/iap-product-id,List of product IDs for items available for purchase via in-app purchase,Product ID,iap_ln_496,Price (JPY),"16,400",https://developers.line.biz/en/docs/line-mini-app/in-app-purchase/iap-product-id/
line-mini-app,line-mini-app/in-app-purchase/iap-product-id,List of product IDs for items available for purchase via in-app purchase,Product ID,iap_ln_497,Price (JPY),"16,800",https://developers.line.biz/en/docs/line-mini-app/in-app-purchase/iap-product-id/
line-mini-app,line-mini-app/in-app-purchase/iap-product-id,List of product IDs for items available for purchase via in-app purchase,Product ID,iap_ln_498,Price (JPY),"16,980",https://developers.line.biz/en/docs/line-mini-app/in-app-purchase/iap-product-id/
line-mini-app,line-mini-app/in-app-purchase/iap-product-id,List of product IDs for items available for purchase via in-app purchase,Product ID,iap_ln_499,Price (JPY),"17,000",https://developers.line.biz/en/docs/line-mini-app/in-app-purchase/iap-product-id/
line-mini-app,line-mini-app/in-app-purchase/iap-product-id,List of product IDs for items available for purchase via in-app purchase,Product ID,iap_ln_500,Price (JPY),"17,400",https://developers.line.biz/en/docs/line-mini-app/in-app-purchase/iap-product-id/
line-mini-app,line-mini-app/in-app-purchase/iap-product-id,List of product IDs for items available for purchase via in-app purchase,Product ID,iap_ln_501,Price (JPY),"17,800",https://developers.line.biz/en/docs/line-mini-app/in-app-purchase/iap-product-id/
line-mini-app,line-mini-app/in-app-purchase/iap-product-id,List of product IDs for items available for purchase via in-app purchase,Product ID,iap_ln_502,Price (JPY),"17,980",https://developers.line.biz/en/docs/line-mini-app/in-app-purchase/iap-product-id/
line-mini-app,line-mini-app/in-app-purchase/iap-product-id,List of product IDs for items available for purchase via in-app purchase,Product ID,iap_ln_503,Price (JPY),"18,000",https://developers.line.biz/en/docs/line-mini-app/in-app-purchase/iap-product-id/
line-mini-app,line-mini-app/in-app-purchase/iap-product-id,List of product IDs for items available for purchase via in-app purchase,Product ID,iap_ln_504,Price (JPY),"18,400",https://developers.line.biz/en/docs/line-mini-app/in-app-purchase/iap-product-id/
line-mini-app,line-mini-app/in-app-purchase/iap-product-id,List of product IDs for items available for purchase via in-app purchase,Product ID,iap_ln_505,Price (JPY),"18,800",https://developers.line.biz/en/docs/line-mini-app/in-app-purchase/iap-product-id/
line-mini-app,line-mini-app/in-app-purchase/iap-product-id,List of product IDs for items available for purchase via in-app purchase,Product ID,iap_ln_506,Price (JPY),"18,980",https://developers.line.biz/en/docs/line-mini-app/in-app-purchase/iap-product-id/
line-mini-app,line-mini-app/in-app-purchase/iap-product-id,List of product IDs for items available for purchase via in-app purchase,Product ID,iap_ln_507,Price (JPY),"19,000",https://developers.line.biz/en/docs/line-mini-app/in-app-purchase/iap-product-id/
line-mini-app,line-mini-app/in-app-purchase/iap-product-id,List of product IDs for items available for purchase via in-app purchase,Product ID,iap_ln_508,Price (JPY),"19,400",https://developers.line.biz/en/docs/line-mini-app/in-app-purchase/iap-product-id/
line-mini-app,line-mini-app/in-app-purchase/iap-product-id,List of product IDs for items available for purchase via in-app purchase,Product ID,iap_ln_509,Price (JPY),"19,800",https://developers.line.biz/en/docs/line-mini-app/in-app-purchase/iap-product-id/
line-mini-app,line-mini-app/in-app-purchase/iap-product-id,List of product IDs for items available for purchase via in-app purchase,Product ID,iap_ln_510,Price (JPY),"19,900",https://developers.line.biz/en/docs/line-mini-app/in-app-purchase/iap-product-id/
line-mini-app,line-mini-app/in-app-purchase/iap-product-id,List of product IDs for items available for purchase via in-app purchase,Product ID,iap_ln_511,Price (JPY),"19,980",https://developers.line.biz/en/docs/line-mini-app/in-app-purchase/iap-product-id/
line-mini-app,line-mini-app/in-app-purchase/iap-product-id,List of product IDs for items available for purchase via in-app purchase,Product ID,iap_ln_512,Price (JPY),"20,000",https://developers.line.biz/en/docs/line-mini-app/in-app-purchase/iap-product-id/
line-mini-app,line-mini-app/in-app-purchase/iap-product-id,List of product IDs for items available for purchase via in-app purchase,Product ID,iap_ln_513,Price (JPY),"20,400",https://developers.line.biz/en/docs/line-mini-app/in-app-purchase/iap-product-id/
line-mini-app,line-mini-app/in-app-purchase/iap-product-id,List of product IDs for items available for purchase via in-app purchase,Product ID,iap_ln_514,Price (JPY),"20,800",https://developers.line.biz/en/docs/line-mini-app/in-app-purchase/iap-product-id/
line-mini-app,line-mini-app/in-app-purchase/iap-product-id,List of product IDs for items available for purchase via in-app purchase,Product ID,iap_ln_515,Price (JPY),"20,980",https://developers.line.biz/en/docs/line-mini-app/in-app-purchase/iap-product-id/
line-mini-app,line-mini-app/in-app-purchase/iap-product-id,List of product IDs for items available for purchase via in-app purchase,Product ID,iap_ln_516,Price (JPY),"21,000",https://developers.line.biz/en/docs/line-mini-app/in-app-purchase/iap-product-id/
line-mini-app,line-mini-app/in-app-purchase/iap-product-id,List of product IDs for items available for purchase via in-app purchase,Product ID,iap_ln_517,Price (JPY),"21,400",https://developers.line.biz/en/docs/line-mini-app/in-app-purchase/iap-product-id/
line-mini-app,line-mini-app/in-app-purchase/iap-product-id,List of product IDs for items available for purchase via in-app purchase,Product ID,iap_ln_518,Price (JPY),"21,800",https://developers.line.biz/en/docs/line-mini-app/in-app-purchase/iap-product-id/
line-mini-app,line-mini-app/in-app-purchase/iap-product-id,List of product IDs for items available for purchase via in-app purchase,Product ID,iap_ln_519,Price (JPY),"21,980",https://developers.line.biz/en/docs/line-mini-app/in-app-purchase/iap-product-id/
line-mini-app,line-mini-app/in-app-purchase/iap-product-id,List of product IDs for items available for purchase via in-app purchase,Product ID,iap_ln_520,Price (JPY),"22,000",https://developers.line.biz/en/docs/line-mini-app/in-app-purchase/iap-product-id/
line-mini-app,line-mini-app/in-app-purchase/iap-product-id,List of product IDs for items available for purchase via in-app purchase,Product ID,iap_ln_521,Price (JPY),"22,400",https://developers.line.biz/en/docs/line-mini-app/in-app-purchase/iap-product-id/
line-mini-app,line-mini-app/in-app-purchase/iap-product-id,List of product IDs for items available for purchase via in-app purchase,Product ID,iap_ln_522,Price (JPY),"22,800",https://developers.line.biz/en/docs/line-mini-app/in-app-purchase/iap-product-id/
line-mini-app,line-mini-app/in-app-purchase/iap-product-id,List of product IDs for items available for purchase via in-app purchase,Product ID,iap_ln_523,Price (JPY),"22,980",https://developers.line.biz/en/docs/line-mini-app/in-app-purchase/iap-product-id/
line-mini-app,line-mini-app/in-app-purchase/iap-product-id,List of product IDs for items available for purchase via in-app purchase,Product ID,iap_ln_524,Price (JPY),"23,000",https://developers.line.biz/en/docs/line-mini-app/in-app-purchase/iap-product-id/
line-mini-app,line-mini-app/in-app-purchase/iap-product-id,List of product IDs for items available for purchase via in-app purchase,Product ID,iap_ln_525,Price (JPY),"23,400",https://developers.line.biz/en/docs/line-mini-app/in-app-purchase/iap-product-id/
line-mini-app,line-mini-app/in-app-purchase/iap-product-id,List of product IDs for items available for purchase via in-app purchase,Product ID,iap_ln_526,Price (JPY),"23,800",https://developers.line.biz/en/docs/line-mini-app/in-app-purchase/iap-product-id/
line-mini-app,line-mini-app/in-app-purchase/iap-product-id,List of product IDs for items available for purchase via in-app purchase,Product ID,iap_ln_527,Price (JPY),"23,980",https://developers.line.biz/en/docs/line-mini-app/in-app-purchase/iap-product-id/
line-mini-app,line-mini-app/in-app-purchase/iap-product-id,List of product IDs for items available for purchase via in-app purchase,Product ID,iap_ln_528,Price (JPY),"24,000",https://developers.line.biz/en/docs/line-mini-app/in-app-purchase/iap-product-id/
line-mini-app,line-mini-app/in-app-purchase/iap-product-id,List of product IDs for items available for purchase via in-app purchase,Product ID,iap_ln_529,Price (JPY),"24,400",https://developers.line.biz/en/docs/line-mini-app/in-app-purchase/iap-product-id/
line-mini-app,line-mini-app/in-app-purchase/iap-product-id,List of product IDs for items available for purchase via in-app purchase,Product ID,iap_ln_530,Price (JPY),"24,800",https://developers.line.biz/en/docs/line-mini-app/in-app-purchase/iap-product-id/
line-mini-app,line-mini-app/in-app-purchase/iap-product-id,List of product IDs for items available for purchase via in-app purchase,Product ID,iap_ln_531,Price (JPY),"24,980",https://developers.line.biz/en/docs/line-mini-app/in-app-purchase/iap-product-id/
line-mini-app,line-mini-app/in-app-purchase/iap-product-id,List of product IDs for items available for purchase via in-app purchase,Product ID,iap_ln_532,Price (JPY),"25,000",https://developers.line.biz/en/docs/line-mini-app/in-app-purchase/iap-product-id/
line-mini-app,line-mini-app/in-app-purchase/iap-product-id,List of product IDs for items available for purchase via in-app purchase,Product ID,iap_ln_533,Price (JPY),"25,400",https://developers.line.biz/en/docs/line-mini-app/in-app-purchase/iap-product-id/
line-mini-app,line-mini-app/in-app-purchase/iap-product-id,List of product IDs for items available for purchase via in-app purchase,Product ID,iap_ln_534,Price (JPY),"25,800",https://developers.line.biz/en/docs/line-mini-app/in-app-purchase/iap-product-id/
line-mini-app,line-mini-app/in-app-purchase/iap-product-id,List of product IDs for items available for purchase via in-app purchase,Product ID,iap_ln_535,Price (JPY),"25,980",https://developers.line.biz/en/docs/line-mini-app/in-app-purchase/iap-product-id/
line-mini-app,line-mini-app/in-app-purchase/iap-product-id,List of product IDs for items available for purchase via in-app purchase,Product ID,iap_ln_536,Price (JPY),"26,000",https://developers.line.biz/en/docs/line-mini-app/in-app-purchase/iap-product-id/
line-mini-app,line-mini-app/in-app-purchase/iap-product-id,List of product IDs for items available for purchase via in-app purchase,Product ID,iap_ln_537,Price (JPY),"26,400",https://developers.line.biz/en/docs/line-mini-app/in-app-purchase/iap-product-id/
line-mini-app,line-mini-app/in-app-purchase/iap-product-id,List of product IDs for items available for purchase via in-app purchase,Product ID,iap_ln_538,Price (JPY),"26,800",https://developers.line.biz/en/docs/line-mini-app/in-app-purchase/iap-product-id/
line-mini-app,line-mini-app/in-app-purchase/iap-product-id,List of product IDs for items available for purchase via in-app purchase,Product ID,iap_ln_539,Price (JPY),"26,980",https://developers.line.biz/en/docs/line-mini-app/in-app-purchase/iap-product-id/
line-mini-app,line-mini-app/in-app-purchase/iap-product-id,List of product IDs for items available for purchase via in-app purchase,Product ID,iap_ln_540,Price (JPY),"27,000",https://developers.line.biz/en/docs/line-mini-app/in-app-purchase/iap-product-id/
line-mini-app,line-mini-app/in-app-purchase/iap-product-id,List of product IDs for items available for purchase via in-app purchase,Product ID,iap_ln_541,Price (JPY),"27,400",https://developers.line.biz/en/docs/line-mini-app/in-app-purchase/iap-product-id/
line-mini-app,line-mini-app/in-app-purchase/iap-product-id,List of product IDs for items available for purchase via in-app purchase,Product ID,iap_ln_542,Price (JPY),"27,800",https://developers.line.biz/en/docs/line-mini-app/in-app-purchase/iap-product-id/
line-mini-app,line-mini-app/in-app-purchase/iap-product-id,List of product IDs for items available for purchase via in-app purchase,Product ID,iap_ln_543,Price (JPY),"27,980",https://developers.line.biz/en/docs/line-mini-app/in-app-purchase/iap-product-id/
line-mini-app,line-mini-app/in-app-purchase/iap-product-id,List of product IDs for items available for purchase via in-app purchase,Product ID,iap_ln_544,Price (JPY),"28,000",https://developers.line.biz/en/docs/line-mini-app/in-app-purchase/iap-product-id/
line-mini-app,line-mini-app/in-app-purchase/iap-product-id,List of product IDs for items available for purchase via in-app purchase,Product ID,iap_ln_545,Price (JPY),"28,400",https://developers.line.biz/en/docs/line-mini-app/in-app-purchase/iap-product-id/
line-mini-app,line-mini-app/in-app-purchase/iap-product-id,List of product IDs for items available for purchase via in-app purchase,Product ID,iap_ln_546,Price (JPY),"28,800",https://developers.line.biz/en/docs/line-mini-app/in-app-purchase/iap-product-id/
line-mini-app,line-mini-app/in-app-purchase/iap-product-id,List of product IDs for items available for purchase via in-app purchase,Product ID,iap_ln_547,Price (JPY),"28,980",https://developers.line.biz/en/docs/line-mini-app/in-app-purchase/iap-product-id/
line-mini-app,line-mini-app/in-app-purchase/iap-product-id,List of product IDs for items available for purchase via in-app purchase,Product ID,iap_ln_548,Price (JPY),"29,000",https://developers.line.biz/en/docs/line-mini-app/in-app-purchase/iap-product-id/
line-mini-app,line-mini-app/in-app-purchase/iap-product-id,List of product IDs for items available for purchase via in-app purchase,Product ID,iap_ln_549,Price (JPY),"29,400",https://developers.line.biz/en/docs/line-mini-app/in-app-purchase/iap-product-id/
line-mini-app,line-mini-app/in-app-purchase/iap-product-id,List of product IDs for items available for purchase via in-app purchase,Product ID,iap_ln_550,Price (JPY),"29,800",https://developers.line.biz/en/docs/line-mini-app/in-app-purchase/iap-product-id/
line-mini-app,line-mini-app/in-app-purchase/iap-product-id,List of product IDs for items available for purchase via in-app purchase,Product ID,iap_ln_551,Price (JPY),"29,980",https://developers.line.biz/en/docs/line-mini-app/in-app-purchase/iap-product-id/
line-mini-app,line-mini-app/in-app-purchase/iap-product-id,List of product IDs for items available for purchase via in-app purchase,Product ID,iap_ln_552,Price (JPY),"30,000",https://developers.line.biz/en/docs/line-mini-app/in-app-purchase/iap-product-id/
line-mini-app,line-mini-app/in-app-purchase/iap-product-id,List of product IDs for items available for purchase via in-app purchase,Product ID,iap_ln_553,Price (JPY),"30,400",https://developers.line.biz/en/docs/line-mini-app/in-app-purchase/iap-product-id/
line-mini-app,line-mini-app/in-app-purchase/iap-product-id,List of product IDs for items available for purchase via in-app purchase,Product ID,iap_ln_554,Price (JPY),"30,800",https://developers.line.biz/en/docs/line-mini-app/in-app-purchase/iap-product-id/
line-mini-app,line-mini-app/in-app-purchase/iap-product-id,List of product IDs for items available for purchase via in-app purchase,Product ID,iap_ln_555,Price (JPY),"30,980",https://developers.line.biz/en/docs/line-mini-app/in-app-purchase/iap-product-id/
line-mini-app,line-mini-app/in-app-purchase/iap-product-id,List of product IDs for items available for purchase via in-app purchase,Product ID,iap_ln_556,Price (JPY),"31,000",https://developers.line.biz/en/docs/line-mini-app/in-app-purchase/iap-product-id/
line-mini-app,line-mini-app/in-app-purchase/iap-product-id,List of product IDs for items available for purchase via in-app purchase,Product ID,iap_ln_557,Price (JPY),"31,400",https://developers.line.biz/en/docs/line-mini-app/in-app-purchase/iap-product-id/
line-mini-app,line-mini-app/in-app-purchase/iap-product-id,List of product IDs for items available for purchase via in-app purchase,Product ID,iap_ln_558,Price (JPY),"31,800",https://developers.line.biz/en/docs/line-mini-app/in-app-purchase/iap-product-id/
line-mini-app,line-mini-app/in-app-purchase/iap-product-id,List of product IDs for items available for purchase via in-app purchase,Product ID,iap_ln_559,Price (JPY),"31,980",https://developers.line.biz/en/docs/line-mini-app/in-app-purchase/iap-product-id/
line-mini-app,line-mini-app/in-app-purchase/iap-product-id,List of product IDs for items available for purchase via in-app purchase,Product ID,iap_ln_560,Price (JPY),"32,000",https://developers.line.biz/en/docs/line-mini-app/in-app-purchase/iap-product-id/
line-mini-app,line-mini-app/in-app-purchase/iap-product-id,List of product IDs for items available for purchase via in-app purchase,Product ID,iap_ln_561,Price (JPY),"32,400",https://developers.line.biz/en/docs/line-mini-app/in-app-purchase/iap-product-id/
line-mini-app,line-mini-app/in-app-purchase/iap-product-id,List of product IDs for items available for purchase via in-app purchase,Product ID,iap_ln_562,Price (JPY),"32,800",https://developers.line.biz/en/docs/line-mini-app/in-app-purchase/iap-product-id/
line-mini-app,line-mini-app/in-app-purchase/iap-product-id,List of product IDs for items available for purchase via in-app purchase,Product ID,iap_ln_563,Price (JPY),"32,980",https://developers.line.biz/en/docs/line-mini-app/in-app-purchase/iap-product-id/
line-mini-app,line-mini-app/in-app-purchase/iap-product-id,List of product IDs for items available for purchase via in-app purchase,Product ID,iap_ln_564,Price (JPY),"33,000",https://developers.line.biz/en/docs/line-mini-app/in-app-purchase/iap-product-id/
line-mini-app,line-mini-app/in-app-purchase/iap-product-id,List of product IDs for items available for purchase via in-app purchase,Product ID,iap_ln_565,Price (JPY),"33,400",https://developers.line.biz/en/docs/line-mini-app/in-app-purchase/iap-product-id/
line-mini-app,line-mini-app/in-app-purchase/iap-product-id,List of product IDs for items available for purchase via in-app purchase,Product ID,iap_ln_566,Price (JPY),"33,800",https://developers.line.biz/en/docs/line-mini-app/in-app-purchase/iap-product-id/
line-mini-app,line-mini-app/in-app-purchase/iap-product-id,List of product IDs for items available for purchase via in-app purchase,Product ID,iap_ln_567,Price (JPY),"33,980",https://developers.line.biz/en/docs/line-mini-app/in-app-purchase/iap-product-id/
line-mini-app,line-mini-app/in-app-purchase/iap-product-id,List of product IDs for items available for purchase via in-app purchase,Product ID,iap_ln_568,Price (JPY),"34,000",https://developers.line.biz/en/docs/line-mini-app/in-app-purchase/iap-product-id/
line-mini-app,line-mini-app/in-app-purchase/iap-product-id,List of product IDs for items available for purchase via in-app purchase,Product ID,iap_ln_569,Price (JPY),"34,400",https://developers.line.biz/en/docs/line-mini-app/in-app-purchase/iap-product-id/
line-mini-app,line-mini-app/in-app-purchase/iap-product-id,List of product IDs for items available for purchase via in-app purchase,Product ID,iap_ln_570,Price (JPY),"34,800",https://developers.line.biz/en/docs/line-mini-app/in-app-purchase/iap-product-id/
line-mini-app,line-mini-app/in-app-purchase/iap-product-id,List of product IDs for items available for purchase via in-app purchase,Product ID,iap_ln_571,Price (JPY),"34,980",https://developers.line.biz/en/docs/line-mini-app/in-app-purchase/iap-product-id/
line-mini-app,line-mini-app/in-app-purchase/iap-product-id,List of product IDs for items available for purchase via in-app purchase,Product ID,iap_ln_572,Price (JPY),"35,000",https://developers.line.biz/en/docs/line-mini-app/in-app-purchase/iap-product-id/
line-mini-app,line-mini-app/in-app-purchase/iap-product-id,List of product IDs for items available for purchase via in-app purchase,Product ID,iap_ln_573,Price (JPY),"35,400",https://developers.line.biz/en/docs/line-mini-app/in-app-purchase/iap-product-id/
line-mini-app,line-mini-app/in-app-purchase/iap-product-id,List of product IDs for items available for purchase via in-app purchase,Product ID,iap_ln_574,Price (JPY),"35,800",https://developers.line.biz/en/docs/line-mini-app/in-app-purchase/iap-product-id/
line-mini-app,line-mini-app/in-app-purchase/iap-product-id,List of product IDs for items available for purchase via in-app purchase,Product ID,iap_ln_575,Price (JPY),"35,980",https://developers.line.biz/en/docs/line-mini-app/in-app-purchase/iap-product-id/
line-mini-app,line-mini-app/in-app-purchase/iap-product-id,List of product IDs for items available for purchase via in-app purchase,Product ID,iap_ln_576,Price (JPY),"36,000",https://developers.line.biz/en/docs/line-mini-app/in-app-purchase/iap-product-id/
line-mini-app,line-mini-app/in-app-purchase/iap-product-id,List of product IDs for items available for purchase via in-app purchase,Product ID,iap_ln_577,Price (JPY),"36,400",https://developers.line.biz/en/docs/line-mini-app/in-app-purchase/iap-product-id/
line-mini-app,line-mini-app/in-app-purchase/iap-product-id,List of product IDs for items available for purchase via in-app purchase,Product ID,iap_ln_578,Price (JPY),"36,800",https://developers.line.biz/en/docs/line-mini-app/in-app-purchase/iap-product-id/
line-mini-app,line-mini-app/in-app-purchase/iap-product-id,List of product IDs for items available for purchase via in-app purchase,Product ID,iap_ln_579,Price (JPY),"36,980",https://developers.line.biz/en/docs/line-mini-app/in-app-purchase/iap-product-id/
line-mini-app,line-mini-app/in-app-purchase/iap-product-id,List of product IDs for items available for purchase via in-app purchase,Product ID,iap_ln_580,Price (JPY),"37,000",https://developers.line.biz/en/docs/line-mini-app/in-app-purchase/iap-product-id/
line-mini-app,line-mini-app/in-app-purchase/iap-product-id,List of product IDs for items available for purchase via in-app purchase,Product ID,iap_ln_581,Price (JPY),"37,400",https://developers.line.biz/en/docs/line-mini-app/in-app-purchase/iap-product-id/
line-mini-app,line-mini-app/in-app-purchase/iap-product-id,List of product IDs for items available for purchase via in-app purchase,Product ID,iap_ln_582,Price (JPY),"37,800",https://developers.line.biz/en/docs/line-mini-app/in-app-purchase/iap-product-id/
line-mini-app,line-mini-app/in-app-purchase/iap-product-id,List of product IDs for items available for purchase via in-app purchase,Product ID,iap_ln_583,Price (JPY),"37,980",https://developers.line.biz/en/docs/line-mini-app/in-app-purchase/iap-product-id/
line-mini-app,line-mini-app/in-app-purchase/iap-product-id,List of product IDs for items available for purchase via in-app purchase,Product ID,iap_ln_584,Price (JPY),"38,000",https://developers.line.biz/en/docs/line-mini-app/in-app-purchase/iap-product-id/
line-mini-app,line-mini-app/in-app-purchase/iap-product-id,List of product IDs for items available for purchase via in-app purchase,Product ID,iap_ln_585,Price (JPY),"38,400",https://developers.line.biz/en/docs/line-mini-app/in-app-purchase/iap-product-id/
line-mini-app,line-mini-app/in-app-purchase/iap-product-id,List of product IDs for items available for purchase via in-app purchase,Product ID,iap_ln_586,Price (JPY),"38,800",https://developers.line.biz/en/docs/line-mini-app/in-app-purchase/iap-product-id/
line-mini-app,line-mini-app/in-app-purchase/iap-product-id,List of product IDs for items available for purchase via in-app purchase,Product ID,iap_ln_587,Price (JPY),"38,980",https://developers.line.biz/en/docs/line-mini-app/in-app-purchase/iap-product-id/
line-mini-app,line-mini-app/in-app-purchase/iap-product-id,List of product IDs for items available for purchase via in-app purchase,Product ID,iap_ln_588,Price (JPY),"39,000",https://developers.line.biz/en/docs/line-mini-app/in-app-purchase/iap-product-id/
line-mini-app,line-mini-app/in-app-purchase/iap-product-id,List of product IDs for items available for purchase via in-app purchase,Product ID,iap_ln_589,Price (JPY),"39,400",https://developers.line.biz/en/docs/line-mini-app/in-app-purchase/iap-product-id/
line-mini-app,line-mini-app/in-app-purchase/iap-product-id,List of product IDs for items available for purchase via in-app purchase,Product ID,iap_ln_590,Price (JPY),"39,800",https://developers.line.biz/en/docs/line-mini-app/in-app-purchase/iap-product-id/
line-mini-app,line-mini-app/in-app-purchase/iap-product-id,List of product IDs for items available for purchase via in-app purchase,Product ID,iap_ln_591,Price (JPY),"39,980",https://developers.line.biz/en/docs/line-mini-app/in-app-purchase/iap-product-id/
line-mini-app,line-mini-app/in-app-purchase/iap-product-id,List of product IDs for items available for purchase via in-app purchase,Product ID,iap_ln_592,Price (JPY),"40,000",https://developers.line.biz/en/docs/line-mini-app/in-app-purchase/iap-product-id/
line-mini-app,line-mini-app/in-app-purchase/iap-product-id,List of product IDs for items available for purchase via in-app purchase,Product ID,iap_ln_593,Price (JPY),"40,400",https://developers.line.biz/en/docs/line-mini-app/in-app-purchase/iap-product-id/
line-mini-app,line-mini-app/in-app-purchase/iap-product-id,List of product IDs for items available for purchase via in-app purchase,Product ID,iap_ln_594,Price (JPY),"40,800",https://developers.line.biz/en/docs/line-mini-app/in-app-purchase/iap-product-id/
line-mini-app,line-mini-app/in-app-purchase/iap-product-id,List of product IDs for items available for purchase via in-app purchase,Product ID,iap_ln_595,Price (JPY),"40,980",https://developers.line.biz/en/docs/line-mini-app/in-app-purchase/iap-product-id/
line-mini-app,line-mini-app/in-app-purchase/iap-product-id,List of product IDs for items available for purchase via in-app purchase,Product ID,iap_ln_596,Price (JPY),"41,000",https://developers.line.biz/en/docs/line-mini-app/in-app-purchase/iap-product-id/
line-mini-app,line-mini-app/in-app-purchase/iap-product-id,List of product IDs for items available for purchase via in-app purchase,Product ID,iap_ln_597,Price (JPY),"41,400",https://developers.line.biz/en/docs/line-mini-app/in-app-purchase/iap-product-id/
line-mini-app,line-mini-app/in-app-purchase/iap-product-id,List of product IDs for items available for purchase via in-app purchase,Product ID,iap_ln_598,Price (JPY),"41,800",https://developers.line.biz/en/docs/line-mini-app/in-app-purchase/iap-product-id/
line-mini-app,line-mini-app/in-app-purchase/iap-product-id,List of product IDs for items available for purchase via in-app purchase,Product ID,iap_ln_599,Price (JPY),"41,980",https://developers.line.biz/en/docs/line-mini-app/in-app-purchase/iap-product-id/
line-mini-app,line-mini-app/in-app-purchase/iap-product-id,List of product IDs for items available for purchase via in-app purchase,Product ID,iap_ln_600,Price (JPY),"42,000",https://developers.line.biz/en/docs/line-mini-app/in-app-purchase/iap-product-id/
line-mini-app,line-mini-app/in-app-purchase/iap-product-id,List of product IDs for items available for purchase via in-app purchase,Product ID,iap_ln_601,Price (JPY),"42,400",https://developers.line.biz/en/docs/line-mini-app/in-app-purchase/iap-product-id/
line-mini-app,line-mini-app/in-app-purchase/iap-product-id,List of product IDs for items available for purchase via in-app purchase,Product ID,iap_ln_602,Price (JPY),"42,800",https://developers.line.biz/en/docs/line-mini-app/in-app-purchase/iap-product-id/
line-mini-app,line-mini-app/in-app-purchase/iap-product-id,List of product IDs for items available for purchase via in-app purchase,Product ID,iap_ln_603,Price (JPY),"42,980",https://developers.line.biz/en/docs/line-mini-app/in-app-purchase/iap-product-id/
line-mini-app,line-mini-app/in-app-purchase/iap-product-id,List of product IDs for items available for purchase via in-app purchase,Product ID,iap_ln_604,Price (JPY),"43,000",https://developers.line.biz/en/docs/line-mini-app/in-app-purchase/iap-product-id/
line-mini-app,line-mini-app/in-app-purchase/iap-product-id,List of product IDs for items available for purchase via in-app purchase,Product ID,iap_ln_605,Price (JPY),"43,400",https://developers.line.biz/en/docs/line-mini-app/in-app-purchase/iap-product-id/
line-mini-app,line-mini-app/in-app-purchase/iap-product-id,List of product IDs for items available for purchase via in-app purchase,Product ID,iap_ln_606,Price (JPY),"43,800",https://developers.line.biz/en/docs/line-mini-app/in-app-purchase/iap-product-id/
line-mini-app,line-mini-app/in-app-purchase/iap-product-id,List of product IDs for items available for purchase via in-app purchase,Product ID,iap_ln_607,Price (JPY),"43,980",https://developers.line.biz/en/docs/line-mini-app/in-app-purchase/iap-product-id/
line-mini-app,line-mini-app/in-app-purchase/iap-product-id,List of product IDs for items available for purchase via in-app purchase,Product ID,iap_ln_608,Price (JPY),"44,000",https://developers.line.biz/en/docs/line-mini-app/in-app-purchase/iap-product-id/
line-mini-app,line-mini-app/in-app-purchase/iap-product-id,List of product IDs for items available for purchase via in-app purchase,Product ID,iap_ln_609,Price (JPY),"44,400",https://developers.line.biz/en/docs/line-mini-app/in-app-purchase/iap-product-id/
line-mini-app,line-mini-app/in-app-purchase/iap-product-id,List of product IDs for items available for purchase via in-app purchase,Product ID,iap_ln_610,Price (JPY),"44,800",https://developers.line.biz/en/docs/line-mini-app/in-app-purchase/iap-product-id/
line-mini-app,line-mini-app/in-app-purchase/iap-product-id,List of product IDs for items available for purchase via in-app purchase,Product ID,iap_ln_611,Price (JPY),"44,980",https://developers.line.biz/en/docs/line-mini-app/in-app-purchase/iap-product-id/
line-mini-app,line-mini-app/in-app-purchase/iap-product-id,List of product IDs for items available for purchase via in-app purchase,Product ID,iap_ln_612,Price (JPY),"45,000",https://developers.line.biz/en/docs/line-mini-app/in-app-purchase/iap-product-id/
line-mini-app,line-mini-app/in-app-purchase/iap-product-id,List of product IDs for items available for purchase via in-app purchase,Product ID,iap_ln_613,Price (JPY),"45,400",https://developers.line.biz/en/docs/line-mini-app/in-app-purchase/iap-product-id/
line-mini-app,line-mini-app/in-app-purchase/iap-product-id,List of product IDs for items available for purchase via in-app purchase,Product ID,iap_ln_614,Price (JPY),"45,800",https://developers.line.biz/en/docs/line-mini-app/in-app-purchase/iap-product-id/
line-mini-app,line-mini-app/in-app-purchase/iap-product-id,List of product IDs for items available for purchase via in-app purchase,Product ID,iap_ln_615,Price (JPY),"45,980",https://developers.line.biz/en/docs/line-mini-app/in-app-purchase/iap-product-id/
line-mini-app,line-mini-app/in-app-purchase/iap-product-id,List of product IDs for items available for purchase via in-app purchase,Product ID,iap_ln_616,Price (JPY),"46,000",https://developers.line.biz/en/docs/line-mini-app/in-app-purchase/iap-product-id/
line-mini-app,line-mini-app/in-app-purchase/iap-product-id,List of product IDs for items available for purchase via in-app purchase,Product ID,iap_ln_617,Price (JPY),"46,400",https://developers.line.biz/en/docs/line-mini-app/in-app-purchase/iap-product-id/
line-mini-app,line-mini-app/in-app-purchase/iap-product-id,List of product IDs for items available for purchase via in-app purchase,Product ID,iap_ln_618,Price (JPY),"46,800",https://developers.line.biz/en/docs/line-mini-app/in-app-purchase/iap-product-id/
line-mini-app,line-mini-app/in-app-purchase/iap-product-id,List of product IDs for items available for purchase via in-app purchase,Product ID,iap_ln_619,Price (JPY),"46,980",https://developers.line.biz/en/docs/line-mini-app/in-app-purchase/iap-product-id/
line-mini-app,line-mini-app/in-app-purchase/iap-product-id,List of product IDs for items available for purchase via in-app purchase,Product ID,iap_ln_620,Price (JPY),"47,000",https://developers.line.biz/en/docs/line-mini-app/in-app-purchase/iap-product-id/
line-mini-app,line-mini-app/in-app-purchase/iap-product-id,List of product IDs for items available for purchase via in-app purchase,Product ID,iap_ln_621,Price (JPY),"47,400",https://developers.line.biz/en/docs/line-mini-app/in-app-purchase/iap-product-id/
line-mini-app,line-mini-app/in-app-purchase/iap-product-id,List of product IDs for items available for purchase via in-app purchase,Product ID,iap_ln_622,Price (JPY),"47,800",https://developers.line.biz/en/docs/line-mini-app/in-app-purchase/iap-product-id/
line-mini-app,line-mini-app/in-app-purchase/iap-product-id,List of product IDs for items available for purchase via in-app purchase,Product ID,iap_ln_623,Price (JPY),"47,980",https://developers.line.biz/en/docs/line-mini-app/in-app-purchase/iap-product-id/
line-mini-app,line-mini-app/in-app-purchase/iap-product-id,List of product IDs for items available for purchase via in-app purchase,Product ID,iap_ln_624,Price (JPY),"48,000",https://developers.line.biz/en/docs/line-mini-app/in-app-purchase/iap-product-id/
line-mini-app,line-mini-app/in-app-purchase/iap-product-id,List of product IDs for items available for purchase via in-app purchase,Product ID,iap_ln_625,Price (JPY),"48,400",https://developers.line.biz/en/docs/line-mini-app/in-app-purchase/iap-product-id/
line-mini-app,line-mini-app/in-app-purchase/iap-product-id,List of product IDs for items available for purchase via in-app purchase,Product ID,iap_ln_626,Price (JPY),"48,800",https://developers.line.biz/en/docs/line-mini-app/in-app-purchase/iap-product-id/
line-mini-app,line-mini-app/in-app-purchase/iap-product-id,List of product IDs for items available for purchase via in-app purchase,Product ID,iap_ln_627,Price (JPY),"48,980",https://developers.line.biz/en/docs/line-mini-app/in-app-purchase/iap-product-id/
line-mini-app,line-mini-app/in-app-purchase/iap-product-id,List of product IDs for items available for purchase via in-app purchase,Product ID,iap_ln_628,Price (JPY),"49,000",https://developers.line.biz/en/docs/line-mini-app/in-app-purchase/iap-product-id/
line-mini-app,line-mini-app/in-app-purchase/iap-product-id,List of product IDs for items available for purchase via in-app purchase,Product ID,iap_ln_629,Price (JPY),"49,400",https://developers.line.biz/en/docs/line-mini-app/in-app-purchase/iap-product-id/
line-mini-app,line-mini-app/in-app-purchase/iap-product-id,List of product IDs for items available for purchase via in-app purchase,Product ID,iap_ln_630,Price (JPY),"49,800",https://developers.line.biz/en/docs/line-mini-app/in-app-purchase/iap-product-id/
line-mini-app,line-mini-app/in-app-purchase/iap-product-id,List of product IDs for items available for purchase via in-app purchase,Product ID,iap_ln_631,Price (JPY),"49,980",https://developers.line.biz/en/docs/line-mini-app/in-app-purchase/iap-product-id/
line-mini-app,line-mini-app/in-app-purchase/iap-product-id,List of product IDs for items available for purchase via in-app purchase,Product ID,iap_ln_632,Price (JPY),"50,000",https://developers.line.biz/en/docs/line-mini-app/in-app-purchase/iap-product-id/
line-mini-app,line-mini-app/in-app-purchase/iap-product-id,List of product IDs for items available for purchase via in-app purchase,Product ID,iap_ln_633,Price (JPY),"50,800",https://developers.line.biz/en/docs/line-mini-app/in-app-purchase/iap-product-id/
line-mini-app,line-mini-app/in-app-purchase/iap-product-id,List of product IDs for items available for purchase via in-app purchase,Product ID,iap_ln_634,Price (JPY),"50,980",https://developers.line.biz/en/docs/line-mini-app/in-app-purchase/iap-product-id/
line-mini-app,line-mini-app/in-app-purchase/iap-product-id,List of product IDs for items available for purchase via in-app purchase,Product ID,iap_ln_635,Price (JPY),"51,000",https://developers.line.biz/en/docs/line-mini-app/in-app-purchase/iap-product-id/
line-mini-app,line-mini-app/in-app-purchase/iap-product-id,List of product IDs for items available for purchase via in-app purchase,Product ID,iap_ln_636,Price (JPY),"51,800",https://developers.line.biz/en/docs/line-mini-app/in-app-purchase/iap-product-id/
line-mini-app,line-mini-app/in-app-purchase/iap-product-id,List of product IDs for items available for purchase via in-app purchase,Product ID,iap_ln_637,Price (JPY),"51,980",https://developers.line.biz/en/docs/line-mini-app/in-app-purchase/iap-product-id/
line-mini-app,line-mini-app/in-app-purchase/iap-product-id,List of product IDs for items available for purchase via in-app purchase,Product ID,iap_ln_638,Price (JPY),"52,000",https://developers.line.biz/en/docs/line-mini-app/in-app-purchase/iap-product-id/
line-mini-app,line-mini-app/in-app-purchase/iap-product-id,List of product IDs for items available for purchase via in-app purchase,Product ID,iap_ln_639,Price (JPY),"52,800",https://developers.line.biz/en/docs/line-mini-app/in-app-purchase/iap-product-id/
line-mini-app,line-mini-app/in-app-purchase/iap-product-id,List of product IDs for items available for purchase via in-app purchase,Product ID,iap_ln_640,Price (JPY),"52,980",https://developers.line.biz/en/docs/line-mini-app/in-app-purchase/iap-product-id/
line-mini-app,line-mini-app/in-app-purchase/iap-product-id,List of product IDs for items available for purchase via in-app purchase,Product ID,iap_ln_641,Price (JPY),"53,000",https://developers.line.biz/en/docs/line-mini-app/in-app-purchase/iap-product-id/
line-mini-app,line-mini-app/in-app-purchase/iap-product-id,List of product IDs for items available for purchase via in-app purchase,Product ID,iap_ln_642,Price (JPY),"53,800",https://developers.line.biz/en/docs/line-mini-app/in-app-purchase/iap-product-id/
line-mini-app,line-mini-app/in-app-purchase/iap-product-id,List of product IDs for items available for purchase via in-app purchase,Product ID,iap_ln_643,Price (JPY),"53,980",https://developers.line.biz/en/docs/line-mini-app/in-app-purchase/iap-product-id/
line-mini-app,line-mini-app/in-app-purchase/iap-product-id,List of product IDs for items available for purchase via in-app purchase,Product ID,iap_ln_644,Price (JPY),"54,000",https://developers.line.biz/en/docs/line-mini-app/in-app-purchase/iap-product-id/
line-mini-app,line-mini-app/in-app-purchase/iap-product-id,List of product IDs for items available for purchase via in-app purchase,Product ID,iap_ln_645,Price (JPY),"54,800",https://developers.line.biz/en/docs/line-mini-app/in-app-purchase/iap-product-id/
line-mini-app,line-mini-app/in-app-purchase/iap-product-id,List of product IDs for items available for purchase via in-app purchase,Product ID,iap_ln_646,Price (JPY),"54,980",https://developers.line.biz/en/docs/line-mini-app/in-app-purchase/iap-product-id/
line-mini-app,line-mini-app/in-app-purchase/iap-product-id,List of product IDs for items available for purchase via in-app purchase,Product ID,iap_ln_647,Price (JPY),"55,000",https://developers.line.biz/en/docs/line-mini-app/in-app-purchase/iap-product-id/
line-mini-app,line-mini-app/in-app-purchase/iap-product-id,List of product IDs for items available for purchase via in-app purchase,Product ID,iap_ln_648,Price (JPY),"55,800",https://developers.line.biz/en/docs/line-mini-app/in-app-purchase/iap-product-id/
line-mini-app,line-mini-app/in-app-purchase/iap-product-id,List of product IDs for items available for purchase via in-app purchase,Product ID,iap_ln_649,Price (JPY),"55,980",https://developers.line.biz/en/docs/line-mini-app/in-app-purchase/iap-product-id/
line-mini-app,line-mini-app/in-app-purchase/iap-product-id,List of product IDs for items available for purchase via in-app purchase,Product ID,iap_ln_650,Price (JPY),"56,000",https://developers.line.biz/en/docs/line-mini-app/in-app-purchase/iap-product-id/
line-mini-app,line-mini-app/in-app-purchase/iap-product-id,List of product IDs for items available for purchase via in-app purchase,Product ID,iap_ln_651,Price (JPY),"56,800",https://developers.line.biz/en/docs/line-mini-app/in-app-purchase/iap-product-id/
line-mini-app,line-mini-app/in-app-purchase/iap-product-id,List of product IDs for items available for purchase via in-app purchase,Product ID,iap_ln_652,Price (JPY),"56,980",https://developers.line.biz/en/docs/line-mini-app/in-app-purchase/iap-product-id/
line-mini-app,line-mini-app/in-app-purchase/iap-product-id,List of product IDs for items available for purchase via in-app purchase,Product ID,iap_ln_653,Price (JPY),"57,000",https://developers.line.biz/en/docs/line-mini-app/in-app-purchase/iap-product-id/
line-mini-app,line-mini-app/in-app-purchase/iap-product-id,List of product IDs for items available for purchase via in-app purchase,Product ID,iap_ln_654,Price (JPY),"57,800",https://developers.line.biz/en/docs/line-mini-app/in-app-purchase/iap-product-id/
line-mini-app,line-mini-app/in-app-purchase/iap-settings,Set up in-app purchase,Tester permissions for the test payment feature,Tester permissions for the test payment feature,限制（寫在內文）,Tester permissions for the test payment feature can be granted to a maximum of 20 accounts that have the Admin role or the Tester role for the LINE MINI App channel.,https://developers.line.biz/en/docs/line-mini-app/in-app-purchase/iap-settings/
line-mini-app,line-mini-app/in-app-purchase/implement-in-app-purchase,Integrate the in-app purchase feature,Display details and how to configure them,1,Content,The item name (product name) is displayed.,https://developers.line.biz/en/docs/line-mini-app/in-app-purchase/implement-in-app-purchase/
line-mini-app,line-mini-app/in-app-purchase/implement-in-app-purchase,Integrate the in-app purchase feature,Display details and how to configure them,1,Description,"When you reserve purchase, specify it in shopProductName of the request body. \* Set an appropriate value so that the item purchased by the user can be identified.",https://developers.line.biz/en/docs/line-mini-app/in-app-purchase/implement-in-app-purchase/
line-mini-app,line-mini-app/in-app-purchase/implement-in-app-purchase,Integrate the in-app purchase feature,Display details and how to configure them,3,Content,"The app store used for payment (App Store or Google Play), and the product ID corresponding to the price are displayed.",https://developers.line.biz/en/docs/line-mini-app/in-app-purchase/implement-in-app-purchase/
line-mini-app,line-mini-app/in-app-purchase/implement-in-app-purchase,Integrate the in-app purchase feature,Display details and how to configure them,4,Content,The time when the LINE Platform confirmed the payment processing in the app store (payment completion time) is displayed.,https://developers.line.biz/en/docs/line-mini-app/in-app-purchase/implement-in-app-purchase/
line-mini-app,line-mini-app/in-app-purchase/implement-in-app-purchase,Integrate the in-app purchase feature,Display details and how to configure them,5,Content,The currency and price used for the actual payment transaction are displayed.,https://developers.line.biz/en/docs/line-mini-app/in-app-purchase/implement-in-app-purchase/
line-mini-app,line-mini-app/in-app-purchase/implement-in-app-purchase,Integrate the in-app purchase feature,Display details and how to configure them,5,Description,"Currency is converted based on the user's app store region, and the payment is processed.",https://developers.line.biz/en/docs/line-mini-app/in-app-purchase/implement-in-app-purchase/
line-mini-app,line-mini-app/in-app-purchase/implement-in-app-purchase,Integrate the in-app purchase feature,4. Reserve a purchase from your LINE MINI App server,4. Reserve a purchase from your LINE MINI App server,限制（寫在內文）,An access token is valid for 12 hours after it is issued.,https://developers.line.biz/en/docs/line-mini-app/in-app-purchase/implement-in-app-purchase/
line-mini-app,line-mini-app/in-app-purchase/overview,In-app purchase overview,Flow to start using in-app purchase,Step 3: Integrate in-app purchase into your LINE MINI App channel for Developing and perform test payment,Details,Integrate the in-app purchase feature on your LINE MINI App channel for Developing and perform test payments.,https://developers.line.biz/en/docs/line-mini-app/in-app-purchase/overview/
line-mini-app,line-mini-app/in-app-purchase/overview,In-app purchase overview,System architecture,LINE MINI App,Role,Receives user actions and initiates the purchase transaction.,https://developers.line.biz/en/docs/line-mini-app/in-app-purchase/overview/
line-mini-app,line-mini-app/in-app-purchase/overview,In-app purchase overview,System architecture,LINE MINI App server,Role,"Reserves purchases, receives webhooks, and manages purchase results.",https://developers.line.biz/en/docs/line-mini-app/in-app-purchase/overview/
line-mini-app,line-mini-app/in-app-purchase/overview,In-app purchase overview,System architecture,LINE Platform,Role,Verifies store payments and sends webhook events.,https://developers.line.biz/en/docs/line-mini-app/in-app-purchase/overview/
line-mini-app,line-mini-app/in-app-purchase/overview,In-app purchase overview,System architecture,App store,Role,Performs actual payment transactions. iOS: App Store Android: Google Play,https://developers.line.biz/en/docs/line-mini-app/in-app-purchase/overview/
line-mini-app,line-mini-app/quick-fill/design-regulations,Common Profile Quick-fill design regulations,Type A,1,URL,https://account-center-fe.line-scdn.net/images/quick_fill_button_AC_black.png,https://developers.line.biz/en/docs/line-mini-app/quick-fill/design-regulations/
line-mini-app,line-mini-app/quick-fill/design-regulations,Common Profile Quick-fill design regulations,Type A,2,URL,https://account-center-fe.line-scdn.net/images/quick_fill_button_AC_white.png,https://developers.line.biz/en/docs/line-mini-app/quick-fill/design-regulations/
line-mini-app,line-mini-app/quick-fill/design-regulations,Common Profile Quick-fill design regulations,Type A,3,URL,https://account-center-fe.line-scdn.net/images/quick_fill_button_AC_gray.png,https://developers.line.biz/en/docs/line-mini-app/quick-fill/design-regulations/
line-mini-app,line-mini-app/quick-fill/design-regulations,Common Profile Quick-fill design regulations,Type A,4,URL,https://account-center-fe.line-scdn.net/images/quick_fill_button_AC_blue.png,https://developers.line.biz/en/docs/line-mini-app/quick-fill/design-regulations/
line-mini-app,line-mini-app/quick-fill/design-regulations,Common Profile Quick-fill design regulations,Type B,1,URL,https://account-center-fe.line-scdn.net/images/quick_fill_button_simple_black.png,https://developers.line.biz/en/docs/line-mini-app/quick-fill/design-regulations/
line-mini-app,line-mini-app/quick-fill/design-regulations,Common Profile Quick-fill design regulations,Type B,2,URL,https://account-center-fe.line-scdn.net/images/quick_fill_button_simple_white.png,https://developers.line.biz/en/docs/line-mini-app/quick-fill/design-regulations/
line-mini-app,line-mini-app/quick-fill/design-regulations,Common Profile Quick-fill design regulations,Type B,3,URL,https://account-center-fe.line-scdn.net/images/quick_fill_button_simple_gray.png,https://developers.line.biz/en/docs/line-mini-app/quick-fill/design-regulations/
line-mini-app,line-mini-app/quick-fill/design-regulations,Common Profile Quick-fill design regulations,Type B,4,URL,https://account-center-fe.line-scdn.net/images/quick_fill_button_simple_blue.png,https://developers.line.biz/en/docs/line-mini-app/quick-fill/design-regulations/
line-mini-app,line-mini-app/quick-fill/design-regulations,Common Profile Quick-fill design regulations,Type C,1,URL,https://account-center-fe.line-scdn.net/images/quick_fill_button_LY_white.png,https://developers.line.biz/en/docs/line-mini-app/quick-fill/design-regulations/
line-mini-app,line-mini-app/quick-fill/design-regulations,Common Profile Quick-fill design regulations,Type D,1,URL,https://account-center-fe.line-scdn.net/images/quick_fill_button_LINE_white.png,https://developers.line.biz/en/docs/line-mini-app/quick-fill/design-regulations/
line-mini-app,line-mini-app/quick-fill/design-regulations,Common Profile Quick-fill design regulations,Type D,2,URL,https://account-center-fe.line-scdn.net/images/quick_fill_button_LINE_black.png,https://developers.line.biz/en/docs/line-mini-app/quick-fill/design-regulations/
line-mini-app,line-mini-app/quick-fill/design-regulations,Common Profile Quick-fill design regulations,Type D,3,URL,https://account-center-fe.line-scdn.net/images/quick_fill_button_LINE_gray.png,https://developers.line.biz/en/docs/line-mini-app/quick-fill/design-regulations/
line-mini-app,line-mini-app/quick-fill/design-regulations,Common Profile Quick-fill design regulations,Type D,4,URL,https://account-center-fe.line-scdn.net/images/quick_fill_button_LINE_blue.png,https://developers.line.biz/en/docs/line-mini-app/quick-fill/design-regulations/
line-mini-app,line-mini-app/quick-fill/overview,Overview of Common Profile Quick-fill,Types of scope that can be selected in the LINE Developers Console,commonprofile.name,Description,Permission to obtain the name registered by the user,https://developers.line.biz/en/docs/line-mini-app/quick-fill/overview/
line-mini-app,line-mini-app/quick-fill/overview,Overview of Common Profile Quick-fill,Types of scope that can be selected in the LINE Developers Console,commonprofile.email,Description,Permission to obtain the email address registered by the user,https://developers.line.biz/en/docs/line-mini-app/quick-fill/overview/
line-mini-app,line-mini-app/quick-fill/overview,Overview of Common Profile Quick-fill,Types of scope that can be selected in the LINE Developers Console,commonprofile.address,Description,Permission to obtain the address registered by the user,https://developers.line.biz/en/docs/line-mini-app/quick-fill/overview/
line-mini-app,line-mini-app/quick-fill/overview,Overview of Common Profile Quick-fill,Types of scope that can be selected in the LINE Developers Console,commonprofile.gender,Description,Permission to obtain the gender registered by the user,https://developers.line.biz/en/docs/line-mini-app/quick-fill/overview/
line-mini-app,line-mini-app/quick-fill/overview,Overview of Common Profile Quick-fill,Types of scope that can be selected in the LINE Developers Console,commonprofile.birthday,Description,Permission to obtain the birthday registered by the user,https://developers.line.biz/en/docs/line-mini-app/quick-fill/overview/
line-mini-app,line-mini-app/quick-fill/overview,Overview of Common Profile Quick-fill,Types of scope that can be selected in the LINE Developers Console,commonprofile.phone,Description,Permission to obtain the phone number registered by the user,https://developers.line.biz/en/docs/line-mini-app/quick-fill/overview/
line-mini-app,line-mini-app/quick-fill/overview,Overview of Common Profile Quick-fill,The `scopes` parameters that can be specified and its return value,1,scopes,family-name,https://developers.line.biz/en/docs/line-mini-app/quick-fill/overview/
line-mini-app,line-mini-app/quick-fill/overview,Overview of Common Profile Quick-fill,The `scopes` parameters that can be specified and its return value,1,Description,Family name,https://developers.line.biz/en/docs/line-mini-app/quick-fill/overview/
line-mini-app,line-mini-app/quick-fill/overview,Overview of Common Profile Quick-fill,The `scopes` parameters that can be specified and its return value,1,Data type,string,https://developers.line.biz/en/docs/line-mini-app/quick-fill/overview/
line-mini-app,line-mini-app/quick-fill/overview,Overview of Common Profile Quick-fill,The `scopes` parameters that can be specified and its return value,1,Max chars (half-width),100,https://developers.line.biz/en/docs/line-mini-app/quick-fill/overview/
line-mini-app,line-mini-app/quick-fill/overview,Overview of Common Profile Quick-fill,The `scopes` parameters that can be specified and its return value,1,Max chars (Hiragana and kanji),50,https://developers.line.biz/en/docs/line-mini-app/quick-fill/overview/
line-mini-app,line-mini-app/quick-fill/overview,Overview of Common Profile Quick-fill,The `scopes` parameters that can be specified and its return value,2,scopes,given-name,https://developers.line.biz/en/docs/line-mini-app/quick-fill/overview/
line-mini-app,line-mini-app/quick-fill/overview,Overview of Common Profile Quick-fill,The `scopes` parameters that can be specified and its return value,2,Description,Given name,https://developers.line.biz/en/docs/line-mini-app/quick-fill/overview/
line-mini-app,line-mini-app/quick-fill/overview,Overview of Common Profile Quick-fill,The `scopes` parameters that can be specified and its return value,2,Data type,string,https://developers.line.biz/en/docs/line-mini-app/quick-fill/overview/
line-mini-app,line-mini-app/quick-fill/overview,Overview of Common Profile Quick-fill,The `scopes` parameters that can be specified and its return value,2,Max chars (half-width),100,https://developers.line.biz/en/docs/line-mini-app/quick-fill/overview/
line-mini-app,line-mini-app/quick-fill/overview,Overview of Common Profile Quick-fill,The `scopes` parameters that can be specified and its return value,2,Max chars (Hiragana and kanji),50,https://developers.line.biz/en/docs/line-mini-app/quick-fill/overview/
line-mini-app,line-mini-app/quick-fill/overview,Overview of Common Profile Quick-fill,The `scopes` parameters that can be specified and its return value,3,scopes,family-name-kana,https://developers.line.biz/en/docs/line-mini-app/quick-fill/overview/
line-mini-app,line-mini-app/quick-fill/overview,Overview of Common Profile Quick-fill,The `scopes` parameters that can be specified and its return value,3,Description,Phonetic family name,https://developers.line.biz/en/docs/line-mini-app/quick-fill/overview/
line-mini-app,line-mini-app/quick-fill/overview,Overview of Common Profile Quick-fill,The `scopes` parameters that can be specified and its return value,3,Data type,string,https://developers.line.biz/en/docs/line-mini-app/quick-fill/overview/
line-mini-app,line-mini-app/quick-fill/overview,Overview of Common Profile Quick-fill,The `scopes` parameters that can be specified and its return value,3,Max chars (half-width),100,https://developers.line.biz/en/docs/line-mini-app/quick-fill/overview/
line-mini-app,line-mini-app/quick-fill/overview,Overview of Common Profile Quick-fill,The `scopes` parameters that can be specified and its return value,3,Max chars (Hiragana and kanji),50,https://developers.line.biz/en/docs/line-mini-app/quick-fill/overview/
line-mini-app,line-mini-app/quick-fill/overview,Overview of Common Profile Quick-fill,The `scopes` parameters that can be specified and its return value,4,scopes,given-name-kana,https://developers.line.biz/en/docs/line-mini-app/quick-fill/overview/
line-mini-app,line-mini-app/quick-fill/overview,Overview of Common Profile Quick-fill,The `scopes` parameters that can be specified and its return value,4,Description,Phonetic given name,https://developers.line.biz/en/docs/line-mini-app/quick-fill/overview/
line-mini-app,line-mini-app/quick-fill/overview,Overview of Common Profile Quick-fill,The `scopes` parameters that can be specified and its return value,4,Data type,string,https://developers.line.biz/en/docs/line-mini-app/quick-fill/overview/
line-mini-app,line-mini-app/quick-fill/overview,Overview of Common Profile Quick-fill,The `scopes` parameters that can be specified and its return value,4,Max chars (half-width),100,https://developers.line.biz/en/docs/line-mini-app/quick-fill/overview/
line-mini-app,line-mini-app/quick-fill/overview,Overview of Common Profile Quick-fill,The `scopes` parameters that can be specified and its return value,4,Max chars (Hiragana and kanji),50,https://developers.line.biz/en/docs/line-mini-app/quick-fill/overview/
line-mini-app,line-mini-app/quick-fill/overview,Overview of Common Profile Quick-fill,The `scopes` parameters that can be specified and its return value,5,scopes,sex-enum,https://developers.line.biz/en/docs/line-mini-app/quick-fill/overview/
line-mini-app,line-mini-app/quick-fill/overview,Overview of Common Profile Quick-fill,The `scopes` parameters that can be specified and its return value,5,Description,Gender,https://developers.line.biz/en/docs/line-mini-app/quick-fill/overview/
line-mini-app,line-mini-app/quick-fill/overview,Overview of Common Profile Quick-fill,The `scopes` parameters that can be specified and its return value,5,Data type,number,https://developers.line.biz/en/docs/line-mini-app/quick-fill/overview/
line-mini-app,line-mini-app/quick-fill/overview,Overview of Common Profile Quick-fill,The `scopes` parameters that can be specified and its return value,5,Max chars (half-width),1 (fixed length),https://developers.line.biz/en/docs/line-mini-app/quick-fill/overview/
line-mini-app,line-mini-app/quick-fill/overview,Overview of Common Profile Quick-fill,The `scopes` parameters that can be specified and its return value,5,Explanation of the return value,0: Male 1: Female 2: Other 3: No answer,https://developers.line.biz/en/docs/line-mini-app/quick-fill/overview/
line-mini-app,line-mini-app/quick-fill/overview,Overview of Common Profile Quick-fill,The `scopes` parameters that can be specified and its return value,6,scopes,bday-day,https://developers.line.biz/en/docs/line-mini-app/quick-fill/overview/
line-mini-app,line-mini-app/quick-fill/overview,Overview of Common Profile Quick-fill,The `scopes` parameters that can be specified and its return value,6,Description,Day of birth,https://developers.line.biz/en/docs/line-mini-app/quick-fill/overview/
line-mini-app,line-mini-app/quick-fill/overview,Overview of Common Profile Quick-fill,The `scopes` parameters that can be specified and its return value,6,Data type,number,https://developers.line.biz/en/docs/line-mini-app/quick-fill/overview/
line-mini-app,line-mini-app/quick-fill/overview,Overview of Common Profile Quick-fill,The `scopes` parameters that can be specified and its return value,6,Max chars (half-width),2,https://developers.line.biz/en/docs/line-mini-app/quick-fill/overview/
line-mini-app,line-mini-app/quick-fill/overview,Overview of Common Profile Quick-fill,The `scopes` parameters that can be specified and its return value,7,scopes,bday-month,https://developers.line.biz/en/docs/line-mini-app/quick-fill/overview/
line-mini-app,line-mini-app/quick-fill/overview,Overview of Common Profile Quick-fill,The `scopes` parameters that can be specified and its return value,7,Description,Month of birth,https://developers.line.biz/en/docs/line-mini-app/quick-fill/overview/
line-mini-app,line-mini-app/quick-fill/overview,Overview of Common Profile Quick-fill,The `scopes` parameters that can be specified and its return value,7,Data type,number,https://developers.line.biz/en/docs/line-mini-app/quick-fill/overview/
line-mini-app,line-mini-app/quick-fill/overview,Overview of Common Profile Quick-fill,The `scopes` parameters that can be specified and its return value,7,Max chars (half-width),2,https://developers.line.biz/en/docs/line-mini-app/quick-fill/overview/
line-mini-app,line-mini-app/quick-fill/overview,Overview of Common Profile Quick-fill,The `scopes` parameters that can be specified and its return value,8,scopes,bday-year,https://developers.line.biz/en/docs/line-mini-app/quick-fill/overview/
line-mini-app,line-mini-app/quick-fill/overview,Overview of Common Profile Quick-fill,The `scopes` parameters that can be specified and its return value,8,Description,Month of birth of year,https://developers.line.biz/en/docs/line-mini-app/quick-fill/overview/
line-mini-app,line-mini-app/quick-fill/overview,Overview of Common Profile Quick-fill,The `scopes` parameters that can be specified and its return value,8,Data type,number,https://developers.line.biz/en/docs/line-mini-app/quick-fill/overview/
line-mini-app,line-mini-app/quick-fill/overview,Overview of Common Profile Quick-fill,The `scopes` parameters that can be specified and its return value,8,Max chars (half-width),4,https://developers.line.biz/en/docs/line-mini-app/quick-fill/overview/
line-mini-app,line-mini-app/quick-fill/overview,Overview of Common Profile Quick-fill,The `scopes` parameters that can be specified and its return value,9,scopes,tel,https://developers.line.biz/en/docs/line-mini-app/quick-fill/overview/
line-mini-app,line-mini-app/quick-fill/overview,Overview of Common Profile Quick-fill,The `scopes` parameters that can be specified and its return value,9,Description,Phone number,https://developers.line.biz/en/docs/line-mini-app/quick-fill/overview/
line-mini-app,line-mini-app/quick-fill/overview,Overview of Common Profile Quick-fill,The `scopes` parameters that can be specified and its return value,9,Data type,string,https://developers.line.biz/en/docs/line-mini-app/quick-fill/overview/
line-mini-app,line-mini-app/quick-fill/overview,Overview of Common Profile Quick-fill,The `scopes` parameters that can be specified and its return value,9,Max chars (half-width),200,https://developers.line.biz/en/docs/line-mini-app/quick-fill/overview/
line-mini-app,line-mini-app/quick-fill/overview,Overview of Common Profile Quick-fill,The `scopes` parameters that can be specified and its return value,10,scopes,email,https://developers.line.biz/en/docs/line-mini-app/quick-fill/overview/
line-mini-app,line-mini-app/quick-fill/overview,Overview of Common Profile Quick-fill,The `scopes` parameters that can be specified and its return value,10,Description,Email address,https://developers.line.biz/en/docs/line-mini-app/quick-fill/overview/
line-mini-app,line-mini-app/quick-fill/overview,Overview of Common Profile Quick-fill,The `scopes` parameters that can be specified and its return value,10,Data type,string,https://developers.line.biz/en/docs/line-mini-app/quick-fill/overview/
line-mini-app,line-mini-app/quick-fill/overview,Overview of Common Profile Quick-fill,The `scopes` parameters that can be specified and its return value,10,Max chars (half-width),200,https://developers.line.biz/en/docs/line-mini-app/quick-fill/overview/
line-mini-app,line-mini-app/quick-fill/overview,Overview of Common Profile Quick-fill,The `scopes` parameters that can be specified and its return value,11,scopes,postal-code,https://developers.line.biz/en/docs/line-mini-app/quick-fill/overview/
line-mini-app,line-mini-app/quick-fill/overview,Overview of Common Profile Quick-fill,The `scopes` parameters that can be specified and its return value,11,Description,Postal code,https://developers.line.biz/en/docs/line-mini-app/quick-fill/overview/
line-mini-app,line-mini-app/quick-fill/overview,Overview of Common Profile Quick-fill,The `scopes` parameters that can be specified and its return value,11,Data type,string,https://developers.line.biz/en/docs/line-mini-app/quick-fill/overview/
line-mini-app,line-mini-app/quick-fill/overview,Overview of Common Profile Quick-fill,The `scopes` parameters that can be specified and its return value,11,Max chars (half-width),47,https://developers.line.biz/en/docs/line-mini-app/quick-fill/overview/
line-mini-app,line-mini-app/quick-fill/overview,Overview of Common Profile Quick-fill,The `scopes` parameters that can be specified and its return value,12,scopes,address-level1,https://developers.line.biz/en/docs/line-mini-app/quick-fill/overview/
line-mini-app,line-mini-app/quick-fill/overview,Overview of Common Profile Quick-fill,The `scopes` parameters that can be specified and its return value,12,Description,Address 1,https://developers.line.biz/en/docs/line-mini-app/quick-fill/overview/
line-mini-app,line-mini-app/quick-fill/overview,Overview of Common Profile Quick-fill,The `scopes` parameters that can be specified and its return value,12,Data type,string,https://developers.line.biz/en/docs/line-mini-app/quick-fill/overview/
line-mini-app,line-mini-app/quick-fill/overview,Overview of Common Profile Quick-fill,The `scopes` parameters that can be specified and its return value,12,Max chars (half-width),53,https://developers.line.biz/en/docs/line-mini-app/quick-fill/overview/
line-mini-app,line-mini-app/quick-fill/overview,Overview of Common Profile Quick-fill,The `scopes` parameters that can be specified and its return value,12,Max chars (Hiragana and kanji),53,https://developers.line.biz/en/docs/line-mini-app/quick-fill/overview/
line-mini-app,line-mini-app/quick-fill/overview,Overview of Common Profile Quick-fill,The `scopes` parameters that can be specified and its return value,13,scopes,address-level2,https://developers.line.biz/en/docs/line-mini-app/quick-fill/overview/
line-mini-app,line-mini-app/quick-fill/overview,Overview of Common Profile Quick-fill,The `scopes` parameters that can be specified and its return value,13,Description,Address 2,https://developers.line.biz/en/docs/line-mini-app/quick-fill/overview/
line-mini-app,line-mini-app/quick-fill/overview,Overview of Common Profile Quick-fill,The `scopes` parameters that can be specified and its return value,13,Data type,string,https://developers.line.biz/en/docs/line-mini-app/quick-fill/overview/
line-mini-app,line-mini-app/quick-fill/overview,Overview of Common Profile Quick-fill,The `scopes` parameters that can be specified and its return value,13,Max chars (half-width),53,https://developers.line.biz/en/docs/line-mini-app/quick-fill/overview/
line-mini-app,line-mini-app/quick-fill/overview,Overview of Common Profile Quick-fill,The `scopes` parameters that can be specified and its return value,13,Max chars (Hiragana and kanji),53,https://developers.line.biz/en/docs/line-mini-app/quick-fill/overview/
line-mini-app,line-mini-app/quick-fill/overview,Overview of Common Profile Quick-fill,The `scopes` parameters that can be specified and its return value,14,scopes,address-level3,https://developers.line.biz/en/docs/line-mini-app/quick-fill/overview/
line-mini-app,line-mini-app/quick-fill/overview,Overview of Common Profile Quick-fill,The `scopes` parameters that can be specified and its return value,14,Description,Address 3,https://developers.line.biz/en/docs/line-mini-app/quick-fill/overview/
line-mini-app,line-mini-app/quick-fill/overview,Overview of Common Profile Quick-fill,The `scopes` parameters that can be specified and its return value,14,Data type,string,https://developers.line.biz/en/docs/line-mini-app/quick-fill/overview/
line-mini-app,line-mini-app/quick-fill/overview,Overview of Common Profile Quick-fill,The `scopes` parameters that can be specified and its return value,14,Max chars (half-width),100,https://developers.line.biz/en/docs/line-mini-app/quick-fill/overview/
line-mini-app,line-mini-app/quick-fill/overview,Overview of Common Profile Quick-fill,The `scopes` parameters that can be specified and its return value,14,Max chars (Hiragana and kanji),69,https://developers.line.biz/en/docs/line-mini-app/quick-fill/overview/
line-mini-app,line-mini-app/quick-fill/overview,Overview of Common Profile Quick-fill,The `scopes` parameters that can be specified and its return value,15,scopes,address-level4,https://developers.line.biz/en/docs/line-mini-app/quick-fill/overview/
line-mini-app,line-mini-app/quick-fill/overview,Overview of Common Profile Quick-fill,The `scopes` parameters that can be specified and its return value,15,Description,Address 4,https://developers.line.biz/en/docs/line-mini-app/quick-fill/overview/
line-mini-app,line-mini-app/quick-fill/overview,Overview of Common Profile Quick-fill,The `scopes` parameters that can be specified and its return value,15,Data type,string,https://developers.line.biz/en/docs/line-mini-app/quick-fill/overview/
line-mini-app,line-mini-app/quick-fill/overview,Overview of Common Profile Quick-fill,The `scopes` parameters that can be specified and its return value,15,Max chars (half-width),100,https://developers.line.biz/en/docs/line-mini-app/quick-fill/overview/
line-mini-app,line-mini-app/quick-fill/overview,Overview of Common Profile Quick-fill,The `scopes` parameters that can be specified and its return value,15,Max chars (Hiragana and kanji),69,https://developers.line.biz/en/docs/line-mini-app/quick-fill/overview/
line-mini-app,line-mini-app/quick-fill/overview,Overview of Common Profile Quick-fill,Dummy data for Common Profile that can be obtained,1,family-name,見本田,https://developers.line.biz/en/docs/line-mini-app/quick-fill/overview/
line-mini-app,line-mini-app/quick-fill/overview,Overview of Common Profile Quick-fill,Dummy data for Common Profile that can be obtained,1,given-name,見本夫,https://developers.line.biz/en/docs/line-mini-app/quick-fill/overview/
line-mini-app,line-mini-app/quick-fill/overview,Overview of Common Profile Quick-fill,Dummy data for Common Profile that can be obtained,1,family-name-kana,ダミータ,https://developers.line.biz/en/docs/line-mini-app/quick-fill/overview/
line-mini-app,line-mini-app/quick-fill/overview,Overview of Common Profile Quick-fill,Dummy data for Common Profile that can be obtained,1,given-name-kana,ダミーオ,https://developers.line.biz/en/docs/line-mini-app/quick-fill/overview/
line-mini-app,line-mini-app/quick-fill/overview,Overview of Common Profile Quick-fill,Dummy data for Common Profile that can be obtained,1,sex-enum,0,https://developers.line.biz/en/docs/line-mini-app/quick-fill/overview/
line-mini-app,line-mini-app/quick-fill/overview,Overview of Common Profile Quick-fill,Dummy data for Common Profile that can be obtained,1,bday-day,12,https://developers.line.biz/en/docs/line-mini-app/quick-fill/overview/
line-mini-app,line-mini-app/quick-fill/overview,Overview of Common Profile Quick-fill,Dummy data for Common Profile that can be obtained,1,bday-month,3,https://developers.line.biz/en/docs/line-mini-app/quick-fill/overview/
line-mini-app,line-mini-app/quick-fill/overview,Overview of Common Profile Quick-fill,Dummy data for Common Profile that can be obtained,1,bday-year,1998,https://developers.line.biz/en/docs/line-mini-app/quick-fill/overview/
line-mini-app,line-mini-app/quick-fill/overview,Overview of Common Profile Quick-fill,Dummy data for Common Profile that can be obtained,1,tel,09001234567,https://developers.line.biz/en/docs/line-mini-app/quick-fill/overview/
line-mini-app,line-mini-app/quick-fill/overview,Overview of Common Profile Quick-fill,Dummy data for Common Profile that can be obtained,1,email,dummy_39@yahoo.co.jp,https://developers.line.biz/en/docs/line-mini-app/quick-fill/overview/
line-mini-app,line-mini-app/quick-fill/overview,Overview of Common Profile Quick-fill,Dummy data for Common Profile that can be obtained,1,postal-code,1020094,https://developers.line.biz/en/docs/line-mini-app/quick-fill/overview/
line-mini-app,line-mini-app/quick-fill/overview,Overview of Common Profile Quick-fill,Dummy data for Common Profile that can be obtained,1,address-level1,東京都,https://developers.line.biz/en/docs/line-mini-app/quick-fill/overview/
line-mini-app,line-mini-app/quick-fill/overview,Overview of Common Profile Quick-fill,Dummy data for Common Profile that can be obtained,1,address-level2,千代田区,https://developers.line.biz/en/docs/line-mini-app/quick-fill/overview/
line-mini-app,line-mini-app/quick-fill/overview,Overview of Common Profile Quick-fill,Dummy data for Common Profile that can be obtained,1,address-level3,紀尾井町1-2,https://developers.line.biz/en/docs/line-mini-app/quick-fill/overview/
line-mini-app,line-mini-app/quick-fill/overview,Overview of Common Profile Quick-fill,Dummy data for Common Profile that can be obtained,1,address-level4,東京ガーデンテラス紀尾井町,https://developers.line.biz/en/docs/line-mini-app/quick-fill/overview/
line-mini-app,line-mini-app/quick-fill/overview,Overview of Common Profile Quick-fill,Dummy data for Common Profile that can be obtained,2,sex-enum,1,https://developers.line.biz/en/docs/line-mini-app/quick-fill/overview/
line-mini-app,line-mini-app/quick-fill/overview,Overview of Common Profile Quick-fill,Dummy data for Common Profile that can be obtained,2,bday-day,12,https://developers.line.biz/en/docs/line-mini-app/quick-fill/overview/
line-mini-app,line-mini-app/quick-fill/overview,Overview of Common Profile Quick-fill,Dummy data for Common Profile that can be obtained,2,bday-month,3,https://developers.line.biz/en/docs/line-mini-app/quick-fill/overview/
line-mini-app,line-mini-app/quick-fill/overview,Overview of Common Profile Quick-fill,Dummy data for Common Profile that can be obtained,2,bday-year,1998,https://developers.line.biz/en/docs/line-mini-app/quick-fill/overview/
line-mini-app,line-mini-app/quick-fill/overview,Overview of Common Profile Quick-fill,Dummy data for Common Profile that can be obtained,2,tel,09001234567,https://developers.line.biz/en/docs/line-mini-app/quick-fill/overview/
line-mini-app,line-mini-app/quick-fill/overview,Overview of Common Profile Quick-fill,Dummy data for Common Profile that can be obtained,2,email,dummy_39@yahoo.co.jp,https://developers.line.biz/en/docs/line-mini-app/quick-fill/overview/
line-mini-app,line-mini-app/quick-fill/overview,Overview of Common Profile Quick-fill,Dummy data for Common Profile that can be obtained,2,postal-code,N5X 1N7,https://developers.line.biz/en/docs/line-mini-app/quick-fill/overview/
line-mini-app,line-mini-app/quick-fill/overview,Overview of Common Profile Quick-fill,Dummy data for Common Profile that can be obtained,2,address-level1,東京都,https://developers.line.biz/en/docs/line-mini-app/quick-fill/overview/
line-mini-app,line-mini-app/quick-fill/overview,Overview of Common Profile Quick-fill,Dummy data for Common Profile that can be obtained,2,address-level3,紀尾井町1-2,https://developers.line.biz/en/docs/line-mini-app/quick-fill/overview/
line-mini-app,line-mini-app/quick-fill/overview,Overview of Common Profile Quick-fill,Dummy data for Common Profile that can be obtained,2,address-level4,東京ガーデンテラス紀尾井町,https://developers.line.biz/en/docs/line-mini-app/quick-fill/overview/
line-mini-app,line-mini-app/quick-fill/overview,Overview of Common Profile Quick-fill,Dummy data for Common Profile that can be obtained,3,family-name,見本田,https://developers.line.biz/en/docs/line-mini-app/quick-fill/overview/
line-mini-app,line-mini-app/quick-fill/overview,Overview of Common Profile Quick-fill,Dummy data for Common Profile that can be obtained,3,family-name-kana,ダミータ,https://developers.line.biz/en/docs/line-mini-app/quick-fill/overview/
line-mini-app,line-mini-app/quick-fill/overview,Overview of Common Profile Quick-fill,Dummy data for Common Profile that can be obtained,3,sex-enum,2,https://developers.line.biz/en/docs/line-mini-app/quick-fill/overview/
line-mini-app,line-mini-app/quick-fill/overview,Overview of Common Profile Quick-fill,Dummy data for Common Profile that can be obtained,3,tel,09001234567,https://developers.line.biz/en/docs/line-mini-app/quick-fill/overview/
line-mini-app,line-mini-app/quick-fill/overview,Overview of Common Profile Quick-fill,Dummy data for Common Profile that can be obtained,3,postal-code,102-0094,https://developers.line.biz/en/docs/line-mini-app/quick-fill/overview/
line-mini-app,line-mini-app/quick-fill/overview,Overview of Common Profile Quick-fill,Dummy data for Common Profile that can be obtained,3,address-level1,東京都,https://developers.line.biz/en/docs/line-mini-app/quick-fill/overview/
line-mini-app,line-mini-app/quick-fill/overview,Overview of Common Profile Quick-fill,Dummy data for Common Profile that can be obtained,3,address-level2,千代田区,https://developers.line.biz/en/docs/line-mini-app/quick-fill/overview/
line-mini-app,line-mini-app/quick-fill/overview,Overview of Common Profile Quick-fill,Dummy data for Common Profile that can be obtained,3,address-level4,東京ガーデンテラス紀尾井町,https://developers.line.biz/en/docs/line-mini-app/quick-fill/overview/
line-mini-app,line-mini-app/quick-fill/overview,Overview of Common Profile Quick-fill,Dummy data for Common Profile that can be obtained,4,given-name,見本夫,https://developers.line.biz/en/docs/line-mini-app/quick-fill/overview/
line-mini-app,line-mini-app/quick-fill/overview,Overview of Common Profile Quick-fill,Dummy data for Common Profile that can be obtained,4,given-name-kana,ダミーオ,https://developers.line.biz/en/docs/line-mini-app/quick-fill/overview/
line-mini-app,line-mini-app/quick-fill/overview,Overview of Common Profile Quick-fill,Dummy data for Common Profile that can be obtained,4,sex-enum,3,https://developers.line.biz/en/docs/line-mini-app/quick-fill/overview/
line-mini-app,line-mini-app/quick-fill/overview,Overview of Common Profile Quick-fill,Dummy data for Common Profile that can be obtained,4,bday-day,12,https://developers.line.biz/en/docs/line-mini-app/quick-fill/overview/
line-mini-app,line-mini-app/quick-fill/overview,Overview of Common Profile Quick-fill,Dummy data for Common Profile that can be obtained,4,bday-month,3,https://developers.line.biz/en/docs/line-mini-app/quick-fill/overview/
line-mini-app,line-mini-app/quick-fill/overview,Overview of Common Profile Quick-fill,Dummy data for Common Profile that can be obtained,4,bday-year,1998,https://developers.line.biz/en/docs/line-mini-app/quick-fill/overview/
line-mini-app,line-mini-app/quick-fill/overview,Overview of Common Profile Quick-fill,Dummy data for Common Profile that can be obtained,4,tel,0901234567,https://developers.line.biz/en/docs/line-mini-app/quick-fill/overview/
line-mini-app,line-mini-app/quick-fill/overview,Overview of Common Profile Quick-fill,Dummy data for Common Profile that can be obtained,4,email,dummy_39@yahoo.co.jp,https://developers.line.biz/en/docs/line-mini-app/quick-fill/overview/
line-mini-app,line-mini-app/quick-fill/overview,Overview of Common Profile Quick-fill,Dummy data for Common Profile that can be obtained,4,postal-code,1077 AA2 15000N5X 1N7107715000X 1077 AA2 15000N5X 1N71,https://developers.line.biz/en/docs/line-mini-app/quick-fill/overview/
line-mini-app,line-mini-app/quick-fill/overview,Overview of Common Profile Quick-fill,Dummy data for Common Profile that can be obtained,4,address-level1,東京都,https://developers.line.biz/en/docs/line-mini-app/quick-fill/overview/
line-mini-app,line-mini-app/quick-fill/overview,Overview of Common Profile Quick-fill,Dummy data for Common Profile that can be obtained,4,address-level2,千代田区,https://developers.line.biz/en/docs/line-mini-app/quick-fill/overview/
line-mini-app,line-mini-app/quick-fill/overview,Overview of Common Profile Quick-fill,Dummy data for Common Profile that can be obtained,4,address-level3,紀尾井町1-2,https://developers.line.biz/en/docs/line-mini-app/quick-fill/overview/
line-mini-app,line-mini-app/quick-fill/overview,Overview of Common Profile Quick-fill,Dummy data for Common Profile that can be obtained,5,family-name,Daimta,https://developers.line.biz/en/docs/line-mini-app/quick-fill/overview/
line-mini-app,line-mini-app/quick-fill/overview,Overview of Common Profile Quick-fill,Dummy data for Common Profile that can be obtained,5,given-name,Damio,https://developers.line.biz/en/docs/line-mini-app/quick-fill/overview/
line-mini-app,line-mini-app/quick-fill/overview,Overview of Common Profile Quick-fill,Dummy data for Common Profile that can be obtained,5,family-name-kana,ダミータ,https://developers.line.biz/en/docs/line-mini-app/quick-fill/overview/
line-mini-app,line-mini-app/quick-fill/overview,Overview of Common Profile Quick-fill,Dummy data for Common Profile that can be obtained,5,given-name-kana,ダミーオ,https://developers.line.biz/en/docs/line-mini-app/quick-fill/overview/
line-mini-app,line-mini-app/quick-fill/overview,Overview of Common Profile Quick-fill,Dummy data for Common Profile that can be obtained,5,sex-enum,0,https://developers.line.biz/en/docs/line-mini-app/quick-fill/overview/
line-mini-app,line-mini-app/quick-fill/overview,Overview of Common Profile Quick-fill,Dummy data for Common Profile that can be obtained,5,bday-day,12,https://developers.line.biz/en/docs/line-mini-app/quick-fill/overview/
line-mini-app,line-mini-app/quick-fill/overview,Overview of Common Profile Quick-fill,Dummy data for Common Profile that can be obtained,5,bday-month,3,https://developers.line.biz/en/docs/line-mini-app/quick-fill/overview/
line-mini-app,line-mini-app/quick-fill/overview,Overview of Common Profile Quick-fill,Dummy data for Common Profile that can be obtained,5,bday-year,1998,https://developers.line.biz/en/docs/line-mini-app/quick-fill/overview/
line-mini-app,line-mini-app/quick-fill/overview,Overview of Common Profile Quick-fill,Dummy data for Common Profile that can be obtained,5,tel,09001234567,https://developers.line.biz/en/docs/line-mini-app/quick-fill/overview/
line-mini-app,line-mini-app/quick-fill/overview,Overview of Common Profile Quick-fill,Dummy data for Common Profile that can be obtained,5,postal-code,1020094,https://developers.line.biz/en/docs/line-mini-app/quick-fill/overview/
line-mini-app,line-mini-app/quick-fill/overview,Overview of Common Profile Quick-fill,Dummy data for Common Profile that can be obtained,5,address-level1,Tokyo,https://developers.line.biz/en/docs/line-mini-app/quick-fill/overview/
line-mini-app,line-mini-app/quick-fill/overview,Overview of Common Profile Quick-fill,Dummy data for Common Profile that can be obtained,5,address-level2,Chiyoda-ku,https://developers.line.biz/en/docs/line-mini-app/quick-fill/overview/
line-mini-app,line-mini-app/quick-fill/overview,Overview of Common Profile Quick-fill,Dummy data for Common Profile that can be obtained,5,address-level3,"Kioi-cho,1-2",https://developers.line.biz/en/docs/line-mini-app/quick-fill/overview/
line-mini-app,line-mini-app/quick-fill/overview,Overview of Common Profile Quick-fill,Dummy data for Common Profile that can be obtained,5,address-level4,"Tokyo Garden terrace Kioi-cho,",https://developers.line.biz/en/docs/line-mini-app/quick-fill/overview/
line-mini-app,line-mini-app/quick-fill/overview,Overview of Common Profile Quick-fill,Dummy data for Common Profile that can be obtained,6,family-name,1234,https://developers.line.biz/en/docs/line-mini-app/quick-fill/overview/
line-mini-app,line-mini-app/quick-fill/overview,Overview of Common Profile Quick-fill,Dummy data for Common Profile that can be obtained,6,given-name,4321,https://developers.line.biz/en/docs/line-mini-app/quick-fill/overview/
line-mini-app,line-mini-app/quick-fill/overview,Overview of Common Profile Quick-fill,Dummy data for Common Profile that can be obtained,6,family-name-kana,ダミータ,https://developers.line.biz/en/docs/line-mini-app/quick-fill/overview/
line-mini-app,line-mini-app/quick-fill/overview,Overview of Common Profile Quick-fill,Dummy data for Common Profile that can be obtained,6,given-name-kana,ダミーオ,https://developers.line.biz/en/docs/line-mini-app/quick-fill/overview/
line-mini-app,line-mini-app/quick-fill/overview,Overview of Common Profile Quick-fill,Dummy data for Common Profile that can be obtained,6,sex-enum,1,https://developers.line.biz/en/docs/line-mini-app/quick-fill/overview/
line-mini-app,line-mini-app/quick-fill/overview,Overview of Common Profile Quick-fill,Dummy data for Common Profile that can be obtained,6,bday-year,1998,https://developers.line.biz/en/docs/line-mini-app/quick-fill/overview/
line-mini-app,line-mini-app/quick-fill/overview,Overview of Common Profile Quick-fill,Dummy data for Common Profile that can be obtained,6,tel,090-1234-5678,https://developers.line.biz/en/docs/line-mini-app/quick-fill/overview/
line-mini-app,line-mini-app/quick-fill/overview,Overview of Common Profile Quick-fill,Dummy data for Common Profile that can be obtained,6,email,dummy_39@yahoo.co.jp,https://developers.line.biz/en/docs/line-mini-app/quick-fill/overview/
line-mini-app,line-mini-app/quick-fill/overview,Overview of Common Profile Quick-fill,Dummy data for Common Profile that can be obtained,6,address-level1,ﾄｳｷｮｳﾄ,https://developers.line.biz/en/docs/line-mini-app/quick-fill/overview/
line-mini-app,line-mini-app/quick-fill/overview,Overview of Common Profile Quick-fill,Dummy data for Common Profile that can be obtained,6,address-level2,ﾁﾖﾀﾞｸ,https://developers.line.biz/en/docs/line-mini-app/quick-fill/overview/
line-mini-app,line-mini-app/quick-fill/overview,Overview of Common Profile Quick-fill,Dummy data for Common Profile that can be obtained,6,address-level3,ｷｵｲﾁｮｳ1-2,https://developers.line.biz/en/docs/line-mini-app/quick-fill/overview/
line-mini-app,line-mini-app/quick-fill/overview,Overview of Common Profile Quick-fill,Dummy data for Common Profile that can be obtained,6,address-level4,ﾄｳｷｮｳｶﾞｰﾃﾞﾝﾃﾗｽｷｵｲﾁｮｳ,https://developers.line.biz/en/docs/line-mini-app/quick-fill/overview/
line-mini-app,line-mini-app/quick-fill/overview,Overview of Common Profile Quick-fill,Dummy data for Common Profile that can be obtained,7,family-name,ﾀﾞﾐｰﾀ,https://developers.line.biz/en/docs/line-mini-app/quick-fill/overview/
line-mini-app,line-mini-app/quick-fill/overview,Overview of Common Profile Quick-fill,Dummy data for Common Profile that can be obtained,7,given-name,ﾀﾞﾐｵ,https://developers.line.biz/en/docs/line-mini-app/quick-fill/overview/
line-mini-app,line-mini-app/quick-fill/overview,Overview of Common Profile Quick-fill,Dummy data for Common Profile that can be obtained,7,family-name-kana,ダミータ,https://developers.line.biz/en/docs/line-mini-app/quick-fill/overview/
line-mini-app,line-mini-app/quick-fill/overview,Overview of Common Profile Quick-fill,Dummy data for Common Profile that can be obtained,7,given-name-kana,ダミーオ,https://developers.line.biz/en/docs/line-mini-app/quick-fill/overview/
line-mini-app,line-mini-app/quick-fill/overview,Overview of Common Profile Quick-fill,Dummy data for Common Profile that can be obtained,7,sex-enum,2,https://developers.line.biz/en/docs/line-mini-app/quick-fill/overview/
line-mini-app,line-mini-app/quick-fill/overview,Overview of Common Profile Quick-fill,Dummy data for Common Profile that can be obtained,7,bday-month,3,https://developers.line.biz/en/docs/line-mini-app/quick-fill/overview/
line-mini-app,line-mini-app/quick-fill/overview,Overview of Common Profile Quick-fill,Dummy data for Common Profile that can be obtained,7,email,dummy_39@yahoo.co.jp,https://developers.line.biz/en/docs/line-mini-app/quick-fill/overview/
line-mini-app,line-mini-app/quick-fill/overview,Overview of Common Profile Quick-fill,Dummy data for Common Profile that can be obtained,7,postal-code,1020094,https://developers.line.biz/en/docs/line-mini-app/quick-fill/overview/
line-mini-app,line-mini-app/quick-fill/overview,Overview of Common Profile Quick-fill,Dummy data for Common Profile that can be obtained,8,family-name,ダミ！？,https://developers.line.biz/en/docs/line-mini-app/quick-fill/overview/
line-mini-app,line-mini-app/quick-fill/overview,Overview of Common Profile Quick-fill,Dummy data for Common Profile that can be obtained,8,given-name,ダミ夫@,https://developers.line.biz/en/docs/line-mini-app/quick-fill/overview/
line-mini-app,line-mini-app/quick-fill/overview,Overview of Common Profile Quick-fill,Dummy data for Common Profile that can be obtained,8,family-name-kana,ダミータ,https://developers.line.biz/en/docs/line-mini-app/quick-fill/overview/
line-mini-app,line-mini-app/quick-fill/overview,Overview of Common Profile Quick-fill,Dummy data for Common Profile that can be obtained,8,given-name-kana,ダミーオ,https://developers.line.biz/en/docs/line-mini-app/quick-fill/overview/
line-mini-app,line-mini-app/quick-fill/overview,Overview of Common Profile Quick-fill,Dummy data for Common Profile that can be obtained,8,sex-enum,3,https://developers.line.biz/en/docs/line-mini-app/quick-fill/overview/
line-mini-app,line-mini-app/quick-fill/overview,Overview of Common Profile Quick-fill,Dummy data for Common Profile that can be obtained,8,bday-day,12,https://developers.line.biz/en/docs/line-mini-app/quick-fill/overview/
line-mini-app,line-mini-app/quick-fill/overview,Overview of Common Profile Quick-fill,Dummy data for Common Profile that can be obtained,8,bday-year,1998,https://developers.line.biz/en/docs/line-mini-app/quick-fill/overview/
line-mini-app,line-mini-app/quick-fill/overview,Overview of Common Profile Quick-fill,Dummy data for Common Profile that can be obtained,8,tel,09001234567,https://developers.line.biz/en/docs/line-mini-app/quick-fill/overview/
line-mini-app,line-mini-app/quick-fill/overview,Overview of Common Profile Quick-fill,Dummy data for Common Profile that can be obtained,8,email,dummy_39@yahoo.co.jp,https://developers.line.biz/en/docs/line-mini-app/quick-fill/overview/
line-mini-app,line-mini-app/quick-fill/overview,Overview of Common Profile Quick-fill,Dummy data for Common Profile that can be obtained,8,postal-code,1020094,https://developers.line.biz/en/docs/line-mini-app/quick-fill/overview/
line-mini-app,line-mini-app/quick-fill/overview,Overview of Common Profile Quick-fill,Dummy data for Common Profile that can be obtained,8,address-level1,🍀,https://developers.line.biz/en/docs/line-mini-app/quick-fill/overview/
line-mini-app,line-mini-app/quick-fill/overview,Overview of Common Profile Quick-fill,Dummy data for Common Profile that can be obtained,8,address-level2,🍀🍀,https://developers.line.biz/en/docs/line-mini-app/quick-fill/overview/
line-mini-app,line-mini-app/quick-fill/overview,Overview of Common Profile Quick-fill,Dummy data for Common Profile that can be obtained,8,address-level3,🍀🍀🍀,https://developers.line.biz/en/docs/line-mini-app/quick-fill/overview/
line-mini-app,line-mini-app/quick-fill/overview,Overview of Common Profile Quick-fill,Dummy data for Common Profile that can be obtained,8,address-level4,🍀🍀🍀🍀,https://developers.line.biz/en/docs/line-mini-app/quick-fill/overview/
line-mini-app,line-mini-app/quick-fill/overview,Overview of Common Profile Quick-fill,Dummy data for Common Profile that can be obtained,9,family-name,🐶🐶🐶,https://developers.line.biz/en/docs/line-mini-app/quick-fill/overview/
line-mini-app,line-mini-app/quick-fill/overview,Overview of Common Profile Quick-fill,Dummy data for Common Profile that can be obtained,9,given-name,ダミ💚,https://developers.line.biz/en/docs/line-mini-app/quick-fill/overview/
line-mini-app,line-mini-app/quick-fill/overview,Overview of Common Profile Quick-fill,Dummy data for Common Profile that can be obtained,9,family-name-kana,ダミータ,https://developers.line.biz/en/docs/line-mini-app/quick-fill/overview/
line-mini-app,line-mini-app/quick-fill/overview,Overview of Common Profile Quick-fill,Dummy data for Common Profile that can be obtained,9,given-name-kana,ダミーオ,https://developers.line.biz/en/docs/line-mini-app/quick-fill/overview/
line-mini-app,line-mini-app/quick-fill/overview,Overview of Common Profile Quick-fill,Dummy data for Common Profile that can be obtained,9,sex-enum,0,https://developers.line.biz/en/docs/line-mini-app/quick-fill/overview/
line-mini-app,line-mini-app/quick-fill/overview,Overview of Common Profile Quick-fill,Dummy data for Common Profile that can be obtained,9,bday-day,12,https://developers.line.biz/en/docs/line-mini-app/quick-fill/overview/
line-mini-app,line-mini-app/quick-fill/overview,Overview of Common Profile Quick-fill,Dummy data for Common Profile that can be obtained,9,bday-month,3,https://developers.line.biz/en/docs/line-mini-app/quick-fill/overview/
line-mini-app,line-mini-app/quick-fill/overview,Overview of Common Profile Quick-fill,Dummy data for Common Profile that can be obtained,9,bday-year,1998,https://developers.line.biz/en/docs/line-mini-app/quick-fill/overview/
line-mini-app,line-mini-app/quick-fill/overview,Overview of Common Profile Quick-fill,Dummy data for Common Profile that can be obtained,9,email,dummy_39@yahoo.co.jp,https://developers.line.biz/en/docs/line-mini-app/quick-fill/overview/
line-mini-app,line-mini-app/quick-fill/overview,Overview of Common Profile Quick-fill,Dummy data for Common Profile that can be obtained,9,postal-code,102-0094,https://developers.line.biz/en/docs/line-mini-app/quick-fill/overview/
line-mini-app,line-mini-app/quick-fill/overview,Overview of Common Profile Quick-fill,Dummy data for Common Profile that can be obtained,9,address-level1,東京都東京都東京都東京都東京都東京都東京都東京都東京都東京都東京都東京都東京都東京都東京都東京都東京都東京都東京都東京都東京都東京都東京都東京都東京都東京都,https://developers.line.biz/en/docs/line-mini-app/quick-fill/overview/
line-mini-app,line-mini-app/quick-fill/overview,Overview of Common Profile Quick-fill,Dummy data for Common Profile that can be obtained,9,address-level2,千代田区千代田区千代田区千代田区千代田区千代田区千代田区千代田区千代田区千代田区千代田区千代田区千代田区千,https://developers.line.biz/en/docs/line-mini-app/quick-fill/overview/
line-mini-app,line-mini-app/quick-fill/overview,Overview of Common Profile Quick-fill,Dummy data for Common Profile that can be obtained,9,address-level3,紀尾井町1-2紀尾井町1-2紀尾井町1-2紀尾井町1-2紀尾井町1-2紀尾井町1-2紀尾井町1-2紀尾井町1-2紀尾井町1-2紀尾井町1-2紀尾井町1-2紀尾井町1-2紀尾井町1-2紀尾井町1-2紀尾井町1-2紀尾井町1-2紀尾井町1-2紀尾井町1-2紀尾井町1-2紀尾井町1-2,https://developers.line.biz/en/docs/line-mini-app/quick-fill/overview/
line-mini-app,line-mini-app/quick-fill/overview,Overview of Common Profile Quick-fill,Dummy data for Common Profile that can be obtained,9,address-level4,東京ガーデンテラス紀尾井町東京ガーデンテラス紀尾井町東京ガーデンテラス紀尾井町東京ガーデンテラス紀尾井町東京ガーデンテラス紀尾井町東京ガーデンテラス紀尾井町東京ガーデンテラス紀尾井町,https://developers.line.biz/en/docs/line-mini-app/quick-fill/overview/
line-mini-app,line-mini-app/quick-fill/overview,Overview of Common Profile Quick-fill,Dummy data for Common Profile that can be obtained,10,family-name,ダミー田ダミー田ダミー田ダミー田ダミー田ダミー田ダミー田ダミー田ダミー田ダミー田ダミー田ダミー田ダミー田ダミー田ダミー田ダミー田ダミー田ダミー田ダミー田ダミー田ダミー田ダミー田ダミー田ダミー田ダミー田,https://developers.line.biz/en/docs/line-mini-app/quick-fill/overview/
line-mini-app,line-mini-app/quick-fill/overview,Overview of Common Profile Quick-fill,Dummy data for Common Profile that can be obtained,10,given-name,ダミー夫ダミー夫ダミー夫ダミー夫ダミー夫ダミー夫ダミー夫ダミー夫ダミー夫ダミー夫ダミー夫ダミー夫ダミー夫ダミー夫ダミー夫ダミー夫ダミー夫ダミー夫ダミー夫ダミー夫ダミー夫ダミー夫ダミー夫ダミー夫ダミー夫,https://developers.line.biz/en/docs/line-mini-app/quick-fill/overview/
line-mini-app,line-mini-app/quick-fill/overview,Overview of Common Profile Quick-fill,Dummy data for Common Profile that can be obtained,10,family-name-kana,ダミータダミータダミータダミータダミータダミータダミータダミータダミータダミータダミータダミータダミータダミータダミータダミータダミータダミータダミータダミータダミータダミータダミータダミータダミータ,https://developers.line.biz/en/docs/line-mini-app/quick-fill/overview/
line-mini-app,line-mini-app/quick-fill/overview,Overview of Common Profile Quick-fill,Dummy data for Common Profile that can be obtained,10,given-name-kana,ダミーオダミーオダミーオダミーオダミーオダミーオダミーオダミーオダミーオダミーオダミーオダミーオダミーオダミーオダミーオダミーオダミーオダミーオダミーオダミーオダミーオダミーオダミーオ,https://developers.line.biz/en/docs/line-mini-app/quick-fill/overview/
line-mini-app,line-mini-app/quick-fill/overview,Overview of Common Profile Quick-fill,Dummy data for Common Profile that can be obtained,10,sex-enum,1,https://developers.line.biz/en/docs/line-mini-app/quick-fill/overview/
line-mini-app,line-mini-app/quick-fill/overview,Overview of Common Profile Quick-fill,Dummy data for Common Profile that can be obtained,10,bday-day,12,https://developers.line.biz/en/docs/line-mini-app/quick-fill/overview/
line-mini-app,line-mini-app/quick-fill/overview,Overview of Common Profile Quick-fill,Dummy data for Common Profile that can be obtained,10,bday-month,3,https://developers.line.biz/en/docs/line-mini-app/quick-fill/overview/
line-mini-app,line-mini-app/quick-fill/overview,Overview of Common Profile Quick-fill,Dummy data for Common Profile that can be obtained,10,bday-year,1998,https://developers.line.biz/en/docs/line-mini-app/quick-fill/overview/
line-mini-app,line-mini-app/quick-fill/overview,Overview of Common Profile Quick-fill,Dummy data for Common Profile that can be obtained,10,tel,09001234567,https://developers.line.biz/en/docs/line-mini-app/quick-fill/overview/
line-mini-app,line-mini-app/quick-fill/overview,Overview of Common Profile Quick-fill,Dummy data for Common Profile that can be obtained,10,email,dummy_39@yahoo.co.jp,https://developers.line.biz/en/docs/line-mini-app/quick-fill/overview/
line-mini-app,line-mini-app/quick-fill/overview,Overview of Common Profile Quick-fill,Dummy data for Common Profile that can be obtained,10,postal-code,N5X 1N7,https://developers.line.biz/en/docs/line-mini-app/quick-fill/overview/
line-mini-app,line-mini-app/quick-fill/overview,Overview of Common Profile Quick-fill,Dummy data for Common Profile that can be obtained,10,address-level2,千代田区,https://developers.line.biz/en/docs/line-mini-app/quick-fill/overview/
line-mini-app,line-mini-app/quick-fill/overview,Overview of Common Profile Quick-fill,Dummy data for Common Profile that can be obtained,10,address-level3,紀尾井町1-2,https://developers.line.biz/en/docs/line-mini-app/quick-fill/overview/
line-mini-app,line-mini-app/quick-fill/overview,Overview of Common Profile Quick-fill,Dummy data for Common Profile that can be obtained,10,address-level4,東京ガーデンテラス紀尾井町,https://developers.line.biz/en/docs/line-mini-app/quick-fill/overview/
line-mini-app,line-mini-app/quick-fill/overview,Overview of Common Profile Quick-fill,Options for getting Common Profile information,excludeEmojis,Default value,true,https://developers.line.biz/en/docs/line-mini-app/quick-fill/overview/
line-mini-app,line-mini-app/quick-fill/overview,Overview of Common Profile Quick-fill,Options for getting Common Profile information,excludeEmojis,Description,Whether to remove emojis from the string.,https://developers.line.biz/en/docs/line-mini-app/quick-fill/overview/
line-mini-app,line-mini-app/quick-fill/overview,Overview of Common Profile Quick-fill,Options for getting Common Profile information,excludeEmojis,Specifiable scope,given-name family-name,https://developers.line.biz/en/docs/line-mini-app/quick-fill/overview/
line-mini-app,line-mini-app/quick-fill/overview,Overview of Common Profile Quick-fill,Options for getting Common Profile information,excludeNonJp,Default value,true,https://developers.line.biz/en/docs/line-mini-app/quick-fill/overview/
line-mini-app,line-mini-app/quick-fill/overview,Overview of Common Profile Quick-fill,Options for getting Common Profile information,excludeNonJp,Description,"Whether to exclude phone numbers with 12 or more digits. If true, an empty string and error information are returned when the phone number has 12 or more digits.",https://developers.line.biz/en/docs/line-mini-app/quick-fill/overview/
line-mini-app,line-mini-app/quick-fill/overview,Overview of Common Profile Quick-fill,Options for getting Common Profile information,excludeNonJp,Specifiable scope,tel,https://developers.line.biz/en/docs/line-mini-app/quick-fill/overview/
line-mini-app,line-mini-app/quick-fill/overview,Overview of Common Profile Quick-fill,Options for getting Common Profile information,digitsOnly,Default value,true,https://developers.line.biz/en/docs/line-mini-app/quick-fill/overview/
line-mini-app,line-mini-app/quick-fill/overview,Overview of Common Profile Quick-fill,Options for getting Common Profile information,digitsOnly,Description,"Whether to exclude postal codes that aren't numbers. If true, an empty string and error information are returned when the postal code contains characters other than numbers.",https://developers.line.biz/en/docs/line-mini-app/quick-fill/overview/
line-mini-app,line-mini-app/quick-fill/overview,Overview of Common Profile Quick-fill,Options for getting Common Profile information,digitsOnly,Specifiable scope,postal-code,https://developers.line.biz/en/docs/line-mini-app/quick-fill/overview/
line-mini-app,line-mini-app/service/business-manager-link,Link a LINE MINI App channel to a Business Manager organization,Account linking review status,Verified,Description,The account linking review has been completed.,https://developers.line.biz/en/docs/line-mini-app/service/business-manager-link/
line-mini-app,line-mini-app/service/business-manager-link,Link a LINE MINI App channel to a Business Manager organization,Account linking review status,Rejected,Description,"The account linking review was rejected. For more information, see If the account linking review is rejected.",https://developers.line.biz/en/docs/line-mini-app/service/business-manager-link/
line-mini-app,line-mini-app/service/business-manager-link,Link a LINE MINI App channel to a Business Manager organization,2. A developer sends the link request URL to the Business Manager organization administrator,2. A developer sends the link request URL to the Business Manager organization administrator,限制（寫在內文）,The link request URL is valid for 7 days (168 hours) after it is issued.,https://developers.line.biz/en/docs/line-mini-app/service/business-manager-link/
line-mini-app,line-mini-app/service/service-operation,Running your service,Notifications allowed by service messages,Action Confirmation Notification,Use Case,Confirmation notification of reservations at restaurants and accommodations Confirmation notification of purchased tickets and merchandise,https://developers.line.biz/en/docs/line-mini-app/service/service-operation/
line-mini-app,line-mini-app/service/service-operation,Running your service,Notifications allowed by service messages,Action Result Notification,Use Case,Check-in completion notification Notification of shipment completion of an order,https://developers.line.biz/en/docs/line-mini-app/service/service-operation/
line-mini-app,line-mini-app/service/service-operation,Running your service,Notifications allowed by service messages,Reminder Notification,Use Case,"Reminder notification of reservations at restaurants and accommodations Reminder for a play, movie, or concert for which ticket was purchased",https://developers.line.biz/en/docs/line-mini-app/service/service-operation/
line-mini-app,line-mini-app/service/update-service,Re-review after updating your verified MINI App,,Basic settings,Information requiring re-review,Channel icon Channel name Channel description Email address Privacy policy URL Terms of use URL Localization (multi-language support) Linked LINE Official Account,https://developers.line.biz/en/docs/line-mini-app/service/update-service/
line-mini-app,line-mini-app/service/update-service,Re-review after updating your verified MINI App,,Business information,Information requiring re-review,Service company information Development company information Provider information,https://developers.line.biz/en/docs/line-mini-app/service/update-service/
line-mini-app,line-mini-app/service/update-service,Re-review after updating your verified MINI App,,Contact information,Information requiring re-review,All information,https://developers.line.biz/en/docs/line-mini-app/service/update-service/
line-mini-app,line-mini-app/service/update-service,Re-review after updating your verified MINI App,,Service message template,Information requiring re-review,All information,https://developers.line.biz/en/docs/line-mini-app/service/update-service/
line-mini-app,line-mini-app/service/update-service,Re-review after updating your verified MINI App,,In-app purchase,Information requiring re-review,"Information within the Apply to use in-app purchase tab \* If you update in-app purchase information, re-review for in-app purchase is also required.",https://developers.line.biz/en/docs/line-mini-app/service/update-service/
line-mini-app,line-mini-app/submit/submission-guide,Submitting LINE MINI App,Channel description,Bad example,Channel name,LINE FRIENDS STORE,https://developers.line.biz/en/docs/line-mini-app/submit/submission-guide/
line-mini-app,line-mini-app/submit/submission-guide,Submitting LINE MINI App,Channel description,Bad example,Channel description,LINE FRIENDS STORE is a store for LINE character goods.,https://developers.line.biz/en/docs/line-mini-app/submit/submission-guide/
line-mini-app,line-mini-app/submit/submission-guide,Submitting LINE MINI App,Channel description,Good example,Channel name,LINE FRIENDS STORE,https://developers.line.biz/en/docs/line-mini-app/submit/submission-guide/
line-mini-app,line-mini-app/submit/submission-guide,Submitting LINE MINI App,Channel description,Good example,Channel description,This is a mobile ordering service at the LINE FRIENDS STORE. You can order and pay in advance and receive your merchandise at the store.,https://developers.line.biz/en/docs/line-mini-app/submit/submission-guide/
line-social-plugins,line-social-plugins/resources/design-guide,Design guide,Text,EN,Text,Share,https://developers.line.biz/en/docs/line-social-plugins/resources/design-guide/
line-social-plugins,line-social-plugins/resources/design-guide,Design guide,Text,JP,Text,LINEで送る,https://developers.line.biz/en/docs/line-social-plugins/resources/design-guide/
line-social-plugins,line-social-plugins/resources/design-guide,Design guide,Text,KR,Text,공유하기,https://developers.line.biz/en/docs/line-social-plugins/resources/design-guide/
line-social-plugins,line-social-plugins/resources/design-guide,Design guide,Text,TW,Text,分享,https://developers.line.biz/en/docs/line-social-plugins/resources/design-guide/
line-social-plugins,line-social-plugins/resources/design-guide,Design guide,Text,TH,Text,แชร์,https://developers.line.biz/en/docs/line-social-plugins/resources/design-guide/
line-social-plugins,line-social-plugins/resources/design-guide,Design guide,Text,ID,Text,Share,https://developers.line.biz/en/docs/line-social-plugins/resources/design-guide/
messaging-api,messaging-api/beacon-device-spec,LINE Beacon device specification,Advertising packet specification,00,Field,Length,https://developers.line.biz/en/docs/messaging-api/beacon-device-spec/
messaging-api,messaging-api/beacon-device-spec,LINE Beacon device specification,Advertising packet specification,00,Value,0x02,https://developers.line.biz/en/docs/messaging-api/beacon-device-spec/
messaging-api,messaging-api/beacon-device-spec,LINE Beacon device specification,Advertising packet specification,00,Description,The data length of the first AD structure (2 bytes),https://developers.line.biz/en/docs/messaging-api/beacon-device-spec/
messaging-api,messaging-api/beacon-device-spec,LINE Beacon device specification,Advertising packet specification,01,Field,AD type,https://developers.line.biz/en/docs/messaging-api/beacon-device-spec/
messaging-api,messaging-api/beacon-device-spec,LINE Beacon device specification,Advertising packet specification,01,Value,0x01,https://developers.line.biz/en/docs/messaging-api/beacon-device-spec/
messaging-api,messaging-api/beacon-device-spec,LINE Beacon device specification,Advertising packet specification,01,Description,The AD type of the first AD structure (Flags),https://developers.line.biz/en/docs/messaging-api/beacon-device-spec/
messaging-api,messaging-api/beacon-device-spec,LINE Beacon device specification,Advertising packet specification,02,Field,AD data,https://developers.line.biz/en/docs/messaging-api/beacon-device-spec/
messaging-api,messaging-api/beacon-device-spec,LINE Beacon device specification,Advertising packet specification,02,Value,0x06,https://developers.line.biz/en/docs/messaging-api/beacon-device-spec/
messaging-api,messaging-api/beacon-device-spec,LINE Beacon device specification,Advertising packet specification,02,Description,"The flags set (LE General Discoverable Mode, BR/EDR Not Supported)",https://developers.line.biz/en/docs/messaging-api/beacon-device-spec/
messaging-api,messaging-api/beacon-device-spec,LINE Beacon device specification,Advertising packet specification,03,Field,Length,https://developers.line.biz/en/docs/messaging-api/beacon-device-spec/
messaging-api,messaging-api/beacon-device-spec,LINE Beacon device specification,Advertising packet specification,03,Value,0x03,https://developers.line.biz/en/docs/messaging-api/beacon-device-spec/
messaging-api,messaging-api/beacon-device-spec,LINE Beacon device specification,Advertising packet specification,03,Description,The data length of the second AD structure (3 bytes),https://developers.line.biz/en/docs/messaging-api/beacon-device-spec/
messaging-api,messaging-api/beacon-device-spec,LINE Beacon device specification,Advertising packet specification,04,Field,AD type,https://developers.line.biz/en/docs/messaging-api/beacon-device-spec/
messaging-api,messaging-api/beacon-device-spec,LINE Beacon device specification,Advertising packet specification,04,Value,0x03,https://developers.line.biz/en/docs/messaging-api/beacon-device-spec/
messaging-api,messaging-api/beacon-device-spec,LINE Beacon device specification,Advertising packet specification,04,Description,The AD type of the second AD structure (Complete list of 16-bit UUIDs available),https://developers.line.biz/en/docs/messaging-api/beacon-device-spec/
messaging-api,messaging-api/beacon-device-spec,LINE Beacon device specification,Advertising packet specification,05,Field,16-bit UUID,https://developers.line.biz/en/docs/messaging-api/beacon-device-spec/
messaging-api,messaging-api/beacon-device-spec,LINE Beacon device specification,Advertising packet specification,05,Value,0x6F,https://developers.line.biz/en/docs/messaging-api/beacon-device-spec/
messaging-api,messaging-api/beacon-device-spec,LINE Beacon device specification,Advertising packet specification,05,Description,"The 16-bit UUID of LINE, when joined with the next byte (0xFE6F)",https://developers.line.biz/en/docs/messaging-api/beacon-device-spec/
messaging-api,messaging-api/beacon-device-spec,LINE Beacon device specification,Advertising packet specification,06,Field,16-bit UUID,https://developers.line.biz/en/docs/messaging-api/beacon-device-spec/
messaging-api,messaging-api/beacon-device-spec,LINE Beacon device specification,Advertising packet specification,06,Value,0xFE,https://developers.line.biz/en/docs/messaging-api/beacon-device-spec/
messaging-api,messaging-api/beacon-device-spec,LINE Beacon device specification,Advertising packet specification,06,Description,"The 16-bit UUID of LINE, when joined with the previous byte (0xFE6F)",https://developers.line.biz/en/docs/messaging-api/beacon-device-spec/
messaging-api,messaging-api/beacon-device-spec,LINE Beacon device specification,Advertising packet specification,07,Field,Length,https://developers.line.biz/en/docs/messaging-api/beacon-device-spec/
messaging-api,messaging-api/beacon-device-spec,LINE Beacon device specification,Advertising packet specification,07,Value,0x11,https://developers.line.biz/en/docs/messaging-api/beacon-device-spec/
messaging-api,messaging-api/beacon-device-spec,LINE Beacon device specification,Advertising packet specification,07,Description,The data length of the third AD structure (17 bytes),https://developers.line.biz/en/docs/messaging-api/beacon-device-spec/
messaging-api,messaging-api/beacon-device-spec,LINE Beacon device specification,Advertising packet specification,08,Field,AD type,https://developers.line.biz/en/docs/messaging-api/beacon-device-spec/
messaging-api,messaging-api/beacon-device-spec,LINE Beacon device specification,Advertising packet specification,08,Value,0x16,https://developers.line.biz/en/docs/messaging-api/beacon-device-spec/
messaging-api,messaging-api/beacon-device-spec,LINE Beacon device specification,Advertising packet specification,08,Description,The AD type of the third AD structure (Service Data - 16-bit UUID),https://developers.line.biz/en/docs/messaging-api/beacon-device-spec/
messaging-api,messaging-api/beacon-device-spec,LINE Beacon device specification,Advertising packet specification,09,Field,16-bit UUID,https://developers.line.biz/en/docs/messaging-api/beacon-device-spec/
messaging-api,messaging-api/beacon-device-spec,LINE Beacon device specification,Advertising packet specification,09,Value,0x6F,https://developers.line.biz/en/docs/messaging-api/beacon-device-spec/
messaging-api,messaging-api/beacon-device-spec,LINE Beacon device specification,Advertising packet specification,09,Description,"The 16-bit UUID of LINE, when joined with the next byte (0xFE6F)",https://developers.line.biz/en/docs/messaging-api/beacon-device-spec/
messaging-api,messaging-api/beacon-device-spec,LINE Beacon device specification,Advertising packet specification,10,Field,16-bit UUID,https://developers.line.biz/en/docs/messaging-api/beacon-device-spec/
messaging-api,messaging-api/beacon-device-spec,LINE Beacon device specification,Advertising packet specification,10,Value,0xFE,https://developers.line.biz/en/docs/messaging-api/beacon-device-spec/
messaging-api,messaging-api/beacon-device-spec,LINE Beacon device specification,Advertising packet specification,10,Description,"The 16-bit UUID of LINE, when joined with the previous byte (0xFE6F)",https://developers.line.biz/en/docs/messaging-api/beacon-device-spec/
messaging-api,messaging-api/beacon-device-spec,LINE Beacon device specification,Advertising packet specification,11,Field,Frame type,https://developers.line.biz/en/docs/messaging-api/beacon-device-spec/
messaging-api,messaging-api/beacon-device-spec,LINE Beacon device specification,Advertising packet specification,11,Value,0x02,https://developers.line.biz/en/docs/messaging-api/beacon-device-spec/
messaging-api,messaging-api/beacon-device-spec,LINE Beacon device specification,Advertising packet specification,11,Description,The frame type (LINE Beacon),https://developers.line.biz/en/docs/messaging-api/beacon-device-spec/
messaging-api,messaging-api/beacon-device-spec,LINE Beacon device specification,Advertising packet specification,12-16,Field,HWID,https://developers.line.biz/en/docs/messaging-api/beacon-device-spec/
messaging-api,messaging-api/beacon-device-spec,LINE Beacon device specification,Advertising packet specification,12-16,Value,Device-specific value,https://developers.line.biz/en/docs/messaging-api/beacon-device-spec/
messaging-api,messaging-api/beacon-device-spec,LINE Beacon device specification,Advertising packet specification,12-16,Description,"A 5-byte unique ID of the beacon device. For more information, see HWID.",https://developers.line.biz/en/docs/messaging-api/beacon-device-spec/
messaging-api,messaging-api/beacon-device-spec,LINE Beacon device specification,Advertising packet specification,17,Field,Measured TxPower,https://developers.line.biz/en/docs/messaging-api/beacon-device-spec/
messaging-api,messaging-api/beacon-device-spec,LINE Beacon device specification,Advertising packet specification,17,Value,Device-specific value,https://developers.line.biz/en/docs/messaging-api/beacon-device-spec/
messaging-api,messaging-api/beacon-device-spec,LINE Beacon device specification,Advertising packet specification,18-21,Field,Message authentication code,https://developers.line.biz/en/docs/messaging-api/beacon-device-spec/
messaging-api,messaging-api/beacon-device-spec,LINE Beacon device specification,Advertising packet specification,18-21,Value,Variable,https://developers.line.biz/en/docs/messaging-api/beacon-device-spec/
messaging-api,messaging-api/beacon-device-spec,LINE Beacon device specification,Advertising packet specification,18-21,Description,A 4-byte code for message authentication,https://developers.line.biz/en/docs/messaging-api/beacon-device-spec/
messaging-api,messaging-api/beacon-device-spec,LINE Beacon device specification,Advertising packet specification,22-23,Field,Masked timestamp,https://developers.line.biz/en/docs/messaging-api/beacon-device-spec/
messaging-api,messaging-api/beacon-device-spec,LINE Beacon device specification,Advertising packet specification,22-23,Value,Variable,https://developers.line.biz/en/docs/messaging-api/beacon-device-spec/
messaging-api,messaging-api/beacon-device-spec,LINE Beacon device specification,Advertising packet specification,22-23,Description,A 2-byte masked timestamp,https://developers.line.biz/en/docs/messaging-api/beacon-device-spec/
messaging-api,messaging-api/beacon-device-spec,LINE Beacon device specification,Advertising packet specification,24,Field,Battery level,https://developers.line.biz/en/docs/messaging-api/beacon-device-spec/
messaging-api,messaging-api/beacon-device-spec,LINE Beacon device specification,Advertising packet specification,24,Value,Variable,https://developers.line.biz/en/docs/messaging-api/beacon-device-spec/
messaging-api,messaging-api/beacon-device-spec,LINE Beacon device specification,Advertising packet specification,24,Description,Remaining battery level,https://developers.line.biz/en/docs/messaging-api/beacon-device-spec/
messaging-api,messaging-api/beacon-device-spec,LINE Beacon device specification,Advertising packet specification,25-30,Field,Non-significant part,https://developers.line.biz/en/docs/messaging-api/beacon-device-spec/
messaging-api,messaging-api/beacon-device-spec,LINE Beacon device specification,Advertising packet specification,25-30,Value,0x00,https://developers.line.biz/en/docs/messaging-api/beacon-device-spec/
messaging-api,messaging-api/beacon-device-spec,LINE Beacon device specification,Advertising packet specification,25-30,Description,Unused. Set each byte to 0x00.,https://developers.line.biz/en/docs/messaging-api/beacon-device-spec/
messaging-api,messaging-api/beacon-device-spec,LINE Beacon device specification,Battery level,0,Hexadecimal value,0x00,https://developers.line.biz/en/docs/messaging-api/beacon-device-spec/
messaging-api,messaging-api/beacon-device-spec,LINE Beacon device specification,Battery level,0,Description,Unknown or connected to an external power supply.,https://developers.line.biz/en/docs/messaging-api/beacon-device-spec/
messaging-api,messaging-api/beacon-device-spec,LINE Beacon device specification,Battery level,1,Hexadecimal value,0x01,https://developers.line.biz/en/docs/messaging-api/beacon-device-spec/
messaging-api,messaging-api/beacon-device-spec,LINE Beacon device specification,Battery level,1,Description,0% left. The battery is fully discharged.,https://developers.line.biz/en/docs/messaging-api/beacon-device-spec/
messaging-api,messaging-api/beacon-device-spec,LINE Beacon device specification,Battery level,2,Hexadecimal value,0x02,https://developers.line.biz/en/docs/messaging-api/beacon-device-spec/
messaging-api,messaging-api/beacon-device-spec,LINE Beacon device specification,Battery level,2,Description,10% left,https://developers.line.biz/en/docs/messaging-api/beacon-device-spec/
messaging-api,messaging-api/beacon-device-spec,LINE Beacon device specification,Battery level,…,Hexadecimal value,…,https://developers.line.biz/en/docs/messaging-api/beacon-device-spec/
messaging-api,messaging-api/beacon-device-spec,LINE Beacon device specification,Battery level,…,Description,…,https://developers.line.biz/en/docs/messaging-api/beacon-device-spec/
messaging-api,messaging-api/beacon-device-spec,LINE Beacon device specification,Battery level,10,Hexadecimal value,0x0A,https://developers.line.biz/en/docs/messaging-api/beacon-device-spec/
messaging-api,messaging-api/beacon-device-spec,LINE Beacon device specification,Battery level,10,Description,90% left,https://developers.line.biz/en/docs/messaging-api/beacon-device-spec/
messaging-api,messaging-api/beacon-device-spec,LINE Beacon device specification,Battery level,11,Hexadecimal value,0x0B,https://developers.line.biz/en/docs/messaging-api/beacon-device-spec/
messaging-api,messaging-api/beacon-device-spec,LINE Beacon device specification,Battery level,11,Description,100%. The battery is fully charged.,https://developers.line.biz/en/docs/messaging-api/beacon-device-spec/
messaging-api,messaging-api/beacon-device-spec,LINE Beacon device specification,Battery level,12–255,Hexadecimal value,0x0C–0xFF,https://developers.line.biz/en/docs/messaging-api/beacon-device-spec/
messaging-api,messaging-api/beacon-device-spec,LINE Beacon device specification,Battery level,12–255,Description,Reserved for future use. Don't use.,https://developers.line.biz/en/docs/messaging-api/beacon-device-spec/
messaging-api,messaging-api/beacon-device-spec,LINE Beacon device specification,iBeacon packets,UUID,Value,D0D2CE24-9EFC-11E5-82C4-1C6A7A17EF38,https://developers.line.biz/en/docs/messaging-api/beacon-device-spec/
messaging-api,messaging-api/beacon-device-spec,LINE Beacon device specification,iBeacon packets,Major,Value,0x4C49,https://developers.line.biz/en/docs/messaging-api/beacon-device-spec/
messaging-api,messaging-api/beacon-device-spec,LINE Beacon device specification,iBeacon packets,Minor,Value,0x4E45,https://developers.line.biz/en/docs/messaging-api/beacon-device-spec/
messaging-api,messaging-api/check-webhook-error-statistics,Check webhook error causes and statistics,Enable error statistics,Date,Description,Date when the error occurred.,https://developers.line.biz/en/docs/messaging-api/check-webhook-error-statistics/
messaging-api,messaging-api/check-webhook-error-statistics,Check webhook error causes and statistics,Enable error statistics,Start,Description,Time when the LINE Platform detected the error for the first time.,https://developers.line.biz/en/docs/messaging-api/check-webhook-error-statistics/
messaging-api,messaging-api/check-webhook-error-statistics,Check webhook error causes and statistics,Enable error statistics,End,Description,Time when the LINE Platform last detected the error.,https://developers.line.biz/en/docs/messaging-api/check-webhook-error-statistics/
messaging-api,messaging-api/check-webhook-error-statistics,Check webhook error causes and statistics,Enable error statistics,Reason,Description,"Reason for the error. For more information, see Check the reason for errors.",https://developers.line.biz/en/docs/messaging-api/check-webhook-error-statistics/
messaging-api,messaging-api/check-webhook-error-statistics,Check webhook error causes and statistics,Enable error statistics,Detail,Description,"Details for each error reason. For more information, see Check the detail for errors.",https://developers.line.biz/en/docs/messaging-api/check-webhook-error-statistics/
messaging-api,messaging-api/check-webhook-error-statistics,Check webhook error causes and statistics,Enable error statistics,Errors,Description,Number of errors with the same HTTP status code that occurred within 60 seconds. Errors without an HTTP status code are grouped and counted as the same error.,https://developers.line.biz/en/docs/messaging-api/check-webhook-error-statistics/
messaging-api,messaging-api/check-webhook-error-statistics,Check webhook error causes and statistics,Check the reason for errors,could_not_connect,Summary,"The LINE Platform tried to send a webhook to the bot server, but couldn't successfully connect to the bot server. For more information, see The reason is could_not_connect section.",https://developers.line.biz/en/docs/messaging-api/check-webhook-error-statistics/
messaging-api,messaging-api/check-webhook-error-statistics,Check webhook error causes and statistics,Check the reason for errors,request_timeout,Summary,"The LINE Platform sent a webhook to the bot server, but the bot server didn't return a response within 2 seconds. For more information, see The reason is request_timeout section.",https://developers.line.biz/en/docs/messaging-api/check-webhook-error-statistics/
messaging-api,messaging-api/check-webhook-error-statistics,Check webhook error causes and statistics,Check the reason for errors,unclassified,Summary,"An unknown error occurred that can't be categorized above. For more information, see The reason is unclassified section.",https://developers.line.biz/en/docs/messaging-api/check-webhook-error-statistics/
messaging-api,messaging-api/check-webhook-error-statistics,Check webhook error causes and statistics,The reason is `could_not_connect`,Connection failed,Summary,Failed to connect to bot server.,https://developers.line.biz/en/docs/messaging-api/check-webhook-error-statistics/
messaging-api,messaging-api/check-webhook-error-statistics,Check webhook error causes and statistics,The reason is `could_not_connect`,Connection failed (received GOAWAY),Summary,Connection refused when connecting to bot server.,https://developers.line.biz/en/docs/messaging-api/check-webhook-error-statistics/
messaging-api,messaging-api/check-webhook-error-statistics,Check webhook error causes and statistics,The reason is `could_not_connect`,Connection failed (session closed),Summary,Connection to the bot server was unexpectedly terminated.,https://developers.line.biz/en/docs/messaging-api/check-webhook-error-statistics/
messaging-api,messaging-api/check-webhook-error-statistics,Check webhook error causes and statistics,The reason is `could_not_connect`,Connection timeout,Summary,Connection to the bot server didn't complete within a certain period of time.,https://developers.line.biz/en/docs/messaging-api/check-webhook-error-statistics/
messaging-api,messaging-api/check-webhook-error-statistics,Check webhook error causes and statistics,The reason is `could_not_connect`,DNS Query timeout,Summary,"Webhook URL name resolution was performed, but name resolution couldn't be completed within a certain period of time.",https://developers.line.biz/en/docs/messaging-api/check-webhook-error-statistics/
messaging-api,messaging-api/check-webhook-error-statistics,Check webhook error causes and statistics,The reason is `could_not_connect`,Invalid URL syntax,Summary,"An invalid webhook URL is specified (e.g., RFC violation).",https://developers.line.biz/en/docs/messaging-api/check-webhook-error-statistics/
messaging-api,messaging-api/check-webhook-error-statistics,Check webhook error causes and statistics,The reason is `could_not_connect`,Session protocol negotiation failure,Summary,"Connected to bot server, but protocol negotiation failed.",https://developers.line.biz/en/docs/messaging-api/check-webhook-error-statistics/
messaging-api,messaging-api/check-webhook-error-statistics,Check webhook error causes and statistics,The reason is `could_not_connect`,No SSL/TLS record,Summary,The bot server response isn't SSL/TLS encrypted.,https://developers.line.biz/en/docs/messaging-api/check-webhook-error-statistics/
messaging-api,messaging-api/check-webhook-error-statistics,Check webhook error causes and statistics,The reason is `could_not_connect`,TLS handshake failure,Summary,"Connected to bot server, but TLS handshake failed. Check if the bot server supports SSL/TLS specification of the webhook source.",https://developers.line.biz/en/docs/messaging-api/check-webhook-error-statistics/
messaging-api,messaging-api/check-webhook-error-statistics,Check webhook error causes and statistics,The reason is `could_not_connect`,Unknown host,Summary,The host specified in the Webhook URL couldn't be found.,https://developers.line.biz/en/docs/messaging-api/check-webhook-error-statistics/
messaging-api,messaging-api/check-webhook-error-statistics,Check webhook error causes and statistics,The reason is `request_timeout`,Request timeout,Summary,"Webhook was sent to the bot server, but no response was returned within a certain period of time.",https://developers.line.biz/en/docs/messaging-api/check-webhook-error-statistics/
messaging-api,messaging-api/check-webhook-error-statistics,Check webhook error causes and statistics,The reason is `unclassified`,Session closed unexpectedly,Summary,"A webhook was sent to the bot server, but the connection was unexpectedly closed.",https://developers.line.biz/en/docs/messaging-api/check-webhook-error-statistics/
messaging-api,messaging-api/check-webhook-error-statistics,Check webhook error causes and statistics,The reason is `unclassified`,Stream closed unexpectedly,Summary,"A webhook was sent to the bot server, but the stream was unexpectedly closed.",https://developers.line.biz/en/docs/messaging-api/check-webhook-error-statistics/
messaging-api,messaging-api/check-webhook-error-statistics,Check webhook error causes and statistics,The reason is `unclassified`,Unclassified webhook dispatch error,Summary,An unclassifiable and unexpected error occurred.,https://developers.line.biz/en/docs/messaging-api/check-webhook-error-statistics/
messaging-api,messaging-api/create-flex-message-including-video,Create a Flex Message including a video,Playback in a chat room,On mobile & Wi-Fi,Video playback,Video playback starts automatically,https://developers.line.biz/en/docs/messaging-api/create-flex-message-including-video/
messaging-api,messaging-api/create-flex-message-including-video,Create a Flex Message including a video,Playback in a chat room,On Wi-Fi only,Video playback,Video playback starts automatically only on Wi-Fi,https://developers.line.biz/en/docs/messaging-api/create-flex-message-including-video/
messaging-api,messaging-api/create-flex-message-including-video,Create a Flex Message including a video,Playback in a chat room,Never,Video playback,Video playback never starts automatically,https://developers.line.biz/en/docs/messaging-api/create-flex-message-including-video/
messaging-api,messaging-api/development-guidelines,Messaging API development guidelines,Save logs for Messaging API requests,8e36bade-c5d6-4d00-9e69-72244675a9a1,Time of API request,"Mon, 05 Jul 2021 08:14:35 GMT",https://developers.line.biz/en/docs/messaging-api/development-guidelines/
messaging-api,messaging-api/development-guidelines,Messaging API development guidelines,Save logs for Messaging API requests,8e36bade-c5d6-4d00-9e69-72244675a9a1,HTTP method,POST,https://developers.line.biz/en/docs/messaging-api/development-guidelines/
messaging-api,messaging-api/development-guidelines,Messaging API development guidelines,Save logs for Messaging API requests,8e36bade-c5d6-4d00-9e69-72244675a9a1,API endpoint,https://api.line.me/v2/bot/message/push,https://developers.line.biz/en/docs/messaging-api/development-guidelines/
messaging-api,messaging-api/development-guidelines,Messaging API development guidelines,Save logs for Messaging API requests,8e36bade-c5d6-4d00-9e69-72244675a9a1,Status code,200,https://developers.line.biz/en/docs/messaging-api/development-guidelines/
messaging-api,messaging-api/development-guidelines,Messaging API development guidelines,Save logs for webhooks received,203.0.113.1,Time webhook was received,"Mon, 05 Jul 2021 08:10:00 GMT",https://developers.line.biz/en/docs/messaging-api/development-guidelines/
messaging-api,messaging-api/development-guidelines,Messaging API development guidelines,Save logs for webhooks received,203.0.113.1,HTTP method,POST,https://developers.line.biz/en/docs/messaging-api/development-guidelines/
messaging-api,messaging-api/development-guidelines,Messaging API development guidelines,Save logs for webhooks received,203.0.113.1,Request path,/linebot/webhook,https://developers.line.biz/en/docs/messaging-api/development-guidelines/
messaging-api,messaging-api/development-guidelines,Messaging API development guidelines,Save logs for webhooks received,203.0.113.1,Status code,200,https://developers.line.biz/en/docs/messaging-api/development-guidelines/
messaging-api,messaging-api/download-bot-designer,Download LINE Bot Designer,Bot Designer for macOS,1.3.4,Download,LINE Bot Designer-1.3.4.dmg,https://developers.line.biz/en/docs/messaging-api/download-bot-designer/
messaging-api,messaging-api/download-bot-designer,Download LINE Bot Designer,Bot Designer for macOS,1.3.4,Release date,2020-09-16,https://developers.line.biz/en/docs/messaging-api/download-bot-designer/
messaging-api,messaging-api/download-bot-designer,Download LINE Bot Designer,Bot Designer for Windows,1.3.4,Download,LINE Bot Designer Setup 1.3.4.exe,https://developers.line.biz/en/docs/messaging-api/download-bot-designer/
messaging-api,messaging-api/download-bot-designer,Download LINE Bot Designer,Bot Designer for Windows,1.3.4,Release date,2020-09-16,https://developers.line.biz/en/docs/messaging-api/download-bot-designer/
messaging-api,messaging-api/emoji-list,LINE emoji,,LINE emoji,Object type,Text message,https://developers.line.biz/en/docs/messaging-api/emoji-list/
messaging-api,messaging-api/emoji-list,LINE emoji,,LINE emoji,How to use,Specify the emoji's product ID and emoji ID in the emojis property.,https://developers.line.biz/en/docs/messaging-api/emoji-list/
messaging-api,messaging-api/emoji-list,LINE emoji,,LINE emoji,Object type,Text message (v2),https://developers.line.biz/en/docs/messaging-api/emoji-list/
messaging-api,messaging-api/emoji-list,LINE emoji,,LINE emoji,How to use,Specify the emoji's product ID and emoji ID in the emoji object.,https://developers.line.biz/en/docs/messaging-api/emoji-list/
messaging-api,messaging-api/emoji-list,LINE emoji,,Unicode emoji,Object type,- Text message- Text message (v2),https://developers.line.biz/en/docs/messaging-api/emoji-list/
messaging-api,messaging-api/emoji-list,LINE emoji,,Unicode emoji,How to use,Enter emoji as they are or enter Unicode code points in the text property.,https://developers.line.biz/en/docs/messaging-api/emoji-list/
messaging-api,messaging-api/flex-message-elements,Flex Message elements,Container,Bubble,Description,A container that displays a single message bubble,https://developers.line.biz/en/docs/messaging-api/flex-message-elements/
messaging-api,messaging-api/flex-message-elements,Flex Message elements,Container,Carousel,Description,"A container that displays multiple message bubbles, laid out side by side",https://developers.line.biz/en/docs/messaging-api/flex-message-elements/
messaging-api,messaging-api/flex-message-elements,Flex Message elements,Block,Header,Description,Block that displays the message subject or header,https://developers.line.biz/en/docs/messaging-api/flex-message-elements/
messaging-api,messaging-api/flex-message-elements,Flex Message elements,Block,Hero,Description,Block that displays the main image,https://developers.line.biz/en/docs/messaging-api/flex-message-elements/
messaging-api,messaging-api/flex-message-elements,Flex Message elements,Block,Body,Description,Block that displays the main message,https://developers.line.biz/en/docs/messaging-api/flex-message-elements/
messaging-api,messaging-api/flex-message-elements,Flex Message elements,Block,Footer,Description,Block that displays buttons and supplementary information,https://developers.line.biz/en/docs/messaging-api/flex-message-elements/
messaging-api,messaging-api/flex-message-elements,Flex Message elements,Component,Box,Description,This component defines a horizontal or vertical layout orientation and holds components together.,https://developers.line.biz/en/docs/messaging-api/flex-message-elements/
messaging-api,messaging-api/flex-message-elements,Flex Message elements,Component,Button,Description,"This component renders a button. When the user taps a button, a specified action is performed.",https://developers.line.biz/en/docs/messaging-api/flex-message-elements/
messaging-api,messaging-api/flex-message-elements,Flex Message elements,Component,Image,Description,This component renders an image.,https://developers.line.biz/en/docs/messaging-api/flex-message-elements/
messaging-api,messaging-api/flex-message-elements,Flex Message elements,Component,Video,Description,This component renders a video.,https://developers.line.biz/en/docs/messaging-api/flex-message-elements/
messaging-api,messaging-api/flex-message-elements,Flex Message elements,Component,Icon,Description,This component renders an icon.,https://developers.line.biz/en/docs/messaging-api/flex-message-elements/
messaging-api,messaging-api/flex-message-elements,Flex Message elements,Component,Text,Description,"This component renders a text string. You can specify the font color, size, and weight.",https://developers.line.biz/en/docs/messaging-api/flex-message-elements/
messaging-api,messaging-api/flex-message-elements,Flex Message elements,Component,Span,Description,"This component renders multiple text strings in different styles. You can specify the font color, size, weight, and decoration.",https://developers.line.biz/en/docs/messaging-api/flex-message-elements/
messaging-api,messaging-api/flex-message-elements,Flex Message elements,Component,Separator,Description,This component renders a separating line.,https://developers.line.biz/en/docs/messaging-api/flex-message-elements/
messaging-api,messaging-api/flex-message-elements,Flex Message elements,Component,Filler (deprecated),Description,This component renders an empty space.,https://developers.line.biz/en/docs/messaging-api/flex-message-elements/
messaging-api,messaging-api/flex-message-layout,Flex Message layout,Box component orientation,Horizontal box,layout property,horizontal,https://developers.line.biz/en/docs/messaging-api/flex-message-layout/
messaging-api,messaging-api/flex-message-layout,Flex Message layout,Box component orientation,Horizontal box,Main axis,Horizontal,https://developers.line.biz/en/docs/messaging-api/flex-message-layout/
messaging-api,messaging-api/flex-message-layout,Flex Message layout,Box component orientation,Horizontal box,Cross axis,Vertical,https://developers.line.biz/en/docs/messaging-api/flex-message-layout/
messaging-api,messaging-api/flex-message-layout,Flex Message layout,Box component orientation,Horizontal box,Child components placed,Horizontally,https://developers.line.biz/en/docs/messaging-api/flex-message-layout/
messaging-api,messaging-api/flex-message-layout,Flex Message layout,Box component orientation,Vertical box,layout property,vertical,https://developers.line.biz/en/docs/messaging-api/flex-message-layout/
messaging-api,messaging-api/flex-message-layout,Flex Message layout,Box component orientation,Vertical box,Main axis,Vertical,https://developers.line.biz/en/docs/messaging-api/flex-message-layout/
messaging-api,messaging-api/flex-message-layout,Flex Message layout,Box component orientation,Vertical box,Cross axis,Horizontal,https://developers.line.biz/en/docs/messaging-api/flex-message-layout/
messaging-api,messaging-api/flex-message-layout,Flex Message layout,Box component orientation,Vertical box,Child components placed,Vertically,https://developers.line.biz/en/docs/messaging-api/flex-message-layout/
messaging-api,messaging-api/flex-message-layout,Flex Message layout,Box component orientation,Baseline box,layout property,baseline,https://developers.line.biz/en/docs/messaging-api/flex-message-layout/
messaging-api,messaging-api/flex-message-layout,Flex Message layout,Box component orientation,Baseline box,Main axis,Horizontal,https://developers.line.biz/en/docs/messaging-api/flex-message-layout/
messaging-api,messaging-api/flex-message-layout,Flex Message layout,Box component orientation,Baseline box,Cross axis,Vertical,https://developers.line.biz/en/docs/messaging-api/flex-message-layout/
messaging-api,messaging-api/flex-message-layout,Flex Message layout,Box component orientation,Baseline box,Child components placed,"Horizontally For more information, see Child components in baseline boxes.",https://developers.line.biz/en/docs/messaging-api/flex-message-layout/
messaging-api,messaging-api/flex-message-layout,Flex Message layout,Available child components,Box,Baseline box,❌,https://developers.line.biz/en/docs/messaging-api/flex-message-layout/
messaging-api,messaging-api/flex-message-layout,Flex Message layout,Available child components,Box,Horizontal box Vertical box,✅,https://developers.line.biz/en/docs/messaging-api/flex-message-layout/
messaging-api,messaging-api/flex-message-layout,Flex Message layout,Available child components,Button,Baseline box,❌,https://developers.line.biz/en/docs/messaging-api/flex-message-layout/
messaging-api,messaging-api/flex-message-layout,Flex Message layout,Available child components,Button,Horizontal box Vertical box,✅,https://developers.line.biz/en/docs/messaging-api/flex-message-layout/
messaging-api,messaging-api/flex-message-layout,Flex Message layout,Available child components,Image,Baseline box,❌,https://developers.line.biz/en/docs/messaging-api/flex-message-layout/
messaging-api,messaging-api/flex-message-layout,Flex Message layout,Available child components,Image,Horizontal box Vertical box,✅,https://developers.line.biz/en/docs/messaging-api/flex-message-layout/
messaging-api,messaging-api/flex-message-layout,Flex Message layout,Available child components,Icon,Baseline box,✅,https://developers.line.biz/en/docs/messaging-api/flex-message-layout/
messaging-api,messaging-api/flex-message-layout,Flex Message layout,Available child components,Icon,Horizontal box Vertical box,❌,https://developers.line.biz/en/docs/messaging-api/flex-message-layout/
messaging-api,messaging-api/flex-message-layout,Flex Message layout,Available child components,Text,Baseline box,✅,https://developers.line.biz/en/docs/messaging-api/flex-message-layout/
messaging-api,messaging-api/flex-message-layout,Flex Message layout,Available child components,Text,Horizontal box Vertical box,✅,https://developers.line.biz/en/docs/messaging-api/flex-message-layout/
messaging-api,messaging-api/flex-message-layout,Flex Message layout,Available child components,Span (Using as a child of a text component is okay),Baseline box,❌,https://developers.line.biz/en/docs/messaging-api/flex-message-layout/
messaging-api,messaging-api/flex-message-layout,Flex Message layout,Available child components,Span (Using as a child of a text component is okay),Horizontal box Vertical box,❌,https://developers.line.biz/en/docs/messaging-api/flex-message-layout/
messaging-api,messaging-api/flex-message-layout,Flex Message layout,Available child components,Separator,Baseline box,❌,https://developers.line.biz/en/docs/messaging-api/flex-message-layout/
messaging-api,messaging-api/flex-message-layout,Flex Message layout,Available child components,Separator,Horizontal box Vertical box,✅,https://developers.line.biz/en/docs/messaging-api/flex-message-layout/
messaging-api,messaging-api/flex-message-layout,Flex Message layout,Available child components,Filler (deprecated),Baseline box,✅,https://developers.line.biz/en/docs/messaging-api/flex-message-layout/
messaging-api,messaging-api/flex-message-layout,Flex Message layout,Available child components,Filler (deprecated),Horizontal box Vertical box,✅,https://developers.line.biz/en/docs/messaging-api/flex-message-layout/
messaging-api,messaging-api/flex-message-layout,Flex Message layout,Width allocation in a horizontal box,0,Corresponding CSS flexbox style,flex: 0 0 auto;,https://developers.line.biz/en/docs/messaging-api/flex-message-layout/
messaging-api,messaging-api/flex-message-layout,Flex Message layout,Width allocation in a horizontal box,0 or greater,Corresponding CSS flexbox style,flex: X 0 0; (where X is the value of the child component's flex),https://developers.line.biz/en/docs/messaging-api/flex-message-layout/
messaging-api,messaging-api/flex-message-layout,Flex Message layout,Height allocation in a vertical box,0,Corresponding CSS flexbox style,flex: 0 0 auto;,https://developers.line.biz/en/docs/messaging-api/flex-message-layout/
messaging-api,messaging-api/flex-message-layout,Flex Message layout,Height allocation in a vertical box,0 or greater,Corresponding CSS flexbox style,flex: X 0 auto; (where X is the value of the child component's flex),https://developers.line.biz/en/docs/messaging-api/flex-message-layout/
messaging-api,messaging-api/flex-message-layout,Flex Message layout,Image size,Percentage,Accepted values,"Percentage to the original image's width, expressed as a positive integer or decimal number suffixed with %.",https://developers.line.biz/en/docs/messaging-api/flex-message-layout/
messaging-api,messaging-api/flex-message-layout,Flex Message layout,Image size,Percentage,Examples,50% 23.5%,https://developers.line.biz/en/docs/messaging-api/flex-message-layout/
messaging-api,messaging-api/flex-message-layout,Flex Message layout,Image size,Pixels,Accepted values,Positive integer or decimal number suffixed with px.,https://developers.line.biz/en/docs/messaging-api/flex-message-layout/
messaging-api,messaging-api/flex-message-layout,Flex Message layout,Image size,Pixels,Examples,50px 23.5px,https://developers.line.biz/en/docs/messaging-api/flex-message-layout/
messaging-api,messaging-api/flex-message-layout,Flex Message layout,Image size,Keywords,Accepted values,"Any of these values, listed in order of increasing size: xxs, xs, sm, md, lg, xl, xxl, 3xl, 4xl, 5xl, full",https://developers.line.biz/en/docs/messaging-api/flex-message-layout/
messaging-api,messaging-api/flex-message-layout,Flex Message layout,Image size,Keywords,Examples,md (Default),https://developers.line.biz/en/docs/messaging-api/flex-message-layout/
messaging-api,messaging-api/flex-message-layout,Flex Message layout,"Icon, text, and span size",Pixels,Accepted values,Positive integer or decimal number suffixed with px.,https://developers.line.biz/en/docs/messaging-api/flex-message-layout/
messaging-api,messaging-api/flex-message-layout,Flex Message layout,"Icon, text, and span size",Pixels,Examples,50px 23.5px,https://developers.line.biz/en/docs/messaging-api/flex-message-layout/
messaging-api,messaging-api/flex-message-layout,Flex Message layout,"Icon, text, and span size",Keywords,Accepted values,"Any of these values, listed in order of increasing size: xxs, xs, sm, md, lg, xl, xxl, 3xl, 4xl, 5xl",https://developers.line.biz/en/docs/messaging-api/flex-message-layout/
messaging-api,messaging-api/flex-message-layout,Flex Message layout,"Icon, text, and span size",Keywords,Examples,md (Default),https://developers.line.biz/en/docs/messaging-api/flex-message-layout/
messaging-api,messaging-api/flex-message-layout,Flex Message layout,Position child component with box padding,Percentage,Accepted values,"Percentage to the parent box's width, with a positive integer or decimal number suffixed with %.",https://developers.line.biz/en/docs/messaging-api/flex-message-layout/
messaging-api,messaging-api/flex-message-layout,Flex Message layout,Position child component with box padding,Percentage,Examples,50% 23.5%,https://developers.line.biz/en/docs/messaging-api/flex-message-layout/
messaging-api,messaging-api/flex-message-layout,Flex Message layout,Position child component with box padding,Pixels,Accepted values,Positive integer or decimal number suffixed with px.,https://developers.line.biz/en/docs/messaging-api/flex-message-layout/
messaging-api,messaging-api/flex-message-layout,Flex Message layout,Position child component with box padding,Pixels,Examples,50px 23.5px,https://developers.line.biz/en/docs/messaging-api/flex-message-layout/
messaging-api,messaging-api/flex-message-layout,Flex Message layout,Position child component with box padding,Keywords,Accepted values,"Any of these values, listed in order of increasing size: none (no padding), xs, sm, md, lg, xl, xxl",https://developers.line.biz/en/docs/messaging-api/flex-message-layout/
messaging-api,messaging-api/flex-message-layout,Flex Message layout,Position child component with box padding,Keywords,Examples,md (Default),https://developers.line.biz/en/docs/messaging-api/flex-message-layout/
messaging-api,messaging-api/flex-message-layout,Flex Message layout,Distribute child components on main axis,flex-start,Child component distribution,Horizontal box: Grouped at where the text begins in the parent component Vertical box: Grouped toward the top of the parent component,https://developers.line.biz/en/docs/messaging-api/flex-message-layout/
messaging-api,messaging-api/flex-message-layout,Flex Message layout,Distribute child components on main axis,center,Child component distribution,Grouped at the center of the parent component,https://developers.line.biz/en/docs/messaging-api/flex-message-layout/
messaging-api,messaging-api/flex-message-layout,Flex Message layout,Distribute child components on main axis,flex-end,Child component distribution,Horizontal box: Grouped at where the text ends in the parent component Vertical box: Grouped toward the bottom of the parent component,https://developers.line.biz/en/docs/messaging-api/flex-message-layout/
messaging-api,messaging-api/flex-message-layout,Flex Message layout,Distribute child components on main axis,space-between,Child component distribution,"Evenly distributed in the parent component, with the first and last child components at each edge of the parent component. The gap between child components are even.",https://developers.line.biz/en/docs/messaging-api/flex-message-layout/
messaging-api,messaging-api/flex-message-layout,Flex Message layout,Distribute child components on main axis,space-evenly,Child component distribution,Evenly distributed in the parent box. Remaining space in the parent component is evenly distributed between both sides of each child component.,https://developers.line.biz/en/docs/messaging-api/flex-message-layout/
messaging-api,messaging-api/flex-message-layout,Flex Message layout,Arranging child components along the cross axis with the `alignItems` property,flex-start,Child component distribution,Horizontal box: Aligned at the top of the parent component Vertical box: Grouped at where text begins in the parent component,https://developers.line.biz/en/docs/messaging-api/flex-message-layout/
messaging-api,messaging-api/flex-message-layout,Flex Message layout,Arranging child components along the cross axis with the `alignItems` property,center,Child component distribution,Located at the middle of the parent component,https://developers.line.biz/en/docs/messaging-api/flex-message-layout/
messaging-api,messaging-api/flex-message-layout,Flex Message layout,Arranging child components along the cross axis with the `alignItems` property,flex-end,Child component distribution,Horizontal box: Grouped at the bottom of the parent component. Vertical box: Grouped at where text ends in the parent component,https://developers.line.biz/en/docs/messaging-api/flex-message-layout/
messaging-api,messaging-api/flex-message-layout,Flex Message layout,`spacing` property for boxes,Pixels,Accepted values,Positive integer or decimal number suffixed with px.,https://developers.line.biz/en/docs/messaging-api/flex-message-layout/
messaging-api,messaging-api/flex-message-layout,Flex Message layout,`spacing` property for boxes,Pixels,Examples,50px 23.5px,https://developers.line.biz/en/docs/messaging-api/flex-message-layout/
messaging-api,messaging-api/flex-message-layout,Flex Message layout,`spacing` property for boxes,Keywords,Accepted values,"Any of these values, listed in order of increasing size: none (no space), xs, sm, md, lg, xl, xxl",https://developers.line.biz/en/docs/messaging-api/flex-message-layout/
messaging-api,messaging-api/flex-message-layout,Flex Message layout,`spacing` property for boxes,Keywords,Examples,md,https://developers.line.biz/en/docs/messaging-api/flex-message-layout/
messaging-api,messaging-api/flex-message-layout,Flex Message layout,`margin` property of components,Pixels,Accepted values,Positive integer or decimal number suffixed with px.,https://developers.line.biz/en/docs/messaging-api/flex-message-layout/
messaging-api,messaging-api/flex-message-layout,Flex Message layout,`margin` property of components,Pixels,Examples,50px 23.5px,https://developers.line.biz/en/docs/messaging-api/flex-message-layout/
messaging-api,messaging-api/flex-message-layout,Flex Message layout,`margin` property of components,Keywords,Accepted values,"Any of these values, listed in order of increasing size: none (no margin), xs, sm, md, lg, xl, xxl",https://developers.line.biz/en/docs/messaging-api/flex-message-layout/
messaging-api,messaging-api/flex-message-layout,Flex Message layout,`margin` property of components,Keywords,Examples,md,https://developers.line.biz/en/docs/messaging-api/flex-message-layout/
messaging-api,messaging-api/flex-message-layout,Flex Message layout,Offset when position is relative,offsetTop,Description,Shifts the component down from the top edge of the component's original position.,https://developers.line.biz/en/docs/messaging-api/flex-message-layout/
messaging-api,messaging-api/flex-message-layout,Flex Message layout,Offset when position is relative,offsetBottom,Description,Shifts the component up from the bottom edge of the component's original position.,https://developers.line.biz/en/docs/messaging-api/flex-message-layout/
messaging-api,messaging-api/flex-message-layout,Flex Message layout,Offset when position is relative,offsetStart,Description,"Shifts the component away from the where the text starts. If the bubble's text direction is LTR, shift is to the right. If RTL, shift is to the left.",https://developers.line.biz/en/docs/messaging-api/flex-message-layout/
messaging-api,messaging-api/flex-message-layout,Flex Message layout,Offset when position is relative,offsetEnd,Description,"Away from the where the text ends. If the bubble's text direction is LTR, shift is to the left. If RTL, shift is to the right.",https://developers.line.biz/en/docs/messaging-api/flex-message-layout/
messaging-api,messaging-api/flex-message-layout,Flex Message layout,Offset when position is relative,position,Value,relative,https://developers.line.biz/en/docs/messaging-api/flex-message-layout/
messaging-api,messaging-api/flex-message-layout,Flex Message layout,Offset when position is relative,offsetTop,Value,10px,https://developers.line.biz/en/docs/messaging-api/flex-message-layout/
messaging-api,messaging-api/flex-message-layout,Flex Message layout,Offset when position is relative,offsetStart,Value,40px,https://developers.line.biz/en/docs/messaging-api/flex-message-layout/
messaging-api,messaging-api/flex-message-layout,Flex Message layout,Offset when position is absolute,position,Value,absolute,https://developers.line.biz/en/docs/messaging-api/flex-message-layout/
messaging-api,messaging-api/flex-message-layout,Flex Message layout,Offset when position is absolute,offsetTop,Value,10px,https://developers.line.biz/en/docs/messaging-api/flex-message-layout/
messaging-api,messaging-api/flex-message-layout,Flex Message layout,Offset when position is absolute,offsetBottom,Value,20px,https://developers.line.biz/en/docs/messaging-api/flex-message-layout/
messaging-api,messaging-api/flex-message-layout,Flex Message layout,Offset when position is absolute,offsetStart,Value,40px,https://developers.line.biz/en/docs/messaging-api/flex-message-layout/
messaging-api,messaging-api/flex-message-layout,Flex Message layout,Offset when position is absolute,offsetEnd,Value,80px,https://developers.line.biz/en/docs/messaging-api/flex-message-layout/
messaging-api,messaging-api/generate-json-web-token,Issue channel access token v2.1,Assertion signing key specification,kty,Description,Cryptographic algorithm family used in key. Set to RSA.,https://developers.line.biz/en/docs/messaging-api/generate-json-web-token/
messaging-api,messaging-api/generate-json-web-token,Issue channel access token v2.1,Assertion signing key specification,alg,Description,Algorithm used in the key. Set to RS256.,https://developers.line.biz/en/docs/messaging-api/generate-json-web-token/
messaging-api,messaging-api/generate-json-web-token,Issue channel access token v2.1,Assertion signing key specification,use\*1,Description,Usage of the key. Set to sig.,https://developers.line.biz/en/docs/messaging-api/generate-json-web-token/
messaging-api,messaging-api/generate-json-web-token,Issue channel access token v2.1,Assertion signing key specification,key_ops\*1,Description,"Operation for the key to be used. Set to [""verify""] only.",https://developers.line.biz/en/docs/messaging-api/generate-json-web-token/
messaging-api,messaging-api/generate-json-web-token,Issue channel access token v2.1,Assertion signing key specification,e,Description,Absolute value for restoring public key,https://developers.line.biz/en/docs/messaging-api/generate-json-web-token/
messaging-api,messaging-api/generate-json-web-token,Issue channel access token v2.1,Assertion signing key specification,n,Description,Cryptographic index for restoring public key,https://developers.line.biz/en/docs/messaging-api/generate-json-web-token/
messaging-api,messaging-api/generate-json-web-token,Issue channel access token v2.1,Header,alg,Type,String,https://developers.line.biz/en/docs/messaging-api/generate-json-web-token/
messaging-api,messaging-api/generate-json-web-token,Issue channel access token v2.1,Header,alg,Description,"The algorithm for JWT generation. Set the value to ""RS256""",https://developers.line.biz/en/docs/messaging-api/generate-json-web-token/
messaging-api,messaging-api/generate-json-web-token,Issue channel access token v2.1,Header,typ,Type,String,https://developers.line.biz/en/docs/messaging-api/generate-json-web-token/
messaging-api,messaging-api/generate-json-web-token,Issue channel access token v2.1,Header,typ,Description,"The type of the token. Set the value to ""JWT"".",https://developers.line.biz/en/docs/messaging-api/generate-json-web-token/
messaging-api,messaging-api/generate-json-web-token,Issue channel access token v2.1,Header,kid,Type,String,https://developers.line.biz/en/docs/messaging-api/generate-json-web-token/
messaging-api,messaging-api/generate-json-web-token,Issue channel access token v2.1,Header,kid,Description,The key ID. Set the value to the kid property returned for 2. Register public key and get kid.,https://developers.line.biz/en/docs/messaging-api/generate-json-web-token/
messaging-api,messaging-api/generate-json-web-token,Issue channel access token v2.1,Payload,iss,Type,String,https://developers.line.biz/en/docs/messaging-api/generate-json-web-token/
messaging-api,messaging-api/generate-json-web-token,Issue channel access token v2.1,Payload,iss,Description,Channel ID. You can retrieve your channel ID from the LINE Developers Console. The value of this property and sub must be the same.,https://developers.line.biz/en/docs/messaging-api/generate-json-web-token/
messaging-api,messaging-api/generate-json-web-token,Issue channel access token v2.1,Payload,sub,Type,String,https://developers.line.biz/en/docs/messaging-api/generate-json-web-token/
messaging-api,messaging-api/generate-json-web-token,Issue channel access token v2.1,Payload,sub,Description,Channel ID. You can retrieve your channel ID from the LINE Developers Console. The value of this property and iss must be the same.,https://developers.line.biz/en/docs/messaging-api/generate-json-web-token/
messaging-api,messaging-api/generate-json-web-token,Issue channel access token v2.1,Payload,aud,Type,String,https://developers.line.biz/en/docs/messaging-api/generate-json-web-token/
messaging-api,messaging-api/generate-json-web-token,Issue channel access token v2.1,Payload,aud,Description,Set the value to https://api.line.me/.,https://developers.line.biz/en/docs/messaging-api/generate-json-web-token/
messaging-api,messaging-api/generate-json-web-token,Issue channel access token v2.1,Payload,exp,Type,Number,https://developers.line.biz/en/docs/messaging-api/generate-json-web-token/
messaging-api,messaging-api/generate-json-web-token,Issue channel access token v2.1,Payload,exp,Description,The expiration time of the JWT in UNIX time (in seconds). The maximum lifetime of a JWT assertion is 30 minutes.,https://developers.line.biz/en/docs/messaging-api/generate-json-web-token/
messaging-api,messaging-api/generate-json-web-token,Issue channel access token v2.1,Payload,token_exp,Type,Number,https://developers.line.biz/en/docs/messaging-api/generate-json-web-token/
messaging-api,messaging-api/generate-json-web-token,Issue channel access token v2.1,Payload,token_exp,Description,The channel access token's validity period in seconds. The maximum lifetime of a channel access token is 30 days.,https://developers.line.biz/en/docs/messaging-api/generate-json-web-token/
messaging-api,messaging-api/line-bot-sdk,LINE Messaging API SDKs,Community SDKs and libraries,fireliff-cli,Description,CLI for LIFF,https://developers.line.biz/en/docs/messaging-api/line-bot-sdk/
messaging-api,messaging-api/line-bot-sdk,LINE Messaging API SDKs,Community SDKs and libraries,fireliff-cli,Publisher,intocode,https://developers.line.biz/en/docs/messaging-api/line-bot-sdk/
messaging-api,messaging-api/line-bot-sdk,LINE Messaging API SDKs,Community SDKs and libraries,fireliff-cli,License,MIT,https://developers.line.biz/en/docs/messaging-api/line-bot-sdk/
messaging-api,messaging-api/line-bot-sdk,LINE Messaging API SDKs,Community SDKs and libraries,fireliff-cli,Stars,"{:zoom=""false"" .mb-0-important .w-max-inherit}",https://developers.line.biz/en/docs/messaging-api/line-bot-sdk/
messaging-api,messaging-api/line-bot-sdk,LINE Messaging API SDKs,Community SDKs and libraries,LINEChannelConnector,Description,LINE Channel Connector for BotBuilder,https://developers.line.biz/en/docs/messaging-api/line-bot-sdk/
messaging-api,messaging-api/line-bot-sdk,LINE Messaging API SDKs,Community SDKs and libraries,LINEChannelConnector,Publisher,kenakamu,https://developers.line.biz/en/docs/messaging-api/line-bot-sdk/
messaging-api,messaging-api/line-bot-sdk,LINE Messaging API SDKs,Community SDKs and libraries,LINEChannelConnector,License,MIT,https://developers.line.biz/en/docs/messaging-api/line-bot-sdk/
messaging-api,messaging-api/line-bot-sdk,LINE Messaging API SDKs,Community SDKs and libraries,LINEChannelConnector,Stars,"{:zoom=""false"" .mb-0-important .w-max-inherit}",https://developers.line.biz/en/docs/messaging-api/line-bot-sdk/
messaging-api,messaging-api/line-bot-sdk,LINE Messaging API SDKs,Community SDKs and libraries,line_bot_framework,Language/ Technology,PHP,https://developers.line.biz/en/docs/messaging-api/line-bot-sdk/
messaging-api,messaging-api/line-bot-sdk,LINE Messaging API SDKs,Community SDKs and libraries,line_bot_framework,Description,Framework for bot development,https://developers.line.biz/en/docs/messaging-api/line-bot-sdk/
messaging-api,messaging-api/line-bot-sdk,LINE Messaging API SDKs,Community SDKs and libraries,line_bot_framework,Publisher,shidec,https://developers.line.biz/en/docs/messaging-api/line-bot-sdk/
messaging-api,messaging-api/line-bot-sdk,LINE Messaging API SDKs,Community SDKs and libraries,line_bot_framework,License,MIT,https://developers.line.biz/en/docs/messaging-api/line-bot-sdk/
messaging-api,messaging-api/line-bot-sdk,LINE Messaging API SDKs,Community SDKs and libraries,line_bot_framework,Stars,"{:zoom=""false"" .mb-0-important .w-max-inherit}",https://developers.line.biz/en/docs/messaging-api/line-bot-sdk/
messaging-api,messaging-api/line-bot-sdk,LINE Messaging API SDKs,Community SDKs and libraries,line-chatbot-boilerplate,Language/ Technology,Python,https://developers.line.biz/en/docs/messaging-api/line-bot-sdk/
messaging-api,messaging-api/line-bot-sdk,LINE Messaging API SDKs,Community SDKs and libraries,line-chatbot-boilerplate,Description,Templates for bot development,https://developers.line.biz/en/docs/messaging-api/line-bot-sdk/
messaging-api,messaging-api/line-bot-sdk,LINE Messaging API SDKs,Community SDKs and libraries,line-chatbot-boilerplate,Publisher,mgilangjanuar,https://developers.line.biz/en/docs/messaging-api/line-bot-sdk/
messaging-api,messaging-api/line-bot-sdk,LINE Messaging API SDKs,Community SDKs and libraries,line-chatbot-boilerplate,License,MIT,https://developers.line.biz/en/docs/messaging-api/line-bot-sdk/
messaging-api,messaging-api/line-bot-sdk,LINE Messaging API SDKs,Community SDKs and libraries,line-chatbot-boilerplate,Stars,"{:zoom=""false"" .mb-0-important .w-max-inherit}",https://developers.line.biz/en/docs/messaging-api/line-bot-sdk/
messaging-api,messaging-api/line-bot-sdk,LINE Messaging API SDKs,Community SDKs and libraries,LINESimulator,Description,LINE simulator for debugging bots,https://developers.line.biz/en/docs/messaging-api/line-bot-sdk/
messaging-api,messaging-api/line-bot-sdk,LINE Messaging API SDKs,Community SDKs and libraries,LINESimulator,Publisher,kenakamu,https://developers.line.biz/en/docs/messaging-api/line-bot-sdk/
messaging-api,messaging-api/line-bot-sdk,LINE Messaging API SDKs,Community SDKs and libraries,LINESimulator,License,MIT,https://developers.line.biz/en/docs/messaging-api/line-bot-sdk/
messaging-api,messaging-api/line-bot-sdk,LINE Messaging API SDKs,Community SDKs and libraries,LINESimulator,Stars,"{:zoom=""false"" .mb-0-important .w-max-inherit}",https://developers.line.biz/en/docs/messaging-api/line-bot-sdk/
messaging-api,messaging-api/line-bot-sdk,LINE Messaging API SDKs,Community SDKs and libraries,line-richmenus-manager,Description,GUI tool to create and manage rich menu,https://developers.line.biz/en/docs/messaging-api/line-bot-sdk/
messaging-api,messaging-api/line-bot-sdk,LINE Messaging API SDKs,Community SDKs and libraries,line-richmenus-manager,Publisher,kenakamu,https://developers.line.biz/en/docs/messaging-api/line-bot-sdk/
messaging-api,messaging-api/line-bot-sdk,LINE Messaging API SDKs,Community SDKs and libraries,line-richmenus-manager,License,MIT,https://developers.line.biz/en/docs/messaging-api/line-bot-sdk/
messaging-api,messaging-api/line-bot-sdk,LINE Messaging API SDKs,Community SDKs and libraries,line-richmenus-manager,Stars,"{:zoom=""false"" .mb-0-important .w-max-inherit}",https://developers.line.biz/en/docs/messaging-api/line-bot-sdk/
messaging-api,messaging-api/line-bot-sdk,LINE Messaging API SDKs,Community SDKs and libraries,linebot,Language/ Technology,Node.js,https://developers.line.biz/en/docs/messaging-api/line-bot-sdk/
messaging-api,messaging-api/line-bot-sdk,LINE Messaging API SDKs,Community SDKs and libraries,linebot,Description,LINE Messaging API SDK for Node.js,https://developers.line.biz/en/docs/messaging-api/line-bot-sdk/
messaging-api,messaging-api/line-bot-sdk,LINE Messaging API SDKs,Community SDKs and libraries,linebot,Publisher,boybundit,https://developers.line.biz/en/docs/messaging-api/line-bot-sdk/
messaging-api,messaging-api/line-bot-sdk,LINE Messaging API SDKs,Community SDKs and libraries,linebot,License,MIT,https://developers.line.biz/en/docs/messaging-api/line-bot-sdk/
messaging-api,messaging-api/line-bot-sdk,LINE Messaging API SDKs,Community SDKs and libraries,linebot,Stars,"{:zoom=""false"" .mb-0-important .w-max-inherit}",https://developers.line.biz/en/docs/messaging-api/line-bot-sdk/
messaging-api,messaging-api/line-bot-sdk,LINE Messaging API SDKs,Community SDKs and libraries,botbuilder-linebot-connector,Language/ Technology,Node.js,https://developers.line.biz/en/docs/messaging-api/line-bot-sdk/
messaging-api,messaging-api/line-bot-sdk,LINE Messaging API SDKs,Community SDKs and libraries,botbuilder-linebot-connector,Description,Microsoft Bot Framework v3 connector for the LINE Messaging API,https://developers.line.biz/en/docs/messaging-api/line-bot-sdk/
messaging-api,messaging-api/line-bot-sdk,LINE Messaging API SDKs,Community SDKs and libraries,botbuilder-linebot-connector,Publisher,Wolke,https://developers.line.biz/en/docs/messaging-api/line-bot-sdk/
messaging-api,messaging-api/line-bot-sdk,LINE Messaging API SDKs,Community SDKs and libraries,botbuilder-linebot-connector,License,MIT,https://developers.line.biz/en/docs/messaging-api/line-bot-sdk/
messaging-api,messaging-api/line-bot-sdk,LINE Messaging API SDKs,Community SDKs and libraries,botbuilder-linebot-connector,Stars,"{:zoom=""false"" .mb-0-important .w-max-inherit}",https://developers.line.biz/en/docs/messaging-api/line-bot-sdk/
messaging-api,messaging-api/line-bot-sdk,LINE Messaging API SDKs,Community SDKs and libraries,bottender,Language/ Technology,Node.js,https://developers.line.biz/en/docs/messaging-api/line-bot-sdk/
messaging-api,messaging-api/line-bot-sdk,LINE Messaging API SDKs,Community SDKs and libraries,bottender,Description,Framework that lets you quickly create bots that can run on multiple platforms,https://developers.line.biz/en/docs/messaging-api/line-bot-sdk/
messaging-api,messaging-api/line-bot-sdk,LINE Messaging API SDKs,Community SDKs and libraries,bottender,Publisher,Yoctol,https://developers.line.biz/en/docs/messaging-api/line-bot-sdk/
messaging-api,messaging-api/line-bot-sdk,LINE Messaging API SDKs,Community SDKs and libraries,bottender,License,MIT,https://developers.line.biz/en/docs/messaging-api/line-bot-sdk/
messaging-api,messaging-api/line-bot-sdk,LINE Messaging API SDKs,Community SDKs and libraries,bottender,Stars,"{:zoom=""false"" .mb-0-important .w-max-inherit}",https://developers.line.biz/en/docs/messaging-api/line-bot-sdk/
messaging-api,messaging-api/line-bot-sdk,LINE Messaging API SDKs,Community SDKs and libraries,messaging-api-line,Language/ Technology,Node.js,https://developers.line.biz/en/docs/messaging-api/line-bot-sdk/
messaging-api,messaging-api/line-bot-sdk,LINE Messaging API SDKs,Community SDKs and libraries,messaging-api-line,Description,LINE Messaging API SDK for Node.js,https://developers.line.biz/en/docs/messaging-api/line-bot-sdk/
messaging-api,messaging-api/line-bot-sdk,LINE Messaging API SDKs,Community SDKs and libraries,messaging-api-line,Publisher,Yoctol,https://developers.line.biz/en/docs/messaging-api/line-bot-sdk/
messaging-api,messaging-api/line-bot-sdk,LINE Messaging API SDKs,Community SDKs and libraries,messaging-api-line,License,MIT,https://developers.line.biz/en/docs/messaging-api/line-bot-sdk/
messaging-api,messaging-api/line-bot-sdk,LINE Messaging API SDKs,Community SDKs and libraries,messaging-api-line,Stars,"{:zoom=""false"" .mb-0-important .w-max-inherit}",https://developers.line.biz/en/docs/messaging-api/line-bot-sdk/
messaging-api,messaging-api/line-bot-sdk,LINE Messaging API SDKs,Community SDKs and libraries,line-bot-sdk-dotnet,Language/ Technology,C#,https://developers.line.biz/en/docs/messaging-api/line-bot-sdk/
messaging-api,messaging-api/line-bot-sdk,LINE Messaging API SDKs,Community SDKs and libraries,line-bot-sdk-dotnet,Description,LINE Messaging API SDK for .NET Standard,https://developers.line.biz/en/docs/messaging-api/line-bot-sdk/
messaging-api,messaging-api/line-bot-sdk,LINE Messaging API SDKs,Community SDKs and libraries,line-bot-sdk-dotnet,Publisher,dlemstra,https://developers.line.biz/en/docs/messaging-api/line-bot-sdk/
messaging-api,messaging-api/line-bot-sdk,LINE Messaging API SDKs,Community SDKs and libraries,line-bot-sdk-dotnet,License,Apache-2.0,https://developers.line.biz/en/docs/messaging-api/line-bot-sdk/
messaging-api,messaging-api/line-bot-sdk,LINE Messaging API SDKs,Community SDKs and libraries,line-bot-sdk-dotnet,Stars,"{:zoom=""false"" .mb-0-important .w-max-inherit}",https://developers.line.biz/en/docs/messaging-api/line-bot-sdk/
messaging-api,messaging-api/line-bot-sdk,LINE Messaging API SDKs,Community SDKs and libraries,LineMessagingApi,Language/ Technology,C#,https://developers.line.biz/en/docs/messaging-api/line-bot-sdk/
messaging-api,messaging-api/line-bot-sdk,LINE Messaging API SDKs,Community SDKs and libraries,LineMessagingApi,Description,LINE Messaging API SDK for C#,https://developers.line.biz/en/docs/messaging-api/line-bot-sdk/
messaging-api,messaging-api/line-bot-sdk,LINE Messaging API SDKs,Community SDKs and libraries,LineMessagingApi,Publisher,pierre3,https://developers.line.biz/en/docs/messaging-api/line-bot-sdk/
messaging-api,messaging-api/line-bot-sdk,LINE Messaging API SDKs,Community SDKs and libraries,LineMessagingApi,License,MIT,https://developers.line.biz/en/docs/messaging-api/line-bot-sdk/
messaging-api,messaging-api/line-bot-sdk,LINE Messaging API SDKs,Community SDKs and libraries,LineMessagingApi,Stars,"{:zoom=""false"" .mb-0-important .w-max-inherit}",https://developers.line.biz/en/docs/messaging-api/line-bot-sdk/
messaging-api,messaging-api/line-bot-sdk,LINE Messaging API SDKs,Community SDKs and libraries,line-bot-sdk,Language/ Technology,Haskell,https://developers.line.biz/en/docs/messaging-api/line-bot-sdk/
messaging-api,messaging-api/line-bot-sdk,LINE Messaging API SDKs,Community SDKs and libraries,line-bot-sdk,Description,LINE Messaging API SDK for Haskell,https://developers.line.biz/en/docs/messaging-api/line-bot-sdk/
messaging-api,messaging-api/line-bot-sdk,LINE Messaging API SDKs,Community SDKs and libraries,line-bot-sdk,Publisher,moleike,https://developers.line.biz/en/docs/messaging-api/line-bot-sdk/
messaging-api,messaging-api/line-bot-sdk,LINE Messaging API SDKs,Community SDKs and libraries,line-bot-sdk,License,BSD,https://developers.line.biz/en/docs/messaging-api/line-bot-sdk/
messaging-api,messaging-api/line-bot-sdk,LINE Messaging API SDKs,Community SDKs and libraries,line-bot-sdk,Stars,"{:zoom=""false"" .mb-0-important .w-max-inherit}",https://developers.line.biz/en/docs/messaging-api/line-bot-sdk/
messaging-api,messaging-api/linking-accounts,User account linking,1. Issue a link token,1. Issue a link token,限制（寫在內文）,The token is for one-time use only and valid for 10 minutes.,https://developers.line.biz/en/docs/messaging-api/linking-accounts/
messaging-api,messaging-api/measure-impressions,Measure impressions,Impression types,overview.uniqueImpression \*1,Impression type,Unique impression,https://developers.line.biz/en/docs/messaging-api/measure-impressions/
messaging-api,messaging-api/measure-impressions,Measure impressions,Impression types,overview.uniqueImpression \*1,Description,Number of users who opened the message. The number of people who displayed at least one bubble. Each message is counted only once per user.,https://developers.line.biz/en/docs/messaging-api/measure-impressions/
messaging-api,messaging-api/measure-impressions,Measure impressions,Impression types,messages[].uniqueImpression \*2,Impression type,Unique impression,https://developers.line.biz/en/docs/messaging-api/measure-impressions/
messaging-api,messaging-api/measure-impressions,Measure impressions,Impression types,messages[].uniqueImpression \*2,Description,Number of users who displayed the bubble. Each bubble is counted only once per user.,https://developers.line.biz/en/docs/messaging-api/measure-impressions/
messaging-api,messaging-api/measure-impressions,Measure impressions,Impression types,messages[].impression \*1,Impression type,Impression,https://developers.line.biz/en/docs/messaging-api/measure-impressions/
messaging-api,messaging-api/measure-impressions,Measure impressions,Impression types,messages[].impression \*1,Description,"Number of times the bubble was displayed. If the conditions are met, each bubble may be counted multiple times per user.",https://developers.line.biz/en/docs/messaging-api/measure-impressions/
messaging-api,messaging-api/measure-impressions,Measure impressions,Display message bubbles at 100%,✅️ 100% visible,Description,"The bubble displayed in the green area is fully visible, so it's counted as an impression.",https://developers.line.biz/en/docs/messaging-api/measure-impressions/
messaging-api,messaging-api/measure-impressions,Measure impressions,Display message bubbles at 100%,❌️ Not 100% visible,Description,"The bubble displayed in the red area overlaps with the rich menu and isn't fully visible, so it isn't counted as an impression.",https://developers.line.biz/en/docs/messaging-api/measure-impressions/
messaging-api,messaging-api/measure-impressions,Measure impressions,Display message bubbles at 100%,❌️ Not 100% visible,Description,"The bubble in the red area overlaps with the service menu bar and isn't fully visible, so it isn't counted as an impression.",https://developers.line.biz/en/docs/messaging-api/measure-impressions/
messaging-api,messaging-api/measure-impressions,Measure impressions,Display message bubbles at 100%,❌️ Not 100% visible,Description,"The bubble in the red area is too tall to fit within the chat window, so it isn't fully visible and therefore not counted as an impression.",https://developers.line.biz/en/docs/messaging-api/measure-impressions/
messaging-api,messaging-api/pricing,Messaging API pricing,Pricing plans by country or region,Japan,Price information,LINE Official Account pricing plan Activity and billing (subscription plan changes and payment related management),https://developers.line.biz/en/docs/messaging-api/pricing/
messaging-api,messaging-api/pricing,Messaging API pricing,Pricing plans by country or region,Taiwan,Price information,LINE Official Account LINE Official Account - FAQ,https://developers.line.biz/en/docs/messaging-api/pricing/
messaging-api,messaging-api/pricing,Messaging API pricing,Pricing plans by country or region,Thailand,Price information,LINE Official Account,https://developers.line.biz/en/docs/messaging-api/pricing/
messaging-api,messaging-api/pricing,Messaging API pricing,Pricing plans by country or region,Other regions,Price information,LINE Official Account,https://developers.line.biz/en/docs/messaging-api/pricing/
messaging-api,messaging-api/pricing,Messaging API pricing,Example of subscription plans,Fixed monthly fee [^1],Communication Plan,Free,https://developers.line.biz/en/docs/messaging-api/pricing/
messaging-api,messaging-api/pricing,Messaging API pricing,Example of subscription plans,Fixed monthly fee [^1],Light Plan,"JPY 5,000",https://developers.line.biz/en/docs/messaging-api/pricing/
messaging-api,messaging-api/pricing,Messaging API pricing,Example of subscription plans,Fixed monthly fee [^1],Standard Plan,"JPY 15,000",https://developers.line.biz/en/docs/messaging-api/pricing/
messaging-api,messaging-api/pricing,Messaging API pricing,Example of subscription plans,Number of free messages per month,Communication Plan,Up to 200,https://developers.line.biz/en/docs/messaging-api/pricing/
messaging-api,messaging-api/pricing,Messaging API pricing,Example of subscription plans,Number of free messages per month,Light Plan,"Up to 5,000",https://developers.line.biz/en/docs/messaging-api/pricing/
messaging-api,messaging-api/pricing,Messaging API pricing,Example of subscription plans,Number of free messages per month,Standard Plan,"Up to 30,000",https://developers.line.biz/en/docs/messaging-api/pricing/
messaging-api,messaging-api/pricing,Messaging API pricing,Example of subscription plans,Cost of additional messages [^1],Standard Plan,Up to JPY 3/message [^2],https://developers.line.biz/en/docs/messaging-api/pricing/
messaging-api,messaging-api/pricing,Messaging API pricing,Example of subscription plans,Example of subscription plans,限制（寫在內文）,"For example, if you want to send 1,000 messages per month, select the Light Plan with 5,000 free messages.",https://developers.line.biz/en/docs/messaging-api/pricing/
messaging-api,messaging-api/pricing,Messaging API pricing,Example of subscription plans,Example of subscription plans,限制（寫在內文）,"To send 40,000 messages per month, you'll need to select the Standard Plan with 30,000 free messages, and pay an additional fee for the 10,000 messages exceeding the free message limit.",https://developers.line.biz/en/docs/messaging-api/pricing/
messaging-api,messaging-api/receiving-messages,Receive messages (webhook),Webhook events for chats,Message event,Receive when,When a user sends a message. You can reply to this event.,https://developers.line.biz/en/docs/messaging-api/receiving-messages/
messaging-api,messaging-api/receiving-messages,Receive messages (webhook),Webhook events for chats,Message event,one-on-one chats,✅,https://developers.line.biz/en/docs/messaging-api/receiving-messages/
messaging-api,messaging-api/receiving-messages,Receive messages (webhook),Webhook events for chats,Message event,Group chats,✅,https://developers.line.biz/en/docs/messaging-api/receiving-messages/
messaging-api,messaging-api/receiving-messages,Receive messages (webhook),Webhook events for chats,Message event,multi-person chats,✅,https://developers.line.biz/en/docs/messaging-api/receiving-messages/
messaging-api,messaging-api/receiving-messages,Receive messages (webhook),Webhook events for chats,Edit event,Receive when,When a user edits a message. You can reply to this event.,https://developers.line.biz/en/docs/messaging-api/receiving-messages/
messaging-api,messaging-api/receiving-messages,Receive messages (webhook),Webhook events for chats,Edit event,one-on-one chats,❌,https://developers.line.biz/en/docs/messaging-api/receiving-messages/
messaging-api,messaging-api/receiving-messages,Receive messages (webhook),Webhook events for chats,Edit event,Group chats,✅,https://developers.line.biz/en/docs/messaging-api/receiving-messages/
messaging-api,messaging-api/receiving-messages,Receive messages (webhook),Webhook events for chats,Edit event,multi-person chats,❌,https://developers.line.biz/en/docs/messaging-api/receiving-messages/
messaging-api,messaging-api/receiving-messages,Receive messages (webhook),Webhook events for chats,Unsend event,Receive when,"When a user unsends a message. For more information on handling this event, see Processing on receipt of unsend event.",https://developers.line.biz/en/docs/messaging-api/receiving-messages/
messaging-api,messaging-api/receiving-messages,Receive messages (webhook),Webhook events for chats,Unsend event,one-on-one chats,✅,https://developers.line.biz/en/docs/messaging-api/receiving-messages/
messaging-api,messaging-api/receiving-messages,Receive messages (webhook),Webhook events for chats,Unsend event,Group chats,✅,https://developers.line.biz/en/docs/messaging-api/receiving-messages/
messaging-api,messaging-api/receiving-messages,Receive messages (webhook),Webhook events for chats,Unsend event,multi-person chats,✅,https://developers.line.biz/en/docs/messaging-api/receiving-messages/
messaging-api,messaging-api/receiving-messages,Receive messages (webhook),Webhook events for chats,Follow event,Receive when,"When a user adds your LINE Official Account as a friend, or unblocks your LINE Official Account. You can reply to this event.",https://developers.line.biz/en/docs/messaging-api/receiving-messages/
messaging-api,messaging-api/receiving-messages,Receive messages (webhook),Webhook events for chats,Follow event,one-on-one chats,✅,https://developers.line.biz/en/docs/messaging-api/receiving-messages/
messaging-api,messaging-api/receiving-messages,Receive messages (webhook),Webhook events for chats,Follow event,Group chats,❌,https://developers.line.biz/en/docs/messaging-api/receiving-messages/
messaging-api,messaging-api/receiving-messages,Receive messages (webhook),Webhook events for chats,Follow event,multi-person chats,❌,https://developers.line.biz/en/docs/messaging-api/receiving-messages/
messaging-api,messaging-api/receiving-messages,Receive messages (webhook),Webhook events for chats,Unfollow event,Receive when,When a user blocks your LINE Official Account.,https://developers.line.biz/en/docs/messaging-api/receiving-messages/
messaging-api,messaging-api/receiving-messages,Receive messages (webhook),Webhook events for chats,Unfollow event,one-on-one chats,✅,https://developers.line.biz/en/docs/messaging-api/receiving-messages/
messaging-api,messaging-api/receiving-messages,Receive messages (webhook),Webhook events for chats,Unfollow event,Group chats,❌,https://developers.line.biz/en/docs/messaging-api/receiving-messages/
messaging-api,messaging-api/receiving-messages,Receive messages (webhook),Webhook events for chats,Unfollow event,multi-person chats,❌,https://developers.line.biz/en/docs/messaging-api/receiving-messages/
messaging-api,messaging-api/receiving-messages,Receive messages (webhook),Webhook events for chats,Join event,Receive when,When your LINE Official Account joins a group chat or multi-person chat. You can reply to this event.,https://developers.line.biz/en/docs/messaging-api/receiving-messages/
messaging-api,messaging-api/receiving-messages,Receive messages (webhook),Webhook events for chats,Join event,one-on-one chats,❌,https://developers.line.biz/en/docs/messaging-api/receiving-messages/
messaging-api,messaging-api/receiving-messages,Receive messages (webhook),Webhook events for chats,Join event,Group chats,✅,https://developers.line.biz/en/docs/messaging-api/receiving-messages/
messaging-api,messaging-api/receiving-messages,Receive messages (webhook),Webhook events for chats,Join event,multi-person chats,✅,https://developers.line.biz/en/docs/messaging-api/receiving-messages/
messaging-api,messaging-api/receiving-messages,Receive messages (webhook),Webhook events for chats,Leave event,Receive when,"When a user deletes your LINE Official Account or your LINE Official Account leaves, from a group chat or multi-person chat.",https://developers.line.biz/en/docs/messaging-api/receiving-messages/
messaging-api,messaging-api/receiving-messages,Receive messages (webhook),Webhook events for chats,Leave event,one-on-one chats,❌,https://developers.line.biz/en/docs/messaging-api/receiving-messages/
messaging-api,messaging-api/receiving-messages,Receive messages (webhook),Webhook events for chats,Leave event,Group chats,✅,https://developers.line.biz/en/docs/messaging-api/receiving-messages/
messaging-api,messaging-api/receiving-messages,Receive messages (webhook),Webhook events for chats,Leave event,multi-person chats,✅,https://developers.line.biz/en/docs/messaging-api/receiving-messages/
messaging-api,messaging-api/receiving-messages,Receive messages (webhook),Webhook events for chats,Member join event,Receive when,When a user joins a group chat or multi-person chat that your LINE Official Account is a member of. You can reply to this event.,https://developers.line.biz/en/docs/messaging-api/receiving-messages/
messaging-api,messaging-api/receiving-messages,Receive messages (webhook),Webhook events for chats,Member join event,one-on-one chats,❌,https://developers.line.biz/en/docs/messaging-api/receiving-messages/
messaging-api,messaging-api/receiving-messages,Receive messages (webhook),Webhook events for chats,Member join event,Group chats,✅,https://developers.line.biz/en/docs/messaging-api/receiving-messages/
messaging-api,messaging-api/receiving-messages,Receive messages (webhook),Webhook events for chats,Member join event,multi-person chats,✅,https://developers.line.biz/en/docs/messaging-api/receiving-messages/
messaging-api,messaging-api/receiving-messages,Receive messages (webhook),Webhook events for chats,Member leave event,Receive when,When a user leaves a group chat or multi-person chat that your LINE Official Account is a member of.,https://developers.line.biz/en/docs/messaging-api/receiving-messages/
messaging-api,messaging-api/receiving-messages,Receive messages (webhook),Webhook events for chats,Member leave event,one-on-one chats,❌,https://developers.line.biz/en/docs/messaging-api/receiving-messages/
messaging-api,messaging-api/receiving-messages,Receive messages (webhook),Webhook events for chats,Member leave event,Group chats,✅,https://developers.line.biz/en/docs/messaging-api/receiving-messages/
messaging-api,messaging-api/receiving-messages,Receive messages (webhook),Webhook events for chats,Member leave event,multi-person chats,✅,https://developers.line.biz/en/docs/messaging-api/receiving-messages/
messaging-api,messaging-api/receiving-messages,Receive messages (webhook),Webhook events for chats,Postback event,Receive when,When a user triggers a postback action. You can reply to this event.,https://developers.line.biz/en/docs/messaging-api/receiving-messages/
messaging-api,messaging-api/receiving-messages,Receive messages (webhook),Webhook events for chats,Postback event,one-on-one chats,✅,https://developers.line.biz/en/docs/messaging-api/receiving-messages/
messaging-api,messaging-api/receiving-messages,Receive messages (webhook),Webhook events for chats,Postback event,Group chats,✅,https://developers.line.biz/en/docs/messaging-api/receiving-messages/
messaging-api,messaging-api/receiving-messages,Receive messages (webhook),Webhook events for chats,Postback event,multi-person chats,✅,https://developers.line.biz/en/docs/messaging-api/receiving-messages/
messaging-api,messaging-api/receiving-messages,Receive messages (webhook),Webhook events for chats,Video viewing complete event,Receive when,When a user finishes watching a video message that has a trackingId specified sent from the LINE Official Account. You can reply to this event.,https://developers.line.biz/en/docs/messaging-api/receiving-messages/
messaging-api,messaging-api/receiving-messages,Receive messages (webhook),Webhook events for chats,Video viewing complete event,one-on-one chats,✅,https://developers.line.biz/en/docs/messaging-api/receiving-messages/
messaging-api,messaging-api/receiving-messages,Receive messages (webhook),Webhook events for chats,Video viewing complete event,Group chats,❌,https://developers.line.biz/en/docs/messaging-api/receiving-messages/
messaging-api,messaging-api/receiving-messages,Receive messages (webhook),Webhook events for chats,Video viewing complete event,multi-person chats,❌,https://developers.line.biz/en/docs/messaging-api/receiving-messages/
messaging-api,messaging-api/receiving-messages,Receive messages (webhook),Other webhook events,Beacon event,Receive when,"When a user enters the reception range of a Beacon. You can reply to this event. For more information, see Use beacons with LINE.",https://developers.line.biz/en/docs/messaging-api/receiving-messages/
messaging-api,messaging-api/receiving-messages,Receive messages (webhook),Other webhook events,Account link event,Receive when,"When a user links their LINE account with their account of your service (as a provider). You can reply to this event. For more information, see User account linking.",https://developers.line.biz/en/docs/messaging-api/receiving-messages/
messaging-api,messaging-api/retrying-api-request,Retry failed API requests,Specify the retry key always,Push messages,API reference,Send push message,https://developers.line.biz/en/docs/messaging-api/retrying-api-request/
messaging-api,messaging-api/retrying-api-request,Retry failed API requests,Specify the retry key always,Multicast messages,API reference,Send multicast message,https://developers.line.biz/en/docs/messaging-api/retrying-api-request/
messaging-api,messaging-api/retrying-api-request,Retry failed API requests,Specify the retry key always,Narrowcast messages,API reference,Send narrowcast message,https://developers.line.biz/en/docs/messaging-api/retrying-api-request/
messaging-api,messaging-api/retrying-api-request,Retry failed API requests,Specify the retry key always,Broadcast messages,API reference,Send broadcast message,https://developers.line.biz/en/docs/messaging-api/retrying-api-request/
messaging-api,messaging-api/retrying-api-request,Retry failed API requests,Retry API requests by status code,500 Internal Server Error,Description,Internal server error,https://developers.line.biz/en/docs/messaging-api/retrying-api-request/
messaging-api,messaging-api/retrying-api-request,Retry failed API requests,Retry API requests by status code,500 Internal Server Error,Retry or not,✅ Retry. Your next request may be successful.,https://developers.line.biz/en/docs/messaging-api/retrying-api-request/
messaging-api,messaging-api/retrying-api-request,Retry failed API requests,Retry API requests by status code,Timeout,Description,The request failed due to a network failure or some other reason.,https://developers.line.biz/en/docs/messaging-api/retrying-api-request/
messaging-api,messaging-api/retrying-api-request,Retry failed API requests,Retry API requests by status code,Timeout,Retry or not,✅ Retry. Your next request may be successful.,https://developers.line.biz/en/docs/messaging-api/retrying-api-request/
messaging-api,messaging-api/retrying-api-request,Retry failed API requests,Retry API requests by status code,2xx,Description,The API request is accepted.,https://developers.line.biz/en/docs/messaging-api/retrying-api-request/
messaging-api,messaging-api/retrying-api-request,Retry failed API requests,Retry API requests by status code,2xx,Retry or not,❌ Don't retry. Additional retries aren't accepted.,https://developers.line.biz/en/docs/messaging-api/retrying-api-request/
messaging-api,messaging-api/retrying-api-request,Retry failed API requests,Retry API requests by status code,409 Conflict,Description,An API request with the same retry key is already accepted.,https://developers.line.biz/en/docs/messaging-api/retrying-api-request/
messaging-api,messaging-api/retrying-api-request,Retry failed API requests,Retry API requests by status code,409 Conflict,Retry or not,❌ Don't retry. The retried request is already accepted.,https://developers.line.biz/en/docs/messaging-api/retrying-api-request/
messaging-api,messaging-api/retrying-api-request,Retry failed API requests,Retry API requests by status code,4xx,Description,Problem with the request,https://developers.line.biz/en/docs/messaging-api/retrying-api-request/
messaging-api,messaging-api/retrying-api-request,Retry failed API requests,Retry API requests by status code,4xx,Retry or not,❌ Don't retry. Retries don't change the result.,https://developers.line.biz/en/docs/messaging-api/retrying-api-request/
messaging-api,messaging-api/rich-menus-overview,Rich menus overview,Scope of rich menus,All users who opened the chat screen of the LINE Official Account (Default rich menu),Tool,LINE Official Account Manager Messaging API,https://developers.line.biz/en/docs/messaging-api/rich-menus-overview/
messaging-api,messaging-api/rich-menus-overview,Rich menus overview,Scope of rich menus,Per user (Per-user rich menu),Tool,Messaging API,https://developers.line.biz/en/docs/messaging-api/rich-menus-overview/
messaging-api,messaging-api/rich-menus-overview,Rich menus overview,When rich menu setting changes take effect,Per-user rich menu set with the Messaging API,When change takes effect,"Immediately. But if you delete the rich menu without unlinking it from the user, the deletion takes effect when the user re-opens the chat.",https://developers.line.biz/en/docs/messaging-api/rich-menus-overview/
messaging-api,messaging-api/rich-menus-overview,Rich menus overview,When rich menu setting changes take effect,Default rich menu set with the Messaging API,When change takes effect,When the user re-opens the chat. It may take up to a minute until the change takes effect.,https://developers.line.biz/en/docs/messaging-api/rich-menus-overview/
messaging-api,messaging-api/rich-menus-overview,Rich menus overview,When rich menu setting changes take effect,Default rich menu set with the LINE Official Account Manager,When change takes effect,When the user re-opens the chat,https://developers.line.biz/en/docs/messaging-api/rich-menus-overview/
messaging-api,messaging-api/rich-menus-overview,Rich menus overview,Rich menu insights,Messaging API,Retrieve statistics using the Messaging API,✅,https://developers.line.biz/en/docs/messaging-api/rich-menus-overview/
messaging-api,messaging-api/rich-menus-overview,Rich menus overview,Rich menu insights,Messaging API,View statistics in LINE Official Account Manager,❌,https://developers.line.biz/en/docs/messaging-api/rich-menus-overview/
messaging-api,messaging-api/rich-menus-overview,Rich menus overview,Rich menu insights,LINE Official Account Manager,Retrieve statistics using the Messaging API,❌,https://developers.line.biz/en/docs/messaging-api/rich-menus-overview/
messaging-api,messaging-api/rich-menus-overview,Rich menus overview,Rich menu insights,LINE Official Account Manager,View statistics in LINE Official Account Manager,✅,https://developers.line.biz/en/docs/messaging-api/rich-menus-overview/
messaging-api,messaging-api/secure-message-sample,Sample code and data for generating secure messages,Sample data,HWID,Value,01deadbeef,https://developers.line.biz/en/docs/messaging-api/secure-message-sample/
messaging-api,messaging-api/secure-message-sample,Sample code and data for generating secure messages,Sample data,Vendor key,Value,5cf2a423,https://developers.line.biz/en/docs/messaging-api/secure-message-sample/
messaging-api,messaging-api/secure-message-sample,Sample code and data for generating secure messages,Sample data,Lot key,Value,8c194fe41d7fe34f,https://developers.line.biz/en/docs/messaging-api/secure-message-sample/
messaging-api,messaging-api/secure-message-sample,Sample code and data for generating secure messages,Sample data,Battery level,Value,0x01,https://developers.line.biz/en/docs/messaging-api/secure-message-sample/
messaging-api,messaging-api/secure-message-sample,Sample code and data for generating secure messages,Timestamp is 9223372036854775807,Timestamp is 9223372036854775807,限制（寫在內文）,The value 9223372036854775807 is the maximum value of a signed 64-bit integer.,https://developers.line.biz/en/docs/messaging-api/secure-message-sample/
messaging-api,messaging-api/secure-message-sample,Sample code and data for generating secure messages,Timestamp is 18446744073709551615,Timestamp is 18446744073709551615,限制（寫在內文）,The value 18446744073709551615 is the maximum value of an unsigned 64-bit integer.,https://developers.line.biz/en/docs/messaging-api/secure-message-sample/
messaging-api,messaging-api/sending-messages,Send messages,Send messages at any time,Push message,Description,"Sends a message to a user, group chat, and multi-person chat. For example, you can use this to notify a user that an item they bought on your shopping site is shipped.",https://developers.line.biz/en/docs/messaging-api/sending-messages/
messaging-api,messaging-api/sending-messages,Send messages,Send messages at any time,Broadcast message,Description,You can send the same message to all users who are friends with your LINE Official Account.,https://developers.line.biz/en/docs/messaging-api/sending-messages/
messaging-api,messaging-api/sending-messages,Send messages,Prepare audience or request ID,All users who added your LINE Official Account as a friend,Data to prepare,None required,https://developers.line.biz/en/docs/messaging-api/sending-messages/
messaging-api,messaging-api/sending-messages,Send messages,Prepare audience or request ID,Users identifiable by a user ID or Identifier for Advertisers (IFA),Data to prepare,Audience for uploading user IDs (by JSON) Audience for uploading user IDs (by file),https://developers.line.biz/en/docs/messaging-api/sending-messages/
messaging-api,messaging-api/sending-messages,Send messages,Prepare audience or request ID,Users who clicked a URL in a message you sent,Data to prepare,Message click audience,https://developers.line.biz/en/docs/messaging-api/sending-messages/
messaging-api,messaging-api/sending-messages,Send messages,Prepare audience or request ID,Users who opened a message you sent,Data to prepare,Message impression audience,https://developers.line.biz/en/docs/messaging-api/sending-messages/
messaging-api,messaging-api/sending-messages,Send messages,Prepare audience or request ID,Users who received a narrowcast message,Data to prepare,Specify the request ID of the narrowcast message previously delivered in the redelivery object of the recipient object.,https://developers.line.biz/en/docs/messaging-api/sending-messages/
messaging-api,messaging-api/sending-messages,Send messages,Prepare audience or request ID,Users with specific tags in a chat,Data to prepare,Chat tag audience. Use the LINE Official Account Manager to create one.,https://developers.line.biz/en/docs/messaging-api/sending-messages/
messaging-api,messaging-api/sending-messages,Send messages,Prepare audience or request ID,Users who added your LINE Official Account as a friend through a specific path,Data to prepare,Friend path audience. Use the LINE Official Account Manager.,https://developers.line.biz/en/docs/messaging-api/sending-messages/
messaging-api,messaging-api/sending-messages,Send messages,Prepare audience or request ID,Users who reserved a visit before,Data to prepare,Reservation audience. Use the LINE Official Account Manager to create one.,https://developers.line.biz/en/docs/messaging-api/sending-messages/
messaging-api,messaging-api/sending-messages,Send messages,Prepare audience or request ID,Users who viewed a rich menu,Data to prepare,Rich menu impression audience. Use the LINE Official Account Manager to create one.,https://developers.line.biz/en/docs/messaging-api/sending-messages/
messaging-api,messaging-api/sending-messages,Send messages,Prepare audience or request ID,Users who clicked on a rich menu,Data to prepare,Rich menu click audience. Use the LINE Official Account Manager to create one.,https://developers.line.biz/en/docs/messaging-api/sending-messages/
messaging-api,messaging-api/sending-messages,Send messages,Prepare audience or request ID,Users narrowed down with LINE Tag tracking information,Data to prepare,Web traffic audience (LINE Tag). Use the LINE Official Account Manager or the LINE Ad Manager to create one.,https://developers.line.biz/en/docs/messaging-api/sending-messages/
messaging-api,messaging-api/sending-messages,Send messages,Prepare audience or request ID,Users narrowed down with Tracking Tag information,Data to prepare,Web traffic audience (Tracking Tag). Use the LINE Official Account Manager to create one.,https://developers.line.biz/en/docs/messaging-api/sending-messages/
messaging-api,messaging-api/sending-messages,Send messages,Prepare audience or request ID,Users who viewed a video you sent,Data to prepare,Video view audience. Use the LINE Ad Manager to create one.,https://developers.line.biz/en/docs/messaging-api/sending-messages/
messaging-api,messaging-api/sending-messages,Send messages,Prepare audience or request ID,"Users who participated in given events within the app (e.g. opening the app, making a purchase within the app)",Data to prepare,App event audience. Use the LINE Ad Manager to create one.,https://developers.line.biz/en/docs/messaging-api/sending-messages/
messaging-api,messaging-api/sending-messages,Send messages,Prepare audience or request ID,Users who clicked an image you sent,Data to prepare,Image click audience. Use the LINE Ad Manager to create one.,https://developers.line.biz/en/docs/messaging-api/sending-messages/
messaging-api,messaging-api/sending-messages,Send messages,Controlling the maximum number of messages to send with limit objects,No limit object specified,Target reach: 100 Monthly limit: 90 Target recipients: 80,❌ Request error (Target reach exceeds monthly limit),https://developers.line.biz/en/docs/messaging-api/sending-messages/
messaging-api,messaging-api/sending-messages,Send messages,Controlling the maximum number of messages to send with limit objects,No limit object specified,Target reach: 100 Monthly limit: 50 Target recipients: 80,❌ Request error (Target reach exceeds monthly limit),https://developers.line.biz/en/docs/messaging-api/sending-messages/
messaging-api,messaging-api/sending-messages,Send messages,Controlling the maximum number of messages to send with limit objects,No max specified upToRemainingQuota=true forbidPartialDelivery=false,Target reach: 100 Monthly limit: 90 Target recipients: 80,✅ Sent to all recipients,https://developers.line.biz/en/docs/messaging-api/sending-messages/
messaging-api,messaging-api/sending-messages,Send messages,Controlling the maximum number of messages to send with limit objects,No max specified upToRemainingQuota=true forbidPartialDelivery=false,Target reach: 100 Monthly limit: 50 Target recipients: 80,"✅ Sent to 50 recipients, which is within the monthly limit",https://developers.line.biz/en/docs/messaging-api/sending-messages/
messaging-api,messaging-api/sending-messages,Send messages,Controlling the maximum number of messages to send with limit objects,No max specified upToRemainingQuota=true forbidPartialDelivery=true,Target reach: 100 Monthly limit: 90 Target recipients: 80,✅ Sent to all recipients,https://developers.line.biz/en/docs/messaging-api/sending-messages/
messaging-api,messaging-api/sending-messages,Send messages,Controlling the maximum number of messages to send with limit objects,No max specified upToRemainingQuota=true forbidPartialDelivery=true,Target reach: 100 Monthly limit: 50 Target recipients: 80,❌ Delivery will be canceled due to partial delivery,https://developers.line.biz/en/docs/messaging-api/sending-messages/
messaging-api,messaging-api/sending-messages,Send messages,Controlling the maximum number of messages to send with limit objects,max=30 upToRemainingQuota=true forbidPartialDelivery=false,Target reach: 100 Monthly limit: 90 Target recipients: 80,"✅ Sent to 30 recipients, which equals the max value",https://developers.line.biz/en/docs/messaging-api/sending-messages/
messaging-api,messaging-api/sending-messages,Send messages,Controlling the maximum number of messages to send with limit objects,max=30 upToRemainingQuota=true forbidPartialDelivery=false,Target reach: 100 Monthly limit: 50 Target recipients: 80,"✅ Sent to 30 recipients, which equals the max value",https://developers.line.biz/en/docs/messaging-api/sending-messages/
messaging-api,messaging-api/sending-messages,Send messages,Controlling the maximum number of messages to send with limit objects,max=30 upToRemainingQuota=true forbidPartialDelivery=true,Target reach: 100 Monthly limit: 90 Target recipients: 80,❌ Delivery will be canceled due to partial delivery,https://developers.line.biz/en/docs/messaging-api/sending-messages/
messaging-api,messaging-api/sending-messages,Send messages,Controlling the maximum number of messages to send with limit objects,max=30 upToRemainingQuota=true forbidPartialDelivery=true,Target reach: 100 Monthly limit: 50 Target recipients: 80,❌ Delivery will be canceled due to partial delivery,https://developers.line.biz/en/docs/messaging-api/sending-messages/
messaging-api,messaging-api/ssl-tls-spec-of-the-webhook-source,SSL/TLS specification of the webhook source,Supported cipher suites,TLS_AES_256_GCM_SHA384,OpenSSL,TLS_AES_256_GCM_SHA384,https://developers.line.biz/en/docs/messaging-api/ssl-tls-spec-of-the-webhook-source/
messaging-api,messaging-api/ssl-tls-spec-of-the-webhook-source,SSL/TLS specification of the webhook source,Supported cipher suites,TLS_AES_256_GCM_SHA384,Hex code,"0x13, 0x02",https://developers.line.biz/en/docs/messaging-api/ssl-tls-spec-of-the-webhook-source/
messaging-api,messaging-api/ssl-tls-spec-of-the-webhook-source,SSL/TLS specification of the webhook source,Supported cipher suites,TLS_AES_256_GCM_SHA384,Supported SSL/TLS protocol versions,TLS 1.3,https://developers.line.biz/en/docs/messaging-api/ssl-tls-spec-of-the-webhook-source/
messaging-api,messaging-api/ssl-tls-spec-of-the-webhook-source,SSL/TLS specification of the webhook source,Supported cipher suites,TLS_AES_256_GCM_SHA384,Supported HTTP versions,HTTP/1.0 HTTP/1.1 HTTP/2,https://developers.line.biz/en/docs/messaging-api/ssl-tls-spec-of-the-webhook-source/
messaging-api,messaging-api/ssl-tls-spec-of-the-webhook-source,SSL/TLS specification of the webhook source,Supported cipher suites,TLS_CHACHA20_POLY1305_SHA256,OpenSSL,TLS_CHACHA20_POLY1305_SHA256,https://developers.line.biz/en/docs/messaging-api/ssl-tls-spec-of-the-webhook-source/
messaging-api,messaging-api/ssl-tls-spec-of-the-webhook-source,SSL/TLS specification of the webhook source,Supported cipher suites,TLS_CHACHA20_POLY1305_SHA256,Hex code,"0x13, 0x03",https://developers.line.biz/en/docs/messaging-api/ssl-tls-spec-of-the-webhook-source/
messaging-api,messaging-api/ssl-tls-spec-of-the-webhook-source,SSL/TLS specification of the webhook source,Supported cipher suites,TLS_CHACHA20_POLY1305_SHA256,Supported SSL/TLS protocol versions,TLS 1.3,https://developers.line.biz/en/docs/messaging-api/ssl-tls-spec-of-the-webhook-source/
messaging-api,messaging-api/ssl-tls-spec-of-the-webhook-source,SSL/TLS specification of the webhook source,Supported cipher suites,TLS_CHACHA20_POLY1305_SHA256,Supported HTTP versions,HTTP/1.0 HTTP/1.1 HTTP/2,https://developers.line.biz/en/docs/messaging-api/ssl-tls-spec-of-the-webhook-source/
messaging-api,messaging-api/ssl-tls-spec-of-the-webhook-source,SSL/TLS specification of the webhook source,Supported cipher suites,TLS_AES_128_GCM_SHA256,OpenSSL,TLS_AES_128_GCM_SHA256,https://developers.line.biz/en/docs/messaging-api/ssl-tls-spec-of-the-webhook-source/
messaging-api,messaging-api/ssl-tls-spec-of-the-webhook-source,SSL/TLS specification of the webhook source,Supported cipher suites,TLS_AES_128_GCM_SHA256,Hex code,"0x13, 0x01",https://developers.line.biz/en/docs/messaging-api/ssl-tls-spec-of-the-webhook-source/
messaging-api,messaging-api/ssl-tls-spec-of-the-webhook-source,SSL/TLS specification of the webhook source,Supported cipher suites,TLS_AES_128_GCM_SHA256,Supported SSL/TLS protocol versions,TLS 1.3,https://developers.line.biz/en/docs/messaging-api/ssl-tls-spec-of-the-webhook-source/
messaging-api,messaging-api/ssl-tls-spec-of-the-webhook-source,SSL/TLS specification of the webhook source,Supported cipher suites,TLS_AES_128_GCM_SHA256,Supported HTTP versions,HTTP/1.0 HTTP/1.1 HTTP/2,https://developers.line.biz/en/docs/messaging-api/ssl-tls-spec-of-the-webhook-source/
messaging-api,messaging-api/ssl-tls-spec-of-the-webhook-source,SSL/TLS specification of the webhook source,Supported cipher suites,TLS_ECDHE_ECDSA_WITH_AES_128_GCM_SHA256,OpenSSL,ECDHE-ECDSA-AES128-GCM-SHA256,https://developers.line.biz/en/docs/messaging-api/ssl-tls-spec-of-the-webhook-source/
messaging-api,messaging-api/ssl-tls-spec-of-the-webhook-source,SSL/TLS specification of the webhook source,Supported cipher suites,TLS_ECDHE_ECDSA_WITH_AES_128_GCM_SHA256,Hex code,"0xc0, 0x2b",https://developers.line.biz/en/docs/messaging-api/ssl-tls-spec-of-the-webhook-source/
messaging-api,messaging-api/ssl-tls-spec-of-the-webhook-source,SSL/TLS specification of the webhook source,Supported cipher suites,TLS_ECDHE_ECDSA_WITH_AES_128_GCM_SHA256,Supported SSL/TLS protocol versions,TLS 1.2,https://developers.line.biz/en/docs/messaging-api/ssl-tls-spec-of-the-webhook-source/
messaging-api,messaging-api/ssl-tls-spec-of-the-webhook-source,SSL/TLS specification of the webhook source,Supported cipher suites,TLS_ECDHE_ECDSA_WITH_AES_128_GCM_SHA256,Supported HTTP versions,HTTP/1.0 HTTP/1.1 HTTP/2,https://developers.line.biz/en/docs/messaging-api/ssl-tls-spec-of-the-webhook-source/
messaging-api,messaging-api/ssl-tls-spec-of-the-webhook-source,SSL/TLS specification of the webhook source,Supported cipher suites,TLS_ECDHE_RSA_WITH_AES_128_GCM_SHA256,OpenSSL,ECDHE-RSA-AES128-GCM-SHA256,https://developers.line.biz/en/docs/messaging-api/ssl-tls-spec-of-the-webhook-source/
messaging-api,messaging-api/ssl-tls-spec-of-the-webhook-source,SSL/TLS specification of the webhook source,Supported cipher suites,TLS_ECDHE_RSA_WITH_AES_128_GCM_SHA256,Hex code,"0xc0,0x2f",https://developers.line.biz/en/docs/messaging-api/ssl-tls-spec-of-the-webhook-source/
messaging-api,messaging-api/ssl-tls-spec-of-the-webhook-source,SSL/TLS specification of the webhook source,Supported cipher suites,TLS_ECDHE_RSA_WITH_AES_128_GCM_SHA256,Supported SSL/TLS protocol versions,TLS 1.2,https://developers.line.biz/en/docs/messaging-api/ssl-tls-spec-of-the-webhook-source/
messaging-api,messaging-api/ssl-tls-spec-of-the-webhook-source,SSL/TLS specification of the webhook source,Supported cipher suites,TLS_ECDHE_RSA_WITH_AES_128_GCM_SHA256,Supported HTTP versions,HTTP/1.0 HTTP/1.1 HTTP/2,https://developers.line.biz/en/docs/messaging-api/ssl-tls-spec-of-the-webhook-source/
messaging-api,messaging-api/ssl-tls-spec-of-the-webhook-source,SSL/TLS specification of the webhook source,Supported cipher suites,TLS_ECDHE_ECDSA_WITH_AES_256_GCM_SHA384,OpenSSL,ECDHE-ECDSA-AES256-GCM-SHA384,https://developers.line.biz/en/docs/messaging-api/ssl-tls-spec-of-the-webhook-source/
messaging-api,messaging-api/ssl-tls-spec-of-the-webhook-source,SSL/TLS specification of the webhook source,Supported cipher suites,TLS_ECDHE_ECDSA_WITH_AES_256_GCM_SHA384,Hex code,"0xc0, 0x2c",https://developers.line.biz/en/docs/messaging-api/ssl-tls-spec-of-the-webhook-source/
messaging-api,messaging-api/ssl-tls-spec-of-the-webhook-source,SSL/TLS specification of the webhook source,Supported cipher suites,TLS_ECDHE_ECDSA_WITH_AES_256_GCM_SHA384,Supported SSL/TLS protocol versions,TLS 1.2,https://developers.line.biz/en/docs/messaging-api/ssl-tls-spec-of-the-webhook-source/
messaging-api,messaging-api/ssl-tls-spec-of-the-webhook-source,SSL/TLS specification of the webhook source,Supported cipher suites,TLS_ECDHE_ECDSA_WITH_AES_256_GCM_SHA384,Supported HTTP versions,HTTP/1.0 HTTP/1.1 HTTP/2,https://developers.line.biz/en/docs/messaging-api/ssl-tls-spec-of-the-webhook-source/
messaging-api,messaging-api/ssl-tls-spec-of-the-webhook-source,SSL/TLS specification of the webhook source,Supported cipher suites,TLS_ECDHE_RSA_WITH_AES_256_GCM_SHA384,OpenSSL,ECDHE-RSA-AES256-GCM-SHA384,https://developers.line.biz/en/docs/messaging-api/ssl-tls-spec-of-the-webhook-source/
messaging-api,messaging-api/ssl-tls-spec-of-the-webhook-source,SSL/TLS specification of the webhook source,Supported cipher suites,TLS_ECDHE_RSA_WITH_AES_256_GCM_SHA384,Hex code,"0xc0, 0x30",https://developers.line.biz/en/docs/messaging-api/ssl-tls-spec-of-the-webhook-source/
messaging-api,messaging-api/ssl-tls-spec-of-the-webhook-source,SSL/TLS specification of the webhook source,Supported cipher suites,TLS_ECDHE_RSA_WITH_AES_256_GCM_SHA384,Supported SSL/TLS protocol versions,TLS 1.2,https://developers.line.biz/en/docs/messaging-api/ssl-tls-spec-of-the-webhook-source/
messaging-api,messaging-api/ssl-tls-spec-of-the-webhook-source,SSL/TLS specification of the webhook source,Supported cipher suites,TLS_ECDHE_RSA_WITH_AES_256_GCM_SHA384,Supported HTTP versions,HTTP/1.0 HTTP/1.1 HTTP/2,https://developers.line.biz/en/docs/messaging-api/ssl-tls-spec-of-the-webhook-source/
messaging-api,messaging-api/ssl-tls-spec-of-the-webhook-source,SSL/TLS specification of the webhook source,Supported cipher suites,TLS_ECDHE_ECDSA_WITH_CHACHA20_POLY1305_SHA256,OpenSSL,ECDHE-ECDSA-CHACHA20-POLY1305,https://developers.line.biz/en/docs/messaging-api/ssl-tls-spec-of-the-webhook-source/
messaging-api,messaging-api/ssl-tls-spec-of-the-webhook-source,SSL/TLS specification of the webhook source,Supported cipher suites,TLS_ECDHE_ECDSA_WITH_CHACHA20_POLY1305_SHA256,Hex code,"0xcc, 0xa9",https://developers.line.biz/en/docs/messaging-api/ssl-tls-spec-of-the-webhook-source/
messaging-api,messaging-api/ssl-tls-spec-of-the-webhook-source,SSL/TLS specification of the webhook source,Supported cipher suites,TLS_ECDHE_ECDSA_WITH_CHACHA20_POLY1305_SHA256,Supported SSL/TLS protocol versions,TLS 1.2,https://developers.line.biz/en/docs/messaging-api/ssl-tls-spec-of-the-webhook-source/
messaging-api,messaging-api/ssl-tls-spec-of-the-webhook-source,SSL/TLS specification of the webhook source,Supported cipher suites,TLS_ECDHE_ECDSA_WITH_CHACHA20_POLY1305_SHA256,Supported HTTP versions,HTTP/1.0 HTTP/1.1 HTTP/2,https://developers.line.biz/en/docs/messaging-api/ssl-tls-spec-of-the-webhook-source/
messaging-api,messaging-api/ssl-tls-spec-of-the-webhook-source,SSL/TLS specification of the webhook source,Supported cipher suites,TLS_ECDHE_RSA_WITH_CHACHA20_POLY1305_SHA256,OpenSSL,ECDHE-RSA-CHACHA20-POLY1305,https://developers.line.biz/en/docs/messaging-api/ssl-tls-spec-of-the-webhook-source/
messaging-api,messaging-api/ssl-tls-spec-of-the-webhook-source,SSL/TLS specification of the webhook source,Supported cipher suites,TLS_ECDHE_RSA_WITH_CHACHA20_POLY1305_SHA256,Hex code,"0xcc, 0xa8",https://developers.line.biz/en/docs/messaging-api/ssl-tls-spec-of-the-webhook-source/
messaging-api,messaging-api/ssl-tls-spec-of-the-webhook-source,SSL/TLS specification of the webhook source,Supported cipher suites,TLS_ECDHE_RSA_WITH_CHACHA20_POLY1305_SHA256,Supported SSL/TLS protocol versions,TLS 1.2,https://developers.line.biz/en/docs/messaging-api/ssl-tls-spec-of-the-webhook-source/
messaging-api,messaging-api/ssl-tls-spec-of-the-webhook-source,SSL/TLS specification of the webhook source,Supported cipher suites,TLS_ECDHE_RSA_WITH_CHACHA20_POLY1305_SHA256,Supported HTTP versions,HTTP/1.0 HTTP/1.1 HTTP/2,https://developers.line.biz/en/docs/messaging-api/ssl-tls-spec-of-the-webhook-source/
messaging-api,messaging-api/ssl-tls-spec-of-the-webhook-source,SSL/TLS specification of the webhook source,Supported cipher suites,TLS_ECDHE_RSA_WITH_AES_128_CBC_SHA,OpenSSL,ECDHE-RSA-AES128-SHA,https://developers.line.biz/en/docs/messaging-api/ssl-tls-spec-of-the-webhook-source/
messaging-api,messaging-api/ssl-tls-spec-of-the-webhook-source,SSL/TLS specification of the webhook source,Supported cipher suites,TLS_ECDHE_RSA_WITH_AES_128_CBC_SHA,Hex code,"0xc0, 0x13",https://developers.line.biz/en/docs/messaging-api/ssl-tls-spec-of-the-webhook-source/
messaging-api,messaging-api/ssl-tls-spec-of-the-webhook-source,SSL/TLS specification of the webhook source,Supported cipher suites,TLS_ECDHE_RSA_WITH_AES_128_CBC_SHA,Status,Deprecated,https://developers.line.biz/en/docs/messaging-api/ssl-tls-spec-of-the-webhook-source/
messaging-api,messaging-api/ssl-tls-spec-of-the-webhook-source,SSL/TLS specification of the webhook source,Supported cipher suites,TLS_ECDHE_RSA_WITH_AES_128_CBC_SHA,Supported SSL/TLS protocol versions,TLS 1.2,https://developers.line.biz/en/docs/messaging-api/ssl-tls-spec-of-the-webhook-source/
messaging-api,messaging-api/ssl-tls-spec-of-the-webhook-source,SSL/TLS specification of the webhook source,Supported cipher suites,TLS_ECDHE_RSA_WITH_AES_128_CBC_SHA,Supported HTTP versions,HTTP/1.0 HTTP/1.1,https://developers.line.biz/en/docs/messaging-api/ssl-tls-spec-of-the-webhook-source/
messaging-api,messaging-api/ssl-tls-spec-of-the-webhook-source,SSL/TLS specification of the webhook source,Supported cipher suites,TLS_ECDHE_RSA_WITH_AES_256_CBC_SHA,OpenSSL,ECDHE-RSA-AES256-SHA,https://developers.line.biz/en/docs/messaging-api/ssl-tls-spec-of-the-webhook-source/
messaging-api,messaging-api/ssl-tls-spec-of-the-webhook-source,SSL/TLS specification of the webhook source,Supported cipher suites,TLS_ECDHE_RSA_WITH_AES_256_CBC_SHA,Hex code,"0xc0, 0x14",https://developers.line.biz/en/docs/messaging-api/ssl-tls-spec-of-the-webhook-source/
messaging-api,messaging-api/ssl-tls-spec-of-the-webhook-source,SSL/TLS specification of the webhook source,Supported cipher suites,TLS_ECDHE_RSA_WITH_AES_256_CBC_SHA,Status,Deprecated,https://developers.line.biz/en/docs/messaging-api/ssl-tls-spec-of-the-webhook-source/
messaging-api,messaging-api/ssl-tls-spec-of-the-webhook-source,SSL/TLS specification of the webhook source,Supported cipher suites,TLS_ECDHE_RSA_WITH_AES_256_CBC_SHA,Supported SSL/TLS protocol versions,TLS 1.2,https://developers.line.biz/en/docs/messaging-api/ssl-tls-spec-of-the-webhook-source/
messaging-api,messaging-api/ssl-tls-spec-of-the-webhook-source,SSL/TLS specification of the webhook source,Supported cipher suites,TLS_ECDHE_RSA_WITH_AES_256_CBC_SHA,Supported HTTP versions,HTTP/1.0 HTTP/1.1,https://developers.line.biz/en/docs/messaging-api/ssl-tls-spec-of-the-webhook-source/
messaging-api,messaging-api/ssl-tls-spec-of-the-webhook-source,SSL/TLS specification of the webhook source,Supported cipher suites,TLS_RSA_WITH_AES_128_GCM_SHA256,OpenSSL,AES128-GCM-SHA256,https://developers.line.biz/en/docs/messaging-api/ssl-tls-spec-of-the-webhook-source/
messaging-api,messaging-api/ssl-tls-spec-of-the-webhook-source,SSL/TLS specification of the webhook source,Supported cipher suites,TLS_RSA_WITH_AES_128_GCM_SHA256,Hex code,"0x00, 0x9c",https://developers.line.biz/en/docs/messaging-api/ssl-tls-spec-of-the-webhook-source/
messaging-api,messaging-api/ssl-tls-spec-of-the-webhook-source,SSL/TLS specification of the webhook source,Supported cipher suites,TLS_RSA_WITH_AES_128_GCM_SHA256,Status,Deprecated,https://developers.line.biz/en/docs/messaging-api/ssl-tls-spec-of-the-webhook-source/
messaging-api,messaging-api/ssl-tls-spec-of-the-webhook-source,SSL/TLS specification of the webhook source,Supported cipher suites,TLS_RSA_WITH_AES_128_GCM_SHA256,Supported SSL/TLS protocol versions,TLS 1.2,https://developers.line.biz/en/docs/messaging-api/ssl-tls-spec-of-the-webhook-source/
messaging-api,messaging-api/ssl-tls-spec-of-the-webhook-source,SSL/TLS specification of the webhook source,Supported cipher suites,TLS_RSA_WITH_AES_128_GCM_SHA256,Supported HTTP versions,HTTP/1.0 HTTP/1.1,https://developers.line.biz/en/docs/messaging-api/ssl-tls-spec-of-the-webhook-source/
messaging-api,messaging-api/ssl-tls-spec-of-the-webhook-source,SSL/TLS specification of the webhook source,Supported cipher suites,TLS_RSA_WITH_AES_128_CBC_SHA,OpenSSL,AES128-SHA,https://developers.line.biz/en/docs/messaging-api/ssl-tls-spec-of-the-webhook-source/
messaging-api,messaging-api/ssl-tls-spec-of-the-webhook-source,SSL/TLS specification of the webhook source,Supported cipher suites,TLS_RSA_WITH_AES_128_CBC_SHA,Hex code,"0x00, 0x2f",https://developers.line.biz/en/docs/messaging-api/ssl-tls-spec-of-the-webhook-source/
messaging-api,messaging-api/ssl-tls-spec-of-the-webhook-source,SSL/TLS specification of the webhook source,Supported cipher suites,TLS_RSA_WITH_AES_128_CBC_SHA,Status,Deprecated,https://developers.line.biz/en/docs/messaging-api/ssl-tls-spec-of-the-webhook-source/
messaging-api,messaging-api/ssl-tls-spec-of-the-webhook-source,SSL/TLS specification of the webhook source,Supported cipher suites,TLS_RSA_WITH_AES_128_CBC_SHA,Supported SSL/TLS protocol versions,TLS 1.2,https://developers.line.biz/en/docs/messaging-api/ssl-tls-spec-of-the-webhook-source/
messaging-api,messaging-api/ssl-tls-spec-of-the-webhook-source,SSL/TLS specification of the webhook source,Supported cipher suites,TLS_RSA_WITH_AES_128_CBC_SHA,Supported HTTP versions,HTTP/1.0 HTTP/1.1,https://developers.line.biz/en/docs/messaging-api/ssl-tls-spec-of-the-webhook-source/
messaging-api,messaging-api/ssl-tls-spec-of-the-webhook-source,SSL/TLS specification of the webhook source,Supported cipher suites,TLS_RSA_WITH_AES_256_CBC_SHA,OpenSSL,AES256-SHA,https://developers.line.biz/en/docs/messaging-api/ssl-tls-spec-of-the-webhook-source/
messaging-api,messaging-api/ssl-tls-spec-of-the-webhook-source,SSL/TLS specification of the webhook source,Supported cipher suites,TLS_RSA_WITH_AES_256_CBC_SHA,Hex code,"0x00, 0x35",https://developers.line.biz/en/docs/messaging-api/ssl-tls-spec-of-the-webhook-source/
messaging-api,messaging-api/ssl-tls-spec-of-the-webhook-source,SSL/TLS specification of the webhook source,Supported cipher suites,TLS_RSA_WITH_AES_256_CBC_SHA,Status,Deprecated,https://developers.line.biz/en/docs/messaging-api/ssl-tls-spec-of-the-webhook-source/
messaging-api,messaging-api/ssl-tls-spec-of-the-webhook-source,SSL/TLS specification of the webhook source,Supported cipher suites,TLS_RSA_WITH_AES_256_CBC_SHA,Supported SSL/TLS protocol versions,TLS 1.2,https://developers.line.biz/en/docs/messaging-api/ssl-tls-spec-of-the-webhook-source/
messaging-api,messaging-api/ssl-tls-spec-of-the-webhook-source,SSL/TLS specification of the webhook source,Supported cipher suites,TLS_RSA_WITH_AES_256_CBC_SHA,Supported HTTP versions,HTTP/1.0 HTTP/1.1,https://developers.line.biz/en/docs/messaging-api/ssl-tls-spec-of-the-webhook-source/
messaging-api,messaging-api/ssl-tls-spec-of-the-webhook-source,SSL/TLS specification of the webhook source,Supported SSL/TLS protocol versions,TLS 1.3,Supported,✅,https://developers.line.biz/en/docs/messaging-api/ssl-tls-spec-of-the-webhook-source/
messaging-api,messaging-api/ssl-tls-spec-of-the-webhook-source,SSL/TLS specification of the webhook source,Supported SSL/TLS protocol versions,TLS 1.2,Supported,✅,https://developers.line.biz/en/docs/messaging-api/ssl-tls-spec-of-the-webhook-source/
messaging-api,messaging-api/ssl-tls-spec-of-the-webhook-source,SSL/TLS specification of the webhook source,Supported SSL/TLS protocol versions,TLS 1.1 or lower,Supported,❌,https://developers.line.biz/en/docs/messaging-api/ssl-tls-spec-of-the-webhook-source/
messaging-api,messaging-api/technicalcase/resortbaito-dive,"A case study on the development of \""Resort Baito Dive\"" to enhance temporary staff satisfaction",Service overview and issues to address,Service overview and issues to address,限制（寫在內文）,"During peak months, the number of messages sent reaches approximately 63,000 per month.",https://developers.line.biz/en/docs/messaging-api/technicalcase/resortbaito-dive/
messaging-api,messaging-api/text-character-count,Character counting in a text,,All action objects,Property,label,https://developers.line.biz/en/docs/messaging-api/text-character-count/
messaging-api,messaging-api/text-character-count,Character counting in a text,,Postback action objects,Property,displayText fillInText label text,https://developers.line.biz/en/docs/messaging-api/text-character-count/
messaging-api,messaging-api/text-character-count,Character counting in a text,,Message action objects,Property,label text,https://developers.line.biz/en/docs/messaging-api/text-character-count/
messaging-api,messaging-api/text-character-count,Character counting in a text,,Buttons template messages,Property,text title,https://developers.line.biz/en/docs/messaging-api/text-character-count/
messaging-api,messaging-api/text-character-count,Character counting in a text,,Confirm template messages,Property,text,https://developers.line.biz/en/docs/messaging-api/text-character-count/
messaging-api,messaging-api/text-character-count,Character counting in a text,,Carousel template messages,Property,text title,https://developers.line.biz/en/docs/messaging-api/text-character-count/
messaging-api,messaging-api/text-character-count,Character counting in a text,,Rich menu objects,Property,chatBarText name,https://developers.line.biz/en/docs/messaging-api/text-character-count/
messaging-api,messaging-api/try-rich-menu,Play with rich menus,Add Rich Menu Playground,URL,How to add,Open https://lin.ee/7ALASDvA on your smartphone browser and add.,https://developers.line.biz/en/docs/messaging-api/try-rich-menu/
messaging-api,messaging-api/try-rich-menu,Play with rich menus,Add Rich Menu Playground,QR code,How to add,Scan this QR code for Rich Menu Playground and add. [^qrcode],https://developers.line.biz/en/docs/messaging-api/try-rich-menu/
messaging-api,messaging-api/try-rich-menu,Play with rich menus,Add Rich Menu Playground,ID,How to add,Search for the ID @try_richmenu from LINE and add the account.[^search-line-id],https://developers.line.biz/en/docs/messaging-api/try-rich-menu/
messaging-api,messaging-api/try-rich-menu,Play with rich menus,Test message action,Send message,Action,Sends a message,https://developers.line.biz/en/docs/messaging-api/try-rich-menu/
messaging-api,messaging-api/try-rich-menu,Play with rich menus,Test message action,Send message,Action object,"{""type"":""message"", ""label"":""メッセージを送信する"",""text"":""message sent successfully!""}",https://developers.line.biz/en/docs/messaging-api/try-rich-menu/
messaging-api,messaging-api/try-rich-menu,Play with rich menus,Test postback action (1),With displayText,Action,Triggers a postback action and shows a text in the chat,https://developers.line.biz/en/docs/messaging-api/try-rich-menu/
messaging-api,messaging-api/try-rich-menu,Play with rich menus,Test postback action (1),With displayText,Action object,"{""type"":""postback"",""label"":""ディスプレイテキストあり"",""data"":""actionId=21"",""displayText"":""ディスプレイテキストです。トーク画面に表示されます。""}",https://developers.line.biz/en/docs/messaging-api/try-rich-menu/
messaging-api,messaging-api/try-rich-menu,Play with rich menus,Test postback action (1),No displayText,Action,Triggers a postback action and shows no text in the chat,https://developers.line.biz/en/docs/messaging-api/try-rich-menu/
messaging-api,messaging-api/try-rich-menu,Play with rich menus,Test postback action (1),No displayText,Action object,"{""type"":""postback"",""label"":""ディスプレイテキストなし"",""data"":""actionId=22""}",https://developers.line.biz/en/docs/messaging-api/try-rich-menu/
messaging-api,messaging-api/try-rich-menu,Play with rich menus,Test postback action (2),Open rich menu,Action,Executes a postback action with inputOption:openRichMenu set.,https://developers.line.biz/en/docs/messaging-api/try-rich-menu/
messaging-api,messaging-api/try-rich-menu,Play with rich menus,Test postback action (2),Open rich menu,Action object,"{""type"":""postback"",""label"":""リッチメニューを開く"",""data"":""actionId="",""inputOption"":""openRichMenu""}",https://developers.line.biz/en/docs/messaging-api/try-rich-menu/
messaging-api,messaging-api/try-rich-menu,Play with rich menus,Test postback action (2),Close rich menu,Action,Executes a postback action with inputOption:closeRichMenu set.,https://developers.line.biz/en/docs/messaging-api/try-rich-menu/
messaging-api,messaging-api/try-rich-menu,Play with rich menus,Test postback action (2),Close rich menu,Action object,"{""type"":""postback"",""label"":""リッチメニューを閉じる"",""data"":""actionId="",""inputOption"":""closeRichMenu""}",https://developers.line.biz/en/docs/messaging-api/try-rich-menu/
messaging-api,messaging-api/try-rich-menu,Play with rich menus,Test postback action (3),Open keyboard,Action,Executes a postback action with inputOption:openKeyboard set.,https://developers.line.biz/en/docs/messaging-api/try-rich-menu/
messaging-api,messaging-api/try-rich-menu,Play with rich menus,Test postback action (3),Open keyboard,Action object,"{""type"":""postback"",""label"":""キーボードを開く"",""data"":""actionId="",""inputOption"":""openKeyboard""}",https://developers.line.biz/en/docs/messaging-api/try-rich-menu/
messaging-api,messaging-api/try-rich-menu,Play with rich menus,Test postback action (3),Open keyboard with fillinText,Action,Executes a postback action with inputOption:openKeyboard and fillInText set.,https://developers.line.biz/en/docs/messaging-api/try-rich-menu/
messaging-api,messaging-api/try-rich-menu,Play with rich menus,Test postback action (3),Open keyboard with fillinText,Action object,"{""type"":""postback"",""label"":""キーボードを開くフィルインテキストあり"",""data"":""actionId="",""inputOption"":""openKeyboard"",""fillInText"":""---\予約番号: \予約メニュー番号: \n予約日時: \n---""}",https://developers.line.biz/en/docs/messaging-api/try-rich-menu/
messaging-api,messaging-api/try-rich-menu,Play with rich menus,Test postback action (3),Open voice message input mode,Action,Executes a postback action with inputOption:openVoice set.,https://developers.line.biz/en/docs/messaging-api/try-rich-menu/
messaging-api,messaging-api/try-rich-menu,Play with rich menus,Test postback action (3),Open voice message input mode,Action object,"{""type"":""postback"",""label"":""ボイスメッセージ入力モードを開く"",""data"":""actionId="",""inputOption"":""openVoice""}",https://developers.line.biz/en/docs/messaging-api/try-rich-menu/
messaging-api,messaging-api/try-rich-menu,Play with rich menus,Test URI Action,Open a URL,Action,Opens the specified URI,https://developers.line.biz/en/docs/messaging-api/try-rich-menu/
messaging-api,messaging-api/try-rich-menu,Play with rich menus,Test URI Action,Open a URL,Action object,"{""type"":""uri"",""label"":""URLを開く"",""uri"":""https://developers.line.biz/docs/messaging-api/actions/#uri-action""}",https://developers.line.biz/en/docs/messaging-api/try-rich-menu/
messaging-api,messaging-api/try-rich-menu,Play with rich menus,Test URI Action,Open in an external browser,Action,Opens the URI in an external browser (openExternalBrowser=0),https://developers.line.biz/en/docs/messaging-api/try-rich-menu/
messaging-api,messaging-api/try-rich-menu,Play with rich menus,Test URI Action,Open in an external browser,Action object,"{""type"":""uri"",""label"":""外部ブラウザで開く"",""uri"":""https://developers.line.biz/docs/messaging-api/actions/?openExternalBrowser=1#uri-action""}",https://developers.line.biz/en/docs/messaging-api/try-rich-menu/
messaging-api,messaging-api/try-rich-menu,Play with rich menus,Test URI Action,Open in a Chrome custom tab (Android only),Action,"Opens the URI in the in-app browser, if supported (openInAppBrowser=0)",https://developers.line.biz/en/docs/messaging-api/try-rich-menu/
messaging-api,messaging-api/try-rich-menu,Play with rich menus,Test URI Action,Open in a Chrome custom tab (Android only),Action object,"{""type"":""uri"",""label"":""Chromeカスタムタブで開く"",""uri"":""https://developers.line.biz/docs/messaging-api/actions/?openInAppBrowser=0#uri-action""}",https://developers.line.biz/en/docs/messaging-api/try-rich-menu/
messaging-api,messaging-api/try-rich-menu,Play with rich menus,Test URI Action,Check configuration (The white buttons),Action,Doesn't open a URI but shows you the values set in the URI action object,https://developers.line.biz/en/docs/messaging-api/try-rich-menu/
messaging-api,messaging-api/try-rich-menu,Play with rich menus,Test URI Action,Check configuration (The white buttons),Action object,Not applicable,https://developers.line.biz/en/docs/messaging-api/try-rich-menu/
messaging-api,messaging-api/try-rich-menu,Play with rich menus,Test datetime picker action,Date and time selection (datetime mode),Action,Opens the date time picker set to the current date and time (mode set to datetime),https://developers.line.biz/en/docs/messaging-api/try-rich-menu/
messaging-api,messaging-api/try-rich-menu,Play with rich menus,Test datetime picker action,Date and time selection (datetime mode),Action object,"{""type"":""datetimepicker"",""label"":""datetimeモード"",""data"":""actionId=31"",""mode"":""datetime""}",https://developers.line.biz/en/docs/messaging-api/try-rich-menu/
messaging-api,messaging-api/try-rich-menu,Play with rich menus,Test datetime picker action,With initial value set (with initial property),Action,Opens the date time picker set to the value of the initial property,https://developers.line.biz/en/docs/messaging-api/try-rich-menu/
messaging-api,messaging-api/try-rich-menu,Play with rich menus,Test datetime picker action,With initial value set (with initial property),Action object,"{""type"":""datetimepicker"",""label"":""初期値設定あり"",""data"":""actionId=32"",""initial:""2021-11-01t00:00"",""mode"":""datetime""}",https://developers.line.biz/en/docs/messaging-api/try-rich-menu/
messaging-api,messaging-api/try-rich-menu,Play with rich menus,Test datetime picker action,"With max and min values set (with min, max properties)",Action,Opens the date time picker with min and max dates set,https://developers.line.biz/en/docs/messaging-api/try-rich-menu/
messaging-api,messaging-api/try-rich-menu,Play with rich menus,Test datetime picker action,"With max and min values set (with min, max properties)",Action object,"{""type"":""datetimepicker"",""label"":""最大・最小値設定あり"",""data"":""actionId=33"",""mode"":""datetime"",""max"":""2021-12-31t23:59"",""min"":""2021-11-01t00:00""}",https://developers.line.biz/en/docs/messaging-api/try-rich-menu/
messaging-api,messaging-api/try-rich-menu,Play with rich menus,Test datetime picker action,Select date (date mode),Action,Opens the date time picker set to the current date,https://developers.line.biz/en/docs/messaging-api/try-rich-menu/
messaging-api,messaging-api/try-rich-menu,Play with rich menus,Test datetime picker action,Select date (date mode),Action object,"{""type"":""datetimepicker"",""label"":""dateモード"",""data"":""actionId=34"",""mode"":""date""}",https://developers.line.biz/en/docs/messaging-api/try-rich-menu/
messaging-api,messaging-api/try-rich-menu,Play with rich menus,Test datetime picker action,Select time (time mode),Action,Opens the date time picker set to the current time,https://developers.line.biz/en/docs/messaging-api/try-rich-menu/
messaging-api,messaging-api/try-rich-menu,Play with rich menus,Test datetime picker action,Select time (time mode),Action object,"{""type"":""datetimepicker"",""label"":""timeモード"",""data"":""actionId=35"",""mode"":""time""}",https://developers.line.biz/en/docs/messaging-api/try-rich-menu/
messaging-api,messaging-api/try-rich-menu,Play with rich menus,Test rich menu switch action,Switch rich menu,Action,Switches the rich menu,https://developers.line.biz/en/docs/messaging-api/try-rich-menu/
messaging-api,messaging-api/try-rich-menu,Play with rich menus,Test rich menu switch action,Switch rich menu,Action object,"{""type"":""richmenuswitch"",""label"":""リッチメニューを切り替える"",""richMenuAliasId"":""richmenu-richmenuswitch_2"",""data"":""actionId=42""}",https://developers.line.biz/en/docs/messaging-api/try-rich-menu/
messaging-api,messaging-api/try-rich-menu,Play with rich menus,Test rich menu switch action,Switch rich menu to a smaller size,Action,Switches the rich menu to the smaller size specified by the height of the size property in the rich menu object,https://developers.line.biz/en/docs/messaging-api/try-rich-menu/
messaging-api,messaging-api/try-rich-menu,Play with rich menus,Test rich menu switch action,Switch rich menu to a smaller size,Action object,"{""type"":""richmenuswitch"",""label"":""小さいサイズのリッチメニューに切り替える"",""richMenuAliasId"":""richmenu-richmenuswitch_3"",""data"":""actionId=43""}",https://developers.line.biz/en/docs/messaging-api/try-rich-menu/
messaging-api,messaging-api/unit-based-statistics-aggregation,Get statistics of sent messages,What are message statistics,500,Number of openings,433,https://developers.line.biz/en/docs/messaging-api/unit-based-statistics-aggregation/
messaging-api,messaging-api/unit-based-statistics-aggregation,Get statistics of sent messages,What are message statistics,500,Opening rate,87%,https://developers.line.biz/en/docs/messaging-api/unit-based-statistics-aggregation/
messaging-api,messaging-api/unit-based-statistics-aggregation,Get statistics of sent messages,What are message statistics,500,Number of URL taps,323,https://developers.line.biz/en/docs/messaging-api/unit-based-statistics-aggregation/
messaging-api,messaging-api/unit-based-statistics-aggregation,Get statistics of sent messages,What are message statistics,500,URL tap rate,65%,https://developers.line.biz/en/docs/messaging-api/unit-based-statistics-aggregation/
messaging-api,messaging-api/unit-based-statistics-aggregation,Get statistics of sent messages,2. Get and aggregate statistics,150,Number of openings,111,https://developers.line.biz/en/docs/messaging-api/unit-based-statistics-aggregation/
messaging-api,messaging-api/unit-based-statistics-aggregation,Get statistics of sent messages,2. Get and aggregate statistics,150,Opening rate,74%,https://developers.line.biz/en/docs/messaging-api/unit-based-statistics-aggregation/
messaging-api,messaging-api/unit-based-statistics-aggregation,Get statistics of sent messages,2. Get and aggregate statistics,150,Number of URL taps,74,https://developers.line.biz/en/docs/messaging-api/unit-based-statistics-aggregation/
messaging-api,messaging-api/unit-based-statistics-aggregation,Get statistics of sent messages,2. Get and aggregate statistics,150,URL tap rate,67%,https://developers.line.biz/en/docs/messaging-api/unit-based-statistics-aggregation/
messaging-api,messaging-api/unit-based-statistics-aggregation,Get statistics of sent messages,Maximum number of unit name types,Maximum number of unit name types,限制（寫在內文）,"During the current month (from the 1st to the last day of the month), you can send messages with up to 1,000 different unit names.",https://developers.line.biz/en/docs/messaging-api/unit-based-statistics-aggregation/
messaging-api,messaging-api/using-audience,Use audiences,Create an audience,Audience for uploading user IDs,Description,A set of users specified with user IDs or IFA (Identifier For Advertisers),https://developers.line.biz/en/docs/messaging-api/using-audience/
messaging-api,messaging-api/using-audience,Use audiences,Create an audience,Message click audience,Description,A set of users who clicked a URL in a message sent,https://developers.line.biz/en/docs/messaging-api/using-audience/
messaging-api,messaging-api/using-audience,Use audiences,Create an audience,Message impression audience,Description,A set of users who read a message sent,https://developers.line.biz/en/docs/messaging-api/using-audience/
messaging-api,messaging-api/using-audience,Use audiences,Share audiences,Messaging API,Tool that uses audience,LINE Official Account Manager,https://developers.line.biz/en/docs/messaging-api/using-audience/
messaging-api,messaging-api/using-audience,Use audiences,Share audiences,Messaging API,Availability of audience,✅,https://developers.line.biz/en/docs/messaging-api/using-audience/
messaging-api,messaging-api/using-audience,Use audiences,Share audiences,LINE Official Account Manager,Tool that uses audience,Messaging API,https://developers.line.biz/en/docs/messaging-api/using-audience/
messaging-api,messaging-api/using-audience,Use audiences,Share audiences,LINE Official Account Manager,Availability of audience,✅,https://developers.line.biz/en/docs/messaging-api/using-audience/
messaging-api,messaging-api/using-audience,Use audiences,Share audiences,Messaging API,Tool that uses audience,Tools other than LINE Official Account Manager,https://developers.line.biz/en/docs/messaging-api/using-audience/
messaging-api,messaging-api/using-audience,Use audiences,Share audiences,Messaging API,Availability of audience,✅ \*1,https://developers.line.biz/en/docs/messaging-api/using-audience/
messaging-api,messaging-api/using-audience,Use audiences,Share audiences,Tools other than LINE Official Account Manager,Tool that uses audience,Messaging API,https://developers.line.biz/en/docs/messaging-api/using-audience/
messaging-api,messaging-api/using-audience,Use audiences,Share audiences,Tools other than LINE Official Account Manager,Availability of audience,✅ \*1,https://developers.line.biz/en/docs/messaging-api/using-audience/
messaging-api,messaging-api/using-audience,Use audiences,Audience specification,Number of audiences per channel,Specification,"1,000 at maximum",https://developers.line.biz/en/docs/messaging-api/using-audience/
messaging-api,messaging-api/using-audience,Use audiences,Audience specification,Retention period,Specification,"180 days (15,552,000 seconds) at maximum",https://developers.line.biz/en/docs/messaging-api/using-audience/
messaging-api,messaging-api/using-audience,Use audiences,Audience specification,Number of user IDs or IFAs uploadable per request to make an audience,Specification,"JSON: 10,000 at maximum File: 1,500,000 at maximum",https://developers.line.biz/en/docs/messaging-api/using-audience/
messaging-api,messaging-api/using-audience,Use audiences,Audience specification,Number of users per audience,Specification,Audience for uploading user IDs: No limit Message click audience: Minimum 50 Message impression audience: Minimum 50,https://developers.line.biz/en/docs/messaging-api/using-audience/
messaging-api,messaging-api/using-audience,Use audiences,Audience specification,Time limit to create a retargeting audience[^retargeting-audiences] after you send a message,Specification,"60 days (5,184,000 seconds) at maximum",https://developers.line.biz/en/docs/messaging-api/using-audience/
messaging-api,messaging-api/using-flex-message-simulator,Tutorial - Create a digital business card with Flex Message Simulator,7-1. Add a button to jump to the company's website,https,Domain name,example.com,https://developers.line.biz/en/docs/messaging-api/using-flex-message-simulator/
messaging-api,messaging-api/using-flex-message-simulator,Tutorial - Create a digital business card with Flex Message Simulator,7-1. Add a button to jump to the company's website,https,Path,/path,https://developers.line.biz/en/docs/messaging-api/using-flex-message-simulator/
messaging-api,messaging-api/using-flex-message-simulator,Tutorial - Create a digital business card with Flex Message Simulator,7-1. Add a button to jump to the company's website,https,Query parameter,q=Good morning,https://developers.line.biz/en/docs/messaging-api/using-flex-message-simulator/
messaging-api,messaging-api/using-flex-message-simulator,Tutorial - Create a digital business card with Flex Message Simulator,7-1. Add a button to jump to the company's website,https,Fragment,Good afternoon,https://developers.line.biz/en/docs/messaging-api/using-flex-message-simulator/
messaging-api,messaging-api/using-flex-messages,Send Flex Messages,Operating environment,maxWidth property of box maxHeight property of box lineSpacing property of text Video \*1,LINE for iOS LINE for Android,11.22.0 or later,https://developers.line.biz/en/docs/messaging-api/using-flex-messages/
messaging-api,messaging-api/using-flex-messages,Send Flex Messages,Operating environment,maxWidth property of box maxHeight property of box lineSpacing property of text Video \*1,"LINE for PC (macOS, Windows)",7.7.0 or later,https://developers.line.biz/en/docs/messaging-api/using-flex-messages/
messaging-api,messaging-api/using-flex-messages,Send Flex Messages,Operating environment,"The deca and hecto values in the size property of bubble \*2 scaling property of button, text, and icon",LINE for iOS LINE for Android,13.6.0 or later,https://developers.line.biz/en/docs/messaging-api/using-flex-messages/
messaging-api,messaging-api/using-flex-messages,Send Flex Messages,Operating environment,"The deca and hecto values in the size property of bubble \*2 scaling property of button, text, and icon","LINE for PC (macOS, Windows)",7.17.0 or later,https://developers.line.biz/en/docs/messaging-api/using-flex-messages/
messaging-api,messaging-api/using-line-url-scheme,Use LINE features with the LINE URL scheme,Supported LINE URL schemes,URL schemes beginning with https://line.me/R/,Description,URL scheme for using LINE app features,https://developers.line.biz/en/docs/messaging-api/using-line-url-scheme/
messaging-api,messaging-api/using-line-url-scheme,Use LINE features with the LINE URL scheme,Supported LINE URL schemes,URL schemes beginning with https://liff.line.me/,Description,URL scheme for opening the LIFF app,https://developers.line.biz/en/docs/messaging-api/using-line-url-scheme/
messaging-api,messaging-api/using-line-url-scheme,Use LINE features with the LINE URL scheme,Supported LINE URL schemes,URL schemes beginning with https://miniapp.line.me/,Description,URL scheme for opening the LINE MINI App,https://developers.line.biz/en/docs/messaging-api/using-line-url-scheme/
messaging-api,messaging-api/using-line-url-scheme,Use LINE features with the LINE URL scheme,What happens when a LINE URL scheme is clicked,https://line.me/R/,What happens when there is no LINE installed,A web browser is launched and prompts the user to download LINE.,https://developers.line.biz/en/docs/messaging-api/using-line-url-scheme/
messaging-api,messaging-api/using-line-url-scheme,Use LINE features with the LINE URL scheme,What happens when a LINE URL scheme is clicked,line:// (Deprecated),What happens when there is no LINE installed,Nothing happens or the user is redirected to an error page.,https://developers.line.biz/en/docs/messaging-api/using-line-url-scheme/
messaging-api,messaging-api/using-line-url-scheme,Use LINE features with the LINE URL scheme,Opening the camera and camera roll,https://line.me/R/nv/camera/,Description,"Opens the camera. For smartphones that have multiple cameras, such as front (in-camera) and rear (out-camera), you can't specify which camera to open.",https://developers.line.biz/en/docs/messaging-api/using-line-url-scheme/
messaging-api,messaging-api/using-line-url-scheme,Use LINE features with the LINE URL scheme,Opening the camera and camera roll,https://line.me/R/nv/cameraRoll/single,Description,Opens the camera roll. Users can select an image to share in a chat.,https://developers.line.biz/en/docs/messaging-api/using-line-url-scheme/
messaging-api,messaging-api/using-line-url-scheme,Use LINE features with the LINE URL scheme,Opening the camera and camera roll,https://line.me/R/nv/cameraRoll/multi,Description,Opens the camera roll. Users can select images to share in a chat.,https://developers.line.biz/en/docs/messaging-api/using-line-url-scheme/
messaging-api,messaging-api/using-line-url-scheme,Use LINE features with the LINE URL scheme,Sending location information,https://line.me/R/nv/location/,Description,Opens the location screen. Users can drop a pin on the map to select the location to share.,https://developers.line.biz/en/docs/messaging-api/using-line-url-scheme/
messaging-api,messaging-api/using-line-url-scheme,Use LINE features with the LINE URL scheme,Sharing a LINE Official Account,https://line.me/R/ti/p/{Percent-encoded LINE ID},Description,"Opens the LINE Official Account's profile page. If the user is a friend with your LINE Official Account, a one-on-one chat is displayed instead.",https://developers.line.biz/en/docs/messaging-api/using-line-url-scheme/
messaging-api,messaging-api/using-line-url-scheme,Use LINE features with the LINE URL scheme,Sharing a LINE Official Account,https://line.me/R/nv/recommendOA/{Percent-encoded LINE ID},Description,"Opens the ""Share with"" screen. Users can select friends, group chats, or multi-person chats to share your LINE Official Account with.",https://developers.line.biz/en/docs/messaging-api/using-line-url-scheme/
messaging-api,messaging-api/using-line-url-scheme,Use LINE features with the LINE URL scheme,Opening the LINE Official Account's LINE VOOM and business profile,https://line.me/R/home/public/main?id={LINE ID without @},Description,Opens the LINE Official Account's LINE VOOM.,https://developers.line.biz/en/docs/messaging-api/using-line-url-scheme/
messaging-api,messaging-api/using-line-url-scheme,Use LINE features with the LINE URL scheme,Opening the LINE Official Account's LINE VOOM and business profile,https://line.me/R/home/public/profile?id={LINE ID without @},Description,Opens the LINE Official Account's business profile.,https://developers.line.biz/en/docs/messaging-api/using-line-url-scheme/
messaging-api,messaging-api/using-line-url-scheme,Use LINE features with the LINE URL scheme,Opening the LINE Official Account's LINE VOOM and business profile,https://line.me/R/home/public/post?id={LINE ID without @}&postId={postId},Description,Opens the LINE Official Account's LINE VOOM post. Find the post ID of individual posts in the LINE VOOM Studio.,https://developers.line.biz/en/docs/messaging-api/using-line-url-scheme/
messaging-api,messaging-api/using-line-url-scheme,Use LINE features with the LINE URL scheme,Opening a chat screen with a LINE Official Account,https://line.me/R/oaMessage/{Percent-encoded LINE ID},Description,Opens a chat screen with your LINE Official Account.,https://developers.line.biz/en/docs/messaging-api/using-line-url-scheme/
messaging-api,messaging-api/using-line-url-scheme,Use LINE features with the LINE URL scheme,Opening a chat screen with a LINE Official Account,https://line.me/R/oaMessage/{Percent-encoded LINE ID}/?{text_message},Description,Opens a chat screen with your LINE Official Account and enters the text message set in {text_message} into the message input field.,https://developers.line.biz/en/docs/messaging-api/using-line-url-scheme/
messaging-api,messaging-api/using-line-url-scheme,Use LINE features with the LINE URL scheme,Opening profile information,https://line.me/R/nv/profile,Description,"Opens the user's ""My profile"" screen.",https://developers.line.biz/en/docs/messaging-api/using-line-url-scheme/
messaging-api,messaging-api/using-line-url-scheme,Use LINE features with the LINE URL scheme,Opening profile information,https://line.me/R/nv/profileSetId,Description,"Opens the user's ""LINE ID"" screen. With this URL scheme, you can let users set their LINE ID if they didn't set the ID yet.",https://developers.line.biz/en/docs/messaging-api/using-line-url-scheme/
messaging-api,messaging-api/using-line-url-scheme,Use LINE features with the LINE URL scheme,Opening common LINE screens,https://line.me/R/nv/chat,Description,Opens the Chats tab.,https://developers.line.biz/en/docs/messaging-api/using-line-url-scheme/
messaging-api,messaging-api/using-line-url-scheme,Use LINE features with the LINE URL scheme,Opening common LINE screens,https://line.me/R/nv/commerce,Description,Opens the Shopping tab.,https://developers.line.biz/en/docs/messaging-api/using-line-url-scheme/
messaging-api,messaging-api/using-line-url-scheme,Use LINE features with the LINE URL scheme,Opening common LINE screens,https://line.me/R/nv/wallet,Description,Opens the Wallet tab or the MINI Apps tab. The MINI Apps tab is only available to users in Japan.,https://developers.line.biz/en/docs/messaging-api/using-line-url-scheme/
messaging-api,messaging-api/using-line-url-scheme,Use LINE features with the LINE URL scheme,Opening common LINE screens,https://line.me/R/nv/addFriends,Description,"Opens the ""Add friends"" screen.",https://developers.line.biz/en/docs/messaging-api/using-line-url-scheme/
messaging-api,messaging-api/using-line-url-scheme,Use LINE features with the LINE URL scheme,Opening common LINE screens,https://line.me/R/nv/officialAccounts,Description,"Opens the ""LINE Official Accounts"" screen.",https://developers.line.biz/en/docs/messaging-api/using-line-url-scheme/
messaging-api,messaging-api/using-line-url-scheme,Use LINE features with the LINE URL scheme,Opening common LINE screens,https://line.me/R/nv/timeline,Description,"Opens the LINE VOOM ""Following"" screen.",https://developers.line.biz/en/docs/messaging-api/using-line-url-scheme/
messaging-api,messaging-api/using-line-url-scheme,Use LINE features with the LINE URL scheme,Opening LINE settings,https://line.me/R/nv/settings,Description,Opens Settings.,https://developers.line.biz/en/docs/messaging-api/using-line-url-scheme/
messaging-api,messaging-api/using-line-url-scheme,Use LINE features with the LINE URL scheme,Opening LINE settings,https://line.me/R/nv/settings/account,Description,Opens Account settings. Displays the user's LINE account information.,https://developers.line.biz/en/docs/messaging-api/using-line-url-scheme/
messaging-api,messaging-api/using-line-url-scheme,Use LINE features with the LINE URL scheme,Opening LINE settings,https://line.me/R/nv/connectedApps,Description,Opens Account > Authorized apps. Shows the permissions granted to authorized apps and lets users unlink apps.,https://developers.line.biz/en/docs/messaging-api/using-line-url-scheme/
messaging-api,messaging-api/using-line-url-scheme,Use LINE features with the LINE URL scheme,Opening LINE settings,https://line.me/R/nv/connectedDevices,Description,Opens Account > Connected devices.,https://developers.line.biz/en/docs/messaging-api/using-line-url-scheme/
messaging-api,messaging-api/using-line-url-scheme,Use LINE features with the LINE URL scheme,Opening LINE settings,https://line.me/R/nv/settings/privacy,Description,Opens Privacy settings.,https://developers.line.biz/en/docs/messaging-api/using-line-url-scheme/
messaging-api,messaging-api/using-line-url-scheme,Use LINE features with the LINE URL scheme,Opening LINE settings,https://line.me/R/nv/settings/sticker,Description,Opens Stickers settings.,https://developers.line.biz/en/docs/messaging-api/using-line-url-scheme/
messaging-api,messaging-api/using-line-url-scheme,Use LINE features with the LINE URL scheme,Opening LINE settings,https://line.me/R/nv/stickerShop/mySticker,Description,Opens Stickers > My Stickers.,https://developers.line.biz/en/docs/messaging-api/using-line-url-scheme/
messaging-api,messaging-api/using-line-url-scheme,Use LINE features with the LINE URL scheme,Opening LINE settings,"https://line.me/R/nv/settings/themeSettingsMenu (iOS), https://line.me/R/nv/settings/theme (Android)",Description,Opens Themes settings. The scheme is different for iOS and Android.,https://developers.line.biz/en/docs/messaging-api/using-line-url-scheme/
messaging-api,messaging-api/using-line-url-scheme,Use LINE features with the LINE URL scheme,Opening LINE settings,https://line.me/R/nv/themeSettings,Description,Opens Themes > My Themes.,https://developers.line.biz/en/docs/messaging-api/using-line-url-scheme/
messaging-api,messaging-api/using-line-url-scheme,Use LINE features with the LINE URL scheme,Opening LINE settings,https://line.me/R/nv/notificationServiceDetail,Description,Opens Notification > Authorized apps. Lets users set notification for authorized apps.,https://developers.line.biz/en/docs/messaging-api/using-line-url-scheme/
messaging-api,messaging-api/using-line-url-scheme,Use LINE features with the LINE URL scheme,Opening LINE settings,https://line.me/R/nv/settings/chatSettings,Description,Opens Chats settings.,https://developers.line.biz/en/docs/messaging-api/using-line-url-scheme/
messaging-api,messaging-api/using-line-url-scheme,Use LINE features with the LINE URL scheme,Opening LINE settings,https://line.me/R/nv/suggestSettings,Description,Opens Chats > Display suggestions.,https://developers.line.biz/en/docs/messaging-api/using-line-url-scheme/
messaging-api,messaging-api/using-line-url-scheme,Use LINE features with the LINE URL scheme,Opening LINE settings,https://line.me/R/nv/settings/callSettings,Description,Opens Calls settings.,https://developers.line.biz/en/docs/messaging-api/using-line-url-scheme/
messaging-api,messaging-api/using-line-url-scheme,Use LINE features with the LINE URL scheme,Opening LINE settings,https://line.me/R/nv/settings/addressBookSync,Description,Opens Friends settings.,https://developers.line.biz/en/docs/messaging-api/using-line-url-scheme/
messaging-api,messaging-api/using-line-url-scheme,Use LINE features with the LINE URL scheme,Opening LINE settings,https://line.me/R/nv/settings/timelineSettings,Description,Opens LINE VOOM settings.,https://developers.line.biz/en/docs/messaging-api/using-line-url-scheme/
messaging-api,messaging-api/using-line-url-scheme,Use LINE features with the LINE URL scheme,Opening Sticker Shop,https://line.me/R/shop/sticker/detail/{package_id},Description,Opens a Sticker set info screen. Specify {package_id} to the number specified in the sticker's page URL in LINE STORE.,https://developers.line.biz/en/docs/messaging-api/using-line-url-scheme/
messaging-api,messaging-api/using-line-url-scheme,Use LINE features with the LINE URL scheme,Opening Sticker Shop,https://line.me/R/shop/category/{category_id},Description,Opens a popularity ranking for the given category. Specify {category_id} to the number specified in the category page URL in LINE STORE > Official stickers.,https://developers.line.biz/en/docs/messaging-api/using-line-url-scheme/
messaging-api,messaging-api/using-line-url-scheme,Use LINE features with the LINE URL scheme,Opening Sticker Shop,https://line.me/R/shop/sticker/author/{author_id},Description,Opens a list of sticker sets from the given author. Specify {author_id} to the number specified in the creator's page URL in LINE STORE.,https://developers.line.biz/en/docs/messaging-api/using-line-url-scheme/
messaging-api,messaging-api/using-line-url-scheme,Use LINE features with the LINE URL scheme,Opening Sticker Shop,https://line.me/R/nv/stickerShop,Description,Opens Sticker Shop > HOME tab.,https://developers.line.biz/en/docs/messaging-api/using-line-url-scheme/
messaging-api,messaging-api/using-line-url-scheme,Use LINE features with the LINE URL scheme,Opening Sticker Shop,https://line.me/R/shop/sticker/hot,Description,Opens Sticker Shop > RANK tab.,https://developers.line.biz/en/docs/messaging-api/using-line-url-scheme/
messaging-api,messaging-api/using-line-url-scheme,Use LINE features with the LINE URL scheme,Opening Sticker Shop,https://line.me/R/shop/sticker/new,Description,Opens Sticker Shop > NEW tab.,https://developers.line.biz/en/docs/messaging-api/using-line-url-scheme/
messaging-api,messaging-api/using-line-url-scheme,Use LINE features with the LINE URL scheme,Opening Sticker Shop,https://line.me/R/shop/sticker/event,Description,Opens Sticker Shop > FREE tab.,https://developers.line.biz/en/docs/messaging-api/using-line-url-scheme/
messaging-api,messaging-api/using-line-url-scheme,Use LINE features with the LINE URL scheme,Opening Sticker Shop,https://line.me/R/shop/sticker/category,Description,Opens Sticker Shop > CATEGORIES tab.,https://developers.line.biz/en/docs/messaging-api/using-line-url-scheme/
messaging-api,messaging-api/using-line-url-scheme,Use LINE features with the LINE URL scheme,Opening a LIFF app,https://liff.line.me/{liffId},Description,Opens the LIFF app with the given LIFF ID. This URL scheme is called a LIFF URL.,https://developers.line.biz/en/docs/messaging-api/using-line-url-scheme/
messaging-api,messaging-api/using-line-url-scheme,Use LINE features with the LINE URL scheme,Opening a LIFF app,https://liff.line.me/{liffId}/path_A/path_B/?key1=value1&key2=value2,Description,Opens the LIFF app with the given LIFF ID. You can pass /path_A/path_B/?key1=value1&key2=value2 as extra information.,https://developers.line.biz/en/docs/messaging-api/using-line-url-scheme/
messaging-api,messaging-api/using-line-url-scheme,Use LINE features with the LINE URL scheme,Opening a URL in an external browser,https://example.com/?openExternalBrowser=1,Description,"Opens target URL, in an external browser.",https://developers.line.biz/en/docs/messaging-api/using-line-url-scheme/
messaging-api,messaging-api/using-line-url-scheme,Use LINE features with the LINE URL scheme,Opening a URL in an external browser,https://example.com/?openInAppBrowser=0,Description,"Opens target URL, in a Chrome custom tab (only available in LINE for Android).",https://developers.line.biz/en/docs/messaging-api/using-line-url-scheme/
messaging-api,messaging-api/using-quick-reply,Use quick replies,,Use quick replies,限制（寫在內文）,You can set up to 13 quick reply buttons to a message of any type.,https://developers.line.biz/en/docs/messaging-api/using-quick-reply/
partner-docs,partner-docs/development-guidelines,Development guidelines for corporate customers,Webhook ON/OFF and auto reply message settings,Enabled,Response mode and Greeting message,Enabled,https://developers.line.biz/en/docs/partner-docs/development-guidelines/
partner-docs,partner-docs/development-guidelines,Development guidelines for corporate customers,Webhook ON/OFF and auto reply message settings,Enabled,Setting availability,✅,https://developers.line.biz/en/docs/partner-docs/development-guidelines/
partner-docs,partner-docs/development-guidelines,Development guidelines for corporate customers,Webhook ON/OFF and auto reply message settings,Enabled,Response mode and Greeting message,Disabled,https://developers.line.biz/en/docs/partner-docs/development-guidelines/
partner-docs,partner-docs/development-guidelines,Development guidelines for corporate customers,Webhook ON/OFF and auto reply message settings,Disabled,Response mode and Greeting message,Enabled,https://developers.line.biz/en/docs/partner-docs/development-guidelines/
partner-docs,partner-docs/development-guidelines,Development guidelines for corporate customers,Webhook ON/OFF and auto reply message settings,Disabled,Setting availability,✅,https://developers.line.biz/en/docs/partner-docs/development-guidelines/
partner-docs,partner-docs/development-guidelines,Development guidelines for corporate customers,Webhook ON/OFF and auto reply message settings,Disabled,Response mode and Greeting message,Disabled,https://developers.line.biz/en/docs/partner-docs/development-guidelines/
partner-docs,partner-docs/development-guidelines,Development guidelines for corporate customers,Webhook ON/OFF and auto reply message settings,Disabled,Setting availability,❌,https://developers.line.biz/en/docs/partner-docs/development-guidelines/
partner-docs,partner-docs/development-guidelines,Development guidelines for corporate customers,Max channel access token issuance limit,Short-lived channel access token,Max issuance limit,30,https://developers.line.biz/en/docs/partner-docs/development-guidelines/
partner-docs,partner-docs/development-guidelines,Development guidelines for corporate customers,Max channel access token issuance limit,Short-lived channel access token,Behavior when max limit is exceeded,Invalidate existing short-lived channel access tokens in order of issuance,https://developers.line.biz/en/docs/partner-docs/development-guidelines/
partner-docs,partner-docs/development-guidelines,Development guidelines for corporate customers,Max channel access token issuance limit,Short-lived channel access token,Conditions under which the channel access token is invalid,Validity period has expired Exceed max issuance limit Execute revocation of channel access token (revoke API),https://developers.line.biz/en/docs/partner-docs/development-guidelines/
partner-docs,partner-docs/development-guidelines,Development guidelines for corporate customers,Max channel access token issuance limit,Long-lived channel access token,Max issuance limit,1,https://developers.line.biz/en/docs/partner-docs/development-guidelines/
partner-docs,partner-docs/development-guidelines,Development guidelines for corporate customers,Max channel access token issuance limit,Long-lived channel access token,Behavior when max limit is exceeded,Existing long-lived channel access tokens are disabled,https://developers.line.biz/en/docs/partner-docs/development-guidelines/
partner-docs,partner-docs/development-guidelines,Development guidelines for corporate customers,Max channel access token issuance limit,Long-lived channel access token,Conditions under which the channel access token is invalid,Exceed max issuance limit Execute revocation of channel access token (revoke API),https://developers.line.biz/en/docs/partner-docs/development-guidelines/
partner-docs,partner-docs/development-guidelines,Development guidelines for corporate customers,Max channel access token issuance limit,Access token with a user-specified expiration (channel access token v2.1),Max issuance limit,30,https://developers.line.biz/en/docs/partner-docs/development-guidelines/
partner-docs,partner-docs/development-guidelines,Development guidelines for corporate customers,Max channel access token issuance limit,Access token with a user-specified expiration (channel access token v2.1),Behavior when max limit is exceeded,API error and unable to issue additional tokens,https://developers.line.biz/en/docs/partner-docs/development-guidelines/
partner-docs,partner-docs/development-guidelines,Development guidelines for corporate customers,Max channel access token issuance limit,Access token with a user-specified expiration (channel access token v2.1),Conditions under which the channel access token is invalid,Validity period has expired Execute revocation of channel access token (revoke API),https://developers.line.biz/en/docs/partner-docs/development-guidelines/
partner-docs,partner-docs/development-guidelines,Development guidelines for corporate customers,Max channel access token issuance limit,Stateless channel access token,Max issuance limit,limitless,https://developers.line.biz/en/docs/partner-docs/development-guidelines/
partner-docs,partner-docs/development-guidelines,Development guidelines for corporate customers,Max channel access token issuance limit,Stateless channel access token,Conditions under which the channel access token is invalid,Validity period has expired,https://developers.line.biz/en/docs/partner-docs/development-guidelines/
partner-docs,partner-docs/error-notification,Error notification,Email content,Channel ID,Description,Target channel ID.,https://developers.line.biz/en/docs/partner-docs/error-notification/
partner-docs,partner-docs/error-notification,Error notification,Email content,Channel name,Description,Target channel name.,https://developers.line.biz/en/docs/partner-docs/error-notification/
partner-docs,partner-docs/error-notification,Error notification,Email content,Reason for error,Description,"Overview of reason for error. For more information, see Check the reason for errors in the Messaging API documentation.",https://developers.line.biz/en/docs/partner-docs/error-notification/
partner-docs,partner-docs/error-notification,Error notification,Email content,Detail for error,Description,"Details on reason for error. For more information, see Check the detail for errors in the Messaging API documentation.",https://developers.line.biz/en/docs/partner-docs/error-notification/
partner-docs,partner-docs/error-notification,Error notification,Email content,Time detected,Description,Date and time when the LINE Platform detected the error.,https://developers.line.biz/en/docs/partner-docs/error-notification/
partner-docs,partner-docs/line-beacon,LINE Beacon,About LINE Beacon reception conditions,Foreground,Description,LINE is running and in use,https://developers.line.biz/en/docs/partner-docs/line-beacon/
partner-docs,partner-docs/line-beacon,LINE Beacon,About LINE Beacon reception conditions,Background,Description,LINE is running but not in use,https://developers.line.biz/en/docs/partner-docs/line-beacon/
partner-docs,partner-docs/line-beacon,LINE Beacon,LINE Beacon reception conditions (iOS),Foreground,Reception conditions,The user settings meet the condition,https://developers.line.biz/en/docs/partner-docs/line-beacon/
partner-docs,partner-docs/line-beacon,LINE Beacon,LINE Beacon reception conditions (Android),Background,Reception conditions,Background receiving isn't available on Android.,https://developers.line.biz/en/docs/partner-docs/line-beacon/
partner-docs,partner-docs/line-beacon,LINE Beacon,If your LINE Official Account is searchable,Friend added,Agree to LINE Beacon Terms of Use,Agreed,https://developers.line.biz/en/docs/partner-docs/line-beacon/
partner-docs,partner-docs/line-beacon,LINE Beacon,If your LINE Official Account is searchable,Friend added,Beacon banner display,Hidden,https://developers.line.biz/en/docs/partner-docs/line-beacon/
partner-docs,partner-docs/line-beacon,LINE Beacon,If your LINE Official Account is searchable,Friend added,Agree to LINE Beacon Terms of Use,Not agreed,https://developers.line.biz/en/docs/partner-docs/line-beacon/
partner-docs,partner-docs/line-beacon,LINE Beacon,If your LINE Official Account is searchable,Friend not added,Agree to LINE Beacon Terms of Use,Agreed,https://developers.line.biz/en/docs/partner-docs/line-beacon/
partner-docs,partner-docs/line-beacon,LINE Beacon,If your LINE Official Account is searchable,Friend not added,Beacon banner display,Display,https://developers.line.biz/en/docs/partner-docs/line-beacon/
partner-docs,partner-docs/line-beacon,LINE Beacon,If your LINE Official Account is searchable,Friend not added,Agree to LINE Beacon Terms of Use,Not agreed,https://developers.line.biz/en/docs/partner-docs/line-beacon/
partner-docs,partner-docs/line-beacon,LINE Beacon,If your LINE Official Account is searchable,Friend not added,Beacon banner display,Hidden,https://developers.line.biz/en/docs/partner-docs/line-beacon/
partner-docs,partner-docs/line-notification-messages/flow-when-receiving-message,Flow when receiving a LINE notification message,"Flow for the case where the LINE notification message reception settings are ""not set"" and SMS authentication isn't needed",2,Description,"Clicking the ""Set"" button under ""Set up to receive LINE notification messages"" will take the user to the consent screen for receiving LINE notification messages.",https://developers.line.biz/en/docs/partner-docs/line-notification-messages/flow-when-receiving-message/
partner-docs,partner-docs/line-notification-messages/flow-when-receiving-message,Flow when receiving a LINE notification message,"Flow for the case where the LINE notification message reception settings are ""not set"" and SMS authentication is needed",2,Description,"Clicking the ""Set"" button under ""Set up to receive LINE notification messages"" will take the user to the consent screen for receiving LINE notification messages.",https://developers.line.biz/en/docs/partner-docs/line-notification-messages/flow-when-receiving-message/
partner-docs,partner-docs/line-notification-messages/flow-when-receiving-message,Flow when receiving a LINE notification message,"Flow for the case where the LINE notification message reception settings are ""not set"" and SMS authentication is needed",4,Description,An SMS message will be sent to the specified phone number. Enter the PIN number provided in the message.,https://developers.line.biz/en/docs/partner-docs/line-notification-messages/flow-when-receiving-message/
partner-docs,partner-docs/line-notification-messages/flow-when-receiving-message,Flow when receiving a LINE notification message,Flow for the case where a user has already agreed to receive LINE notification messages and SMS authentication is needed,2,Description,"Clicking ""Set"" in the ""Phone number authentication"" message will take the user to the phone number authentication screen.",https://developers.line.biz/en/docs/partner-docs/line-notification-messages/flow-when-receiving-message/
partner-docs,partner-docs/line-notification-messages/flow-when-receiving-message,Flow when receiving a LINE notification message,Flow for the case where a user has already agreed to receive LINE notification messages and SMS authentication is needed,4,Description,An SMS message will be sent to the specified phone number. Enter the PIN number provided in the message.,https://developers.line.biz/en/docs/partner-docs/line-notification-messages/flow-when-receiving-message/
partner-docs,partner-docs/line-notification-messages/flow-when-receiving-message,Flow when receiving a LINE notification message,Note: Flow for changing the phone number registered to the LINE account,1,Description,"Enter the phone number you wish to change and click ""Next"".",https://developers.line.biz/en/docs/partner-docs/line-notification-messages/flow-when-receiving-message/
partner-docs,partner-docs/line-notification-messages/flow-when-receiving-message,Flow when receiving a LINE notification message,Note: Flow for changing the phone number registered to the LINE account,2,Description,An SMS message will be sent to the specified phone number. Enter the PIN code provided in the message.,https://developers.line.biz/en/docs/partner-docs/line-notification-messages/flow-when-receiving-message/
partner-docs,partner-docs/line-notification-messages/flow-when-receiving-message,Flow when receiving a LINE notification message,Note: Flow for changing the phone number registered to the LINE account,3,Description,"After successfully authenticating your phone number via SMS, you'll receive a ""Your phone number has been changed"" message from your LINE account.",https://developers.line.biz/en/docs/partner-docs/line-notification-messages/flow-when-receiving-message/
partner-docs,partner-docs/line-notification-messages/message-sending-complete-webhook-event,Webhook delivery completion event,Webhook delivery completion event specifications,type,Type,String,https://developers.line.biz/en/docs/partner-docs/line-notification-messages/message-sending-complete-webhook-event/
partner-docs,partner-docs/line-notification-messages/message-sending-complete-webhook-event,Webhook delivery completion event,Webhook delivery completion event specifications,type,Description,delivery,https://developers.line.biz/en/docs/partner-docs/line-notification-messages/message-sending-complete-webhook-event/
partner-docs,partner-docs/line-notification-messages/message-sending-complete-webhook-event,Webhook delivery completion event,Webhook delivery completion event specifications,mode,Type,Object,https://developers.line.biz/en/docs/partner-docs/line-notification-messages/message-sending-complete-webhook-event/
partner-docs,partner-docs/line-notification-messages/message-sending-complete-webhook-event,Webhook delivery completion event,Webhook delivery completion event specifications,mode,Description,See Common properties.,https://developers.line.biz/en/docs/partner-docs/line-notification-messages/message-sending-complete-webhook-event/
partner-docs,partner-docs/line-notification-messages/message-sending-complete-webhook-event,Webhook delivery completion event,Webhook delivery completion event specifications,timestamp,Type,Number,https://developers.line.biz/en/docs/partner-docs/line-notification-messages/message-sending-complete-webhook-event/
partner-docs,partner-docs/line-notification-messages/message-sending-complete-webhook-event,Webhook delivery completion event,Webhook delivery completion event specifications,timestamp,Description,See Common properties.,https://developers.line.biz/en/docs/partner-docs/line-notification-messages/message-sending-complete-webhook-event/
partner-docs,partner-docs/line-notification-messages/message-sending-complete-webhook-event,Webhook delivery completion event,Webhook delivery completion event specifications,webhookEventId,Type,String,https://developers.line.biz/en/docs/partner-docs/line-notification-messages/message-sending-complete-webhook-event/
partner-docs,partner-docs/line-notification-messages/message-sending-complete-webhook-event,Webhook delivery completion event,Webhook delivery completion event specifications,webhookEventId,Description,See Common properties.,https://developers.line.biz/en/docs/partner-docs/line-notification-messages/message-sending-complete-webhook-event/
partner-docs,partner-docs/line-notification-messages/message-sending-complete-webhook-event,Webhook delivery completion event,Webhook delivery completion event specifications,deliveryContext,Type,Object,https://developers.line.biz/en/docs/partner-docs/line-notification-messages/message-sending-complete-webhook-event/
partner-docs,partner-docs/line-notification-messages/message-sending-complete-webhook-event,Webhook delivery completion event,Webhook delivery completion event specifications,deliveryContext,Description,See Common properties.,https://developers.line.biz/en/docs/partner-docs/line-notification-messages/message-sending-complete-webhook-event/
partner-docs,partner-docs/line-notification-messages/message-sending-complete-webhook-event,Webhook delivery completion event,Webhook delivery completion event specifications,delivery,Type,Object,https://developers.line.biz/en/docs/partner-docs/line-notification-messages/message-sending-complete-webhook-event/
partner-docs,partner-docs/line-notification-messages/message-sending-complete-webhook-event,Webhook delivery completion event,Webhook delivery completion event specifications,delivery,Description,A delivery object containing a hashed phone number string or a string specified by X-Line-Delivery-Tag.,https://developers.line.biz/en/docs/partner-docs/line-notification-messages/message-sending-complete-webhook-event/
partner-docs,partner-docs/line-notification-messages/message-sending-complete-webhook-event,Webhook delivery completion event,Webhook delivery completion event specifications,delivery.data,Type,String,https://developers.line.biz/en/docs/partner-docs/line-notification-messages/message-sending-complete-webhook-event/
partner-docs,partner-docs/line-notification-messages/message-sending-complete-webhook-event,Webhook delivery completion event,Webhook delivery completion event specifications,delivery.data,Description,A hashed phone number string or a string specified by X-Line-Delivery-Tag.,https://developers.line.biz/en/docs/partner-docs/line-notification-messages/message-sending-complete-webhook-event/
partner-docs,partner-docs/line-notification-messages/overview,LINE notification messages overview,Difference in appearance from other messages,Japanese,Text displayed,重要なお知らせ,https://developers.line.biz/en/docs/partner-docs/line-notification-messages/overview/
partner-docs,partner-docs/line-notification-messages/overview,LINE notification messages overview,Difference in appearance from other messages,Thai,Text displayed,การแจ้งเตือนสำคัญ,https://developers.line.biz/en/docs/partner-docs/line-notification-messages/overview/
partner-docs,partner-docs/line-notification-messages/overview,LINE notification messages overview,Difference in appearance from other messages,Chinese (Simplified/Traditional),Text displayed,重要通知,https://developers.line.biz/en/docs/partner-docs/line-notification-messages/overview/
partner-docs,partner-docs/line-notification-messages/overview,LINE notification messages overview,Difference in appearance from other messages,Other,Text displayed,Important notification,https://developers.line.biz/en/docs/partner-docs/line-notification-messages/overview/
partner-docs,partner-docs/line-notification-messages/technical-specs,Technical specifications of the LINE notification messages API,States of reception settings,Agree (on),Description,Consented to receive. LINE notification messages will be sent.,https://developers.line.biz/en/docs/partner-docs/line-notification-messages/technical-specs/
partner-docs,partner-docs/line-notification-messages/technical-specs,Technical specifications of the LINE notification messages API,States of reception settings,Reject (off),Description,Refused to receive. LINE notification messages won't be sent.,https://developers.line.biz/en/docs/partner-docs/line-notification-messages/technical-specs/
partner-docs,partner-docs/line-notification-messages/technical-specs,Technical specifications of the LINE notification messages API,Messages sent when you haven't consented to get LINE notification messages,Reject (off),Description,The requested LINE notification message won't be sent and will be deleted.,https://developers.line.biz/en/docs/partner-docs/line-notification-messages/technical-specs/
partner-docs,partner-docs/line-profile-plus,LINE Profile+,Get user data registered with LINE Profile+,1. Specify scopes,Via LIFF App or LINE MINI App,Specify scopes on LINE Developers Console,https://developers.line.biz/en/docs/partner-docs/line-profile-plus/
partner-docs,partner-docs/line-profile-plus,LINE Profile+,Get user data registered with LINE Profile+,1. Specify scopes,Via LINE Login,Specify scopes for authorization URL,https://developers.line.biz/en/docs/partner-docs/line-profile-plus/
partner-docs,partner-docs/line-profile-plus,LINE Profile+,Get user data registered with LINE Profile+,2. Get ID token payload,Via LIFF App or LINE MINI App,Get ID token payload via liff.getDecodedIDToken(),https://developers.line.biz/en/docs/partner-docs/line-profile-plus/
partner-docs,partner-docs/line-profile-plus,LINE Profile+,Get user data registered with LINE Profile+,2. Get ID token payload,Via LINE Login,Validate ID token obtained when issuing access token to get ID token payload,https://developers.line.biz/en/docs/partner-docs/line-profile-plus/
partner-docs,partner-docs/line-profile-plus,LINE Profile+,Get user data registered with LINE Profile+,3. Get LINE Profile+ Information,Via LIFF App or LINE MINI App,Get LINE Profile+ information from ID token payload,https://developers.line.biz/en/docs/partner-docs/line-profile-plus/
partner-docs,partner-docs/line-profile-plus,LINE Profile+,Get user data registered with LINE Profile+,3. Get LINE Profile+ Information,Via LINE Login,Get LINE Profile+ information from ID token payload,https://developers.line.biz/en/docs/partner-docs/line-profile-plus/
partner-docs,partner-docs/line-profile-plus,LINE Profile+,Payload,given_name,Type,String,https://developers.line.biz/en/docs/partner-docs/line-profile-plus/
partner-docs,partner-docs/line-profile-plus,LINE Profile+,Payload,given_name,Description,First name,https://developers.line.biz/en/docs/partner-docs/line-profile-plus/
partner-docs,partner-docs/line-profile-plus,LINE Profile+,Payload,given_name,Scope that requires authorization,real_name,https://developers.line.biz/en/docs/partner-docs/line-profile-plus/
partner-docs,partner-docs/line-profile-plus,LINE Profile+,Payload,given_name_pronunciation,Type,String,https://developers.line.biz/en/docs/partner-docs/line-profile-plus/
partner-docs,partner-docs/line-profile-plus,LINE Profile+,Payload,given_name_pronunciation,Description,Kana of first name,https://developers.line.biz/en/docs/partner-docs/line-profile-plus/
partner-docs,partner-docs/line-profile-plus,LINE Profile+,Payload,given_name_pronunciation,Scope that requires authorization,real_name,https://developers.line.biz/en/docs/partner-docs/line-profile-plus/
partner-docs,partner-docs/line-profile-plus,LINE Profile+,Payload,middle_name,Type,String,https://developers.line.biz/en/docs/partner-docs/line-profile-plus/
partner-docs,partner-docs/line-profile-plus,LINE Profile+,Payload,middle_name,Description,Middle name,https://developers.line.biz/en/docs/partner-docs/line-profile-plus/
partner-docs,partner-docs/line-profile-plus,LINE Profile+,Payload,middle_name,Scope that requires authorization,real_name,https://developers.line.biz/en/docs/partner-docs/line-profile-plus/
partner-docs,partner-docs/line-profile-plus,LINE Profile+,Payload,family_name,Type,String,https://developers.line.biz/en/docs/partner-docs/line-profile-plus/
partner-docs,partner-docs/line-profile-plus,LINE Profile+,Payload,family_name,Description,Last name,https://developers.line.biz/en/docs/partner-docs/line-profile-plus/
partner-docs,partner-docs/line-profile-plus,LINE Profile+,Payload,family_name,Scope that requires authorization,real_name,https://developers.line.biz/en/docs/partner-docs/line-profile-plus/
partner-docs,partner-docs/line-profile-plus,LINE Profile+,Payload,family_name_pronunciation,Type,String,https://developers.line.biz/en/docs/partner-docs/line-profile-plus/
partner-docs,partner-docs/line-profile-plus,LINE Profile+,Payload,family_name_pronunciation,Description,Kana of last name. It is katakana.,https://developers.line.biz/en/docs/partner-docs/line-profile-plus/
partner-docs,partner-docs/line-profile-plus,LINE Profile+,Payload,family_name_pronunciation,Scope that requires authorization,real_name,https://developers.line.biz/en/docs/partner-docs/line-profile-plus/
partner-docs,partner-docs/line-profile-plus,LINE Profile+,Payload,gender,Type,String,https://developers.line.biz/en/docs/partner-docs/line-profile-plus/
partner-docs,partner-docs/line-profile-plus,LINE Profile+,Payload,gender,Description,"""male"", ""female"", or a value entered by users",https://developers.line.biz/en/docs/partner-docs/line-profile-plus/
partner-docs,partner-docs/line-profile-plus,LINE Profile+,Payload,gender,Scope that requires authorization,gender,https://developers.line.biz/en/docs/partner-docs/line-profile-plus/
partner-docs,partner-docs/line-profile-plus,LINE Profile+,Payload,birthdate,Type,String,https://developers.line.biz/en/docs/partner-docs/line-profile-plus/
partner-docs,partner-docs/line-profile-plus,LINE Profile+,Payload,birthdate,Description,Birthdate. The format follows the RFC3339 protocol.,https://developers.line.biz/en/docs/partner-docs/line-profile-plus/
partner-docs,partner-docs/line-profile-plus,LINE Profile+,Payload,birthdate,Scope that requires authorization,birthdate,https://developers.line.biz/en/docs/partner-docs/line-profile-plus/
partner-docs,partner-docs/line-profile-plus,LINE Profile+,Payload,phone_number,Type,String,https://developers.line.biz/en/docs/partner-docs/line-profile-plus/
partner-docs,partner-docs/line-profile-plus,LINE Profile+,Payload,phone_number,Description,Phone number. The format follows the E.164.,https://developers.line.biz/en/docs/partner-docs/line-profile-plus/
partner-docs,partner-docs/line-profile-plus,LINE Profile+,Payload,phone_number,Scope that requires authorization,phone,https://developers.line.biz/en/docs/partner-docs/line-profile-plus/
partner-docs,partner-docs/line-profile-plus,LINE Profile+,Payload,address,Type,Object,https://developers.line.biz/en/docs/partner-docs/line-profile-plus/
partner-docs,partner-docs/line-profile-plus,LINE Profile+,Payload,address,Description,Address object,https://developers.line.biz/en/docs/partner-docs/line-profile-plus/
partner-docs,partner-docs/line-profile-plus,LINE Profile+,Payload,address,Scope that requires authorization,address,https://developers.line.biz/en/docs/partner-docs/line-profile-plus/
partner-docs,partner-docs/line-profile-plus,LINE Profile+,Address object,postal_code,Type,String,https://developers.line.biz/en/docs/partner-docs/line-profile-plus/
partner-docs,partner-docs/line-profile-plus,LINE Profile+,Address object,postal_code,Description,Postal code. Single byte numbers with no hyphens. This is optional so may be left blank in some cases.,https://developers.line.biz/en/docs/partner-docs/line-profile-plus/
partner-docs,partner-docs/line-profile-plus,LINE Profile+,Address object,region,Type,String,https://developers.line.biz/en/docs/partner-docs/line-profile-plus/
partner-docs,partner-docs/line-profile-plus,LINE Profile+,Address object,region,Description,State or province,https://developers.line.biz/en/docs/partner-docs/line-profile-plus/
partner-docs,partner-docs/line-profile-plus,LINE Profile+,Address object,locality,Type,String,https://developers.line.biz/en/docs/partner-docs/line-profile-plus/
partner-docs,partner-docs/line-profile-plus,LINE Profile+,Address object,locality,Description,City,https://developers.line.biz/en/docs/partner-docs/line-profile-plus/
partner-docs,partner-docs/line-profile-plus,LINE Profile+,Address object,street_address,Type,String,https://developers.line.biz/en/docs/partner-docs/line-profile-plus/
partner-docs,partner-docs/line-profile-plus,LINE Profile+,Address object,street_address,Description,"The value entered in ""Street"" and ""Other"". ""Street"" and ""Other"" are separated by a line break code (/n). This is optional so may be left blank in some cases.",https://developers.line.biz/en/docs/partner-docs/line-profile-plus/
partner-docs,partner-docs/line-profile-plus,LINE Profile+,Address object,country,Type,String,https://developers.line.biz/en/docs/partner-docs/line-profile-plus/
partner-docs,partner-docs/line-profile-plus,LINE Profile+,Address object,country,Description,Country name. Notation in line with ISO 3166-1 alpha-2.,https://developers.line.biz/en/docs/partner-docs/line-profile-plus/
partner-docs,partner-docs/line-profile-plus,LINE Profile+,Address object,Address object,限制（寫在內文）,You can register up to 10 addresses to LINE Profile+.,https://developers.line.biz/en/docs/partner-docs/line-profile-plus/
partner-docs,partner-docs/module-technical-attach-channel,Attach Module Channel,Scopes,Specification not required (default),APIs available for the module channel,You can be used without a scope. Issue link token (/v2/bot/user/{userId}/linkToken),https://developers.line.biz/en/docs/partner-docs/module-technical-attach-channel/
partner-docs,partner-docs/module-technical-attach-channel,Attach Module Channel,Scopes,message%3Areceive (message:receive),APIs available for the module channel,Get webhook events for Messaging API and Module Channel Webhooks Webhook Event Objects Chat control (Chat Control),https://developers.line.biz/en/docs/partner-docs/module-technical-attach-channel/
partner-docs,partner-docs/module-technical-attach-channel,Attach Module Channel,Scopes,message%3Amark_as_read (message:mark_as_read),APIs available for the module channel,Mark messages from users as read (/v2/bot/message/markAsRead),https://developers.line.biz/en/docs/partner-docs/module-technical-attach-channel/
partner-docs,partner-docs/module-technical-chat-control,Control chat initiative (Chat Control),What is chat control (Chat Control)?,Standby Channel,Description,"A channel that doesn't have Chat Control. Refrain from sending messages from this channel. All channels other than Active Channel are ""Standby Channel.""",https://developers.line.biz/en/docs/partner-docs/module-technical-chat-control/
partner-docs,partner-docs/module-technical-using-messaging-api,Using the Messaging API from a module channel,`mode` property,active,Description,"The channel that received the webhook event is active. The webhook URL server that receives this webhook event can send reply messages, push messages, etc.",https://developers.line.biz/en/docs/partner-docs/module-technical-using-messaging-api/
partner-docs,partner-docs/module-technical-using-messaging-api,Using the Messaging API from a module channel,Receiving module channel-specific webhook events,Attached event,Description,This event indicates that the module channel has been attached to the LINE Official Account.,https://developers.line.biz/en/docs/partner-docs/module-technical-using-messaging-api/
partner-docs,partner-docs/module-technical-using-messaging-api,Using the Messaging API from a module channel,Receiving module channel-specific webhook events,Detached event,Description,This event indicates that the module channel has been detached from the LINE Official Account.,https://developers.line.biz/en/docs/partner-docs/module-technical-using-messaging-api/
partner-docs,partner-docs/module-technical-using-messaging-api,Using the Messaging API from a module channel,Receiving module channel-specific webhook events,Activated event,Description,This event indicates that the module channel has been switched to Active Channel by calling the Acquire Control API.,https://developers.line.biz/en/docs/partner-docs/module-technical-using-messaging-api/
partner-docs,partner-docs/module-technical-using-messaging-api,Using the Messaging API from a module channel,Receiving module channel-specific webhook events,Deactivated event,Description,This event indicates that the module channel has been switched to Standby Channel by calling Acquire Control API or Release Control API.,https://developers.line.biz/en/docs/partner-docs/module-technical-using-messaging-api/
partner-docs,partner-docs/module-technical-using-messaging-api,Using the Messaging API from a module channel,Receiving module channel-specific webhook events,botSuspend event,Description,This event indicates that the LINE Official Account has been suspended (Suspend).,https://developers.line.biz/en/docs/partner-docs/module-technical-using-messaging-api/
partner-docs,partner-docs/module-technical-using-messaging-api,Using the Messaging API from a module channel,Receiving module channel-specific webhook events,botResumed event,Description,This event indicates that the LINE Official Account has returned from the suspended state.,https://developers.line.biz/en/docs/partner-docs/module-technical-using-messaging-api/
partner-docs,partner-docs/module,Module,Module usage example,1,Description,The user sends a message,https://developers.line.biz/en/docs/partner-docs/module/
partner-docs,partner-docs/module,Module,Module usage example,2,Description,The operator sends a message to the user using the chat function of LINE Official Account Manager,https://developers.line.biz/en/docs/partner-docs/module/
partner-docs,partner-docs/module,Module,Module usage example,3,Description,The user presses the rich menu to execute the module with the function to make a reservation,https://developers.line.biz/en/docs/partner-docs/module/
partner-docs,partner-docs/module,Module,Module usage example,4,Description,The bot for the reservation function responds and the reservation process begins,https://developers.line.biz/en/docs/partner-docs/module/
partner-docs,partner-docs/module,Module,Prepare the necessary systems and mechanisms,Webhook events dedicated to the module channel,Description,"The module channel provides dedicated webhook events. For more information, see Receive module channel-specific webhook events.",https://developers.line.biz/en/docs/partner-docs/module/
partner-docs,partner-docs/notice,Notice for corporate customers,We've changed the endpoint name of the Mission Sticker API,Send mission stickers (v3),Name after change (current),Provide mission stickers to the users,https://developers.line.biz/en/docs/partner-docs/notice/
partner-docs,partner-docs/notice,Notice for corporate customers,"We've changed the name of the Mark-as-Read API to ""Mark as read API""",Japanese,Name before change,Mark-as-Read API,https://developers.line.biz/en/docs/partner-docs/notice/
partner-docs,partner-docs/notice,Notice for corporate customers,"We've changed the name of the Mark-as-Read API to ""Mark as read API""",Japanese,Name after change,既読API,https://developers.line.biz/en/docs/partner-docs/notice/
partner-docs,partner-docs/notice,Notice for corporate customers,"We've changed the name of the Mark-as-Read API to ""Mark as read API""",English,Name before change,Mark-as-Read API,https://developers.line.biz/en/docs/partner-docs/notice/
partner-docs,partner-docs/notice,Notice for corporate customers,"We've changed the name of the Mark-as-Read API to ""Mark as read API""",English,Name after change,Mark as read API,https://developers.line.biz/en/docs/partner-docs/notice/
partner-docs,partner-docs/notice,Notice for corporate customers,"Corrections to the ""Get statistics per aggregation unit"" document",Max character limit for customAggregationUnits,Incorrect,100,https://developers.line.biz/en/docs/partner-docs/notice/
partner-docs,partner-docs/notice,Notice for corporate customers,"Corrections to the ""Get statistics per aggregation unit"" document",Max character limit for customAggregationUnits,Correct,30,https://developers.line.biz/en/docs/partner-docs/notice/
partner-docs,partner-docs/notice,Notice for corporate customers,Changes,Subject,Before change,Messaging API: Webhook transmission failed -,https://developers.line.biz/en/docs/partner-docs/notice/
partner-docs,partner-docs/notice,Notice for corporate customers,Changes,Subject,After change,Messaging API: Your server did not return \[200 OK\] -,https://developers.line.biz/en/docs/partner-docs/notice/
partner-docs,partner-docs/notice,Notice for corporate customers,Stateless channel access token released,Stateless channel access token released,限制（寫在內文）,Stateless channel tokens are channel tokens that are only valid for 15 minutes.,https://developers.line.biz/en/docs/partner-docs/notice/
partner-docs,partner-docs/overview,Overview,,Error notification,Overview,"If the bot server returns an error when sending webhook events from the LINE Platform, you can notify a channel administrator by email.",https://developers.line.biz/en/docs/partner-docs/overview/
partner-docs,partner-docs/overview,Overview,,Provider page,Overview,A list of all the services that the Provider offers on the LINE Platform.,https://developers.line.biz/en/docs/partner-docs/overview/
partner-docs,partner-docs/overview,Overview,,Mission stickers,Overview,Mission stickers are provided to user upon completion of certain objectives.,https://developers.line.biz/en/docs/partner-docs/overview/
partner-docs,partner-docs/overview,Overview,,LINE notification messages,Overview,"You can send messages to users by specifying their phone number, even without knowing their user IDs.",https://developers.line.biz/en/docs/partner-docs/overview/
partner-docs,partner-docs/overview,Overview,,LINE Profile+,Overview,"The user data such as name, gender, birthdate, phone number and address registered by the user in LINE Profile+ can be obtained from the service (web app) provided by provider.",https://developers.line.biz/en/docs/partner-docs/overview/
partner-docs,partner-docs/overview,Overview,,LINE Beacon,Overview,This section describes the conditions for receiving LINE Beacon.,https://developers.line.biz/en/docs/partner-docs/overview/
partner-docs,partner-docs/overview,Overview,,Mark as read API (old),Overview,"""Read"" can be displayed in all messages sent from a specific user.",https://developers.line.biz/en/docs/partner-docs/overview/
partner-docs,partner-docs/provider-page,Provider page,Provider page settings,Provider page settings,限制（寫在內文）,You can add up to 100 services to a provider page.,https://developers.line.biz/en/docs/partner-docs/provider-page/
