api,section,endpoint,block,parameter,value_type,required,props,max,description,doc_url
messaging-api,Common specifications,Error responses,,message,String,,,,"Message containing information about the error. For more details, see Error messages.",https://developers.line.biz/en/reference/messaging-api/#error-responses
messaging-api,Common specifications,Error responses,,details,Array,false,"annotation=""Not always included""",,"An array of error details. If the array is empty, this property will not be included in the response.",https://developers.line.biz/en/reference/messaging-api/#error-responses
messaging-api,Common specifications,Error responses,,details[].message,String,false,"annotation=""Not always included""",,"Details of the error. Not included in the response under certain situations. For more information about details of the error on the Managing Audience endpoints, see Details of the error related to audience management.",https://developers.line.biz/en/reference/messaging-api/#error-responses
messaging-api,Common specifications,Error responses,,details[].property,String,false,"annotation=""Not always included""",,Location of where the error occurred. Returns the JSON field name or query parameter name of the request. Not included in the response under certain situations.,https://developers.line.biz/en/reference/messaging-api/#error-responses
messaging-api,Webhooks,Request headers,,x-line-signature,Used for signature validation,,,,,https://developers.line.biz/en/reference/messaging-api/#request-headers
messaging-api,Webhooks,Request body,,destination,String,,,,"User ID of a bot that should receive webhook events. The user ID value is a string that matches the regular expression, U[0-9a-f]{32}.",https://developers.line.biz/en/reference/messaging-api/#request-body
messaging-api,Webhooks,Request body,,events,Array,,,,Array of webhook event objects. The LINE Platform may send an empty array that doesn't include a webhook event object to confirm communication.,https://developers.line.biz/en/reference/messaging-api/#request-body
messaging-api,Webhook Event Objects,Common properties,,type,String,,,,Identifier for the type of event,https://developers.line.biz/en/reference/messaging-api/#common-properties
messaging-api,Webhook Event Objects,Common properties,,mode,String,,,,"Channel state. - active: The channel is active. You can send a reply message or push message, etc. from the bot server that received this webhook event. - standby: The channel is waiting. When the channel state is standby, the webhook event won't contain a reply token to send reply message. For more information about the timing of the channel state set to standby, see Get webhook event in the module documentation. When the channel state is standby, the bot server shouldn't send any messages When the channel state is standby, the module may be replying or otherwise reacting to the content of th",https://developers.line.biz/en/reference/messaging-api/#common-properties
messaging-api,Webhook Event Objects,Common properties,,timestamp,Number,,,,"UNIX time of the event occurred (in milliseconds). Even in the case of a redelivered webhook, it represents the time the event occurred, not the time it was redelivered. Check timestamp if webhook redelivery is enabled If webhook redelivery is enabled, the order in which webhook events occur and the order in which they reach the bot server can be different significantly. If this is an issue, check the context by looking at the timestamp.",https://developers.line.biz/en/reference/messaging-api/#common-properties
messaging-api,Webhook Event Objects,Common properties,,source,Object,false,"annotation=""Not always included""",,"Source user, group chat, or multi-person chat object with information about the source of the event. This property won't be included in the account link event if linking the account has failed.",https://developers.line.biz/en/reference/messaging-api/#common-properties
messaging-api,Webhook Event Objects,Common properties,,webhookEventId,String,,,,Webhook Event ID. An ID that uniquely identifies a webhook event. This is a string in ULID format.,https://developers.line.biz/en/reference/messaging-api/#common-properties
messaging-api,Webhook Event Objects,Common properties,,deliveryContext.isRedelivery,Boolean,,,,"Whether the webhook event is a redelivered one or not. For more information, see Redelivered webhooks. - true: Redelivered webhook event. - false: First webhook event sent.",https://developers.line.biz/en/reference/messaging-api/#common-properties
messaging-api,Webhook Event Objects,Common properties,Source user,type,String,,,,user,https://developers.line.biz/en/reference/messaging-api/#common-properties
messaging-api,Webhook Event Objects,Common properties,Source user,userId,String,,,,ID of the source user,https://developers.line.biz/en/reference/messaging-api/#common-properties
messaging-api,Webhook Event Objects,Common properties,Source group chat,type,String,,,,group,https://developers.line.biz/en/reference/messaging-api/#common-properties
messaging-api,Webhook Event Objects,Common properties,Source group chat,groupId,String,,,,Group ID of the source group chat,https://developers.line.biz/en/reference/messaging-api/#common-properties
messaging-api,Webhook Event Objects,Common properties,Source group chat,userId,String,false,"annotation=""Not always included""",,"ID of the source user. Only included in message events. Only users of LINE for iOS and LINE for Android are included in userId. For more information, see Consent on getting user profile information.",https://developers.line.biz/en/reference/messaging-api/#common-properties
messaging-api,Webhook Event Objects,Common properties,Source multi-person chat,type,String,,,,room,https://developers.line.biz/en/reference/messaging-api/#common-properties
messaging-api,Webhook Event Objects,Common properties,Source multi-person chat,roomId,String,,,,Room ID of the source multi-person chat,https://developers.line.biz/en/reference/messaging-api/#common-properties
messaging-api,Webhook Event Objects,Common properties,Source multi-person chat,userId,String,false,"annotation=""Not always included""",,"ID of the source user. Only included in message events. Only users of LINE for iOS and LINE for Android are included in userId. For more information, see Consent on getting user profile information.",https://developers.line.biz/en/reference/messaging-api/#common-properties
messaging-api,Webhook Event Objects,Message event,,"timestamp, source, etc.",See Common Properties.,,,,,https://developers.line.biz/en/reference/messaging-api/#message-event
messaging-api,Webhook Event Objects,Message event,,type,String,,,,message,https://developers.line.biz/en/reference/messaging-api/#message-event
messaging-api,Webhook Event Objects,Message event,,replyToken,String,,,,Reply token used to send reply message to this event,https://developers.line.biz/en/reference/messaging-api/#message-event
messaging-api,Webhook Event Objects,Message event,,message,Object,,,,Object containing the contents of the message. Message types include: - Text - Image - Video - Audio - File - Location - Sticker,https://developers.line.biz/en/reference/messaging-api/#message-event
messaging-api,Webhook Event Objects,Message event,Text,id,String,,,,"Message ID. If the event is an edit event, the message ID is the same as the message ID in the original message event.",https://developers.line.biz/en/reference/messaging-api/#message-event
messaging-api,Webhook Event Objects,Message event,Text,type,String,,,,text,https://developers.line.biz/en/reference/messaging-api/#message-event
messaging-api,Webhook Event Objects,Message event,Text,quoteToken,String,,,,"Quote token of the message. For more information, see Get quote tokens in the Messaging API documentation. The quote token in an edit event has a different value from the quote token in the original message event. You can use either quote token to quote the edited message.",https://developers.line.biz/en/reference/messaging-api/#message-event
messaging-api,Webhook Event Objects,Message event,Text,markAsReadToken,String,false,"annotation=""Not always included""",,"Read token. This token allows you to mark messages as read. It has no expiration date. For more information, see Mark messages as read in the Messaging API documentation. The edit event doesn't include a read token.",https://developers.line.biz/en/reference/messaging-api/#message-event
messaging-api,Webhook Event Objects,Message event,Text,text,String,,,,"Message text. - If the end user sends a LINE emoji, the LINE emoji will be included as a string, like (hello) or (love). You can find the LINE emoji details in the emojis property. - If the end user mentions someone, the display name of the recipient's LINE account will be included as a string, like @example. You can find the mention details in the mention property.",https://developers.line.biz/en/reference/messaging-api/#message-event
messaging-api,Webhook Event Objects,Message event,Text,emojis,Array,false,"annotation=""Not always included""",,Array of one or more LINE emoji objects. Only included in the message event when the text property contains a LINE emoji. Sent LINE emoji may not be included in the emojis property - The default LINE emojis sent from LINE for Android won't be included. - Unicode-defined emojis and older versions of LINE emojis may not be retrieved correctly.,https://developers.line.biz/en/reference/messaging-api/#message-event
messaging-api,Webhook Event Objects,Message event,Text,emojis[].index,Number,,,,"Index position for a character in text, with the first character being at position 0.",https://developers.line.biz/en/reference/messaging-api/#message-event
messaging-api,Webhook Event Objects,Message event,Text,emojis[].length,Number,,,,"The length of the LINE emoji string. For LINE emoji (hello), 7 is the length.",https://developers.line.biz/en/reference/messaging-api/#message-event
messaging-api,Webhook Event Objects,Message event,Text,emojis[].productId,String,,,,Product ID for a LINE emoji set. See LINE emoji for an example of a product ID.,https://developers.line.biz/en/reference/messaging-api/#message-event
messaging-api,Webhook Event Objects,Message event,Text,emojis[].emojiId,String,,,,ID for a LINE emoji inside a set. See LINE emoji for an example of an emoji ID.,https://developers.line.biz/en/reference/messaging-api/#message-event
messaging-api,Webhook Event Objects,Message event,Text,mention,Object,false,"annotation=""Not always included""",,Object containing the contents of the mentioned user. Only included in the message event when the text property contains a mention.,https://developers.line.biz/en/reference/messaging-api/#message-event
messaging-api,Webhook Event Objects,Message event,Text,mention.mentionees[],Array of objects,,,20,Array of one or more mention objects. Max: 20 mentions,https://developers.line.biz/en/reference/messaging-api/#message-event
messaging-api,Webhook Event Objects,Message event,Text,mention.mentionees[].index,Number,,,,"Index position of the user mention for a character in text, with the first character being at position 0.",https://developers.line.biz/en/reference/messaging-api/#message-event
messaging-api,Webhook Event Objects,Message event,Text,mention.mentionees[].length,Number,,,,"The length of the text of the mentioned user. For a mention @example, 8 is the length.",https://developers.line.biz/en/reference/messaging-api/#message-event
messaging-api,Webhook Event Objects,Message event,Text,mention.mentionees[].type,String,,,,Mentioned target. - user: User or bot. - all: Entire group.,https://developers.line.biz/en/reference/messaging-api/#message-event
messaging-api,Webhook Event Objects,Message event,Text,mention.mentionees[].userId,String,false,"annotation=""Not always included""",,"User ID of the mentioned user or bot. Only included if mention.mentions[].type is user. If the mentionee is a user, only included if the user consents to the LINE Official Account obtaining their user profile information.",https://developers.line.biz/en/reference/messaging-api/#message-event
messaging-api,Webhook Event Objects,Message event,Text,mention.mentionees[].isSelf,Boolean,false,"annotation=""Not always included""",,"Whether the mention is to the bot (destination) that received the webhook event. This is only included when the value of the mention.mentionees[].type property is user. - true: This is a mention to the bot that received the webhook event. - false: This is a mention to another user. For more information, see Webhook when a message including a mention to a bot is sent in the Messaging API documentation.",https://developers.line.biz/en/reference/messaging-api/#message-event
messaging-api,Webhook Event Objects,Message event,Text,quotedMessageId,String,false,"annotation=""Not always included""",,Message ID of a quoted message. Only included when the received message quotes a past message.,https://developers.line.biz/en/reference/messaging-api/#message-event
messaging-api,Webhook Event Objects,Message event,Image,id,String,,,,Message ID,https://developers.line.biz/en/reference/messaging-api/#message-event
messaging-api,Webhook Event Objects,Message event,Image,type,String,,,,image,https://developers.line.biz/en/reference/messaging-api/#message-event
messaging-api,Webhook Event Objects,Message event,Image,quoteToken,String,,,,"Quote token of the message. For more information, see Get quote tokens in the Messaging API documentation.",https://developers.line.biz/en/reference/messaging-api/#message-event
messaging-api,Webhook Event Objects,Message event,Image,markAsReadToken,String,,,,"Read token. This token allows you to mark messages as read. It has no expiration date. For more information, see Mark messages as read in the Messaging API documentation.",https://developers.line.biz/en/reference/messaging-api/#message-event
messaging-api,Webhook Event Objects,Message event,Image,contentProvider.type,String,,,,"Provider of the image file. - line: The image was sent by a LINE user. The binary data of the image file can be retrieved by specifying the message ID and calling the Get content endpoint. - external: The URL of the image file is included in the contentProvider.originalContentUrl property. If the provider of the image file is external, the binary data of the image file can't be retrieved by using the Get content endpoint.",https://developers.line.biz/en/reference/messaging-api/#message-event
messaging-api,Webhook Event Objects,Message event,Image,contentProvider.originalContentUrl,String,false,"annotation=""Not always included""",,URL of the image file. Only included when contentProvider.type is external. The server where the image file is located isn't provided by LY Corporation.,https://developers.line.biz/en/reference/messaging-api/#message-event
messaging-api,Webhook Event Objects,Message event,Image,contentProvider.previewImageUrl,String,false,"annotation=""Not always included""",,URL of the preview image. Only included when contentProvider.type is external. The server where the preview image file is located isn't provided by LY Corporation.,https://developers.line.biz/en/reference/messaging-api/#message-event
messaging-api,Webhook Event Objects,Message event,Image,imageSet.id,String,false,"annotation=""Not always included""",,Image set ID. Only included when multiple images are sent simultaneously.,https://developers.line.biz/en/reference/messaging-api/#message-event
messaging-api,Webhook Event Objects,Message event,Image,imageSet.index,Number,false,"annotation=""Not always included""",,"An index starting from 1, indicating the image number in a set of images sent simultaneously. Only included when multiple images are sent simultaneously. However, it won't be included if the sender is using LINE 11.15 or earlier for Android. The order in which webhooks are delivered is undefined If a user simultaneously sends multiple images, multiple webhook events are sent to the bot server from the LINE Platform. The webhooks are delivered in an undefined order, not in the order of the values in imageSet.index.",https://developers.line.biz/en/reference/messaging-api/#message-event
messaging-api,Webhook Event Objects,Message event,Image,imageSet.total,Number,false,"annotation=""Not always included""",,"The total number of images sent simultaneously. If two images are sent simultaneously, the number is 2. Only included when multiple images are sent simultaneously. However, it won't be included if the sender is using LINE 11.15 or earlier for Android.",https://developers.line.biz/en/reference/messaging-api/#message-event
messaging-api,Webhook Event Objects,Message event,Video,id,String,,,,Message ID,https://developers.line.biz/en/reference/messaging-api/#message-event
messaging-api,Webhook Event Objects,Message event,Video,type,String,,,,video,https://developers.line.biz/en/reference/messaging-api/#message-event
messaging-api,Webhook Event Objects,Message event,Video,quoteToken,String,,,,"Quote token of the message. For more information, see Get quote tokens in the Messaging API documentation.",https://developers.line.biz/en/reference/messaging-api/#message-event
messaging-api,Webhook Event Objects,Message event,Video,markAsReadToken,String,,,,"Read token. This token allows you to mark messages as read. It has no expiration date. For more information, see Mark messages as read in the Messaging API documentation.",https://developers.line.biz/en/reference/messaging-api/#message-event
messaging-api,Webhook Event Objects,Message event,Video,duration,Number,false,"annotation=""Not always included""",,Length of video file (milliseconds),https://developers.line.biz/en/reference/messaging-api/#message-event
messaging-api,Webhook Event Objects,Message event,Video,contentProvider.type,String,,,,"Provider of the video file. - line: The video was sent by a LINE user. The binary data of the video file can be retrieved by specifying the message ID and calling the Get content endpoint. - external: The URL of the video file is included in the contentProvider.originalContentUrl property. If the provider of the video file is external, the binary data of the video file can't be retrieved by using the Get content endpoint.",https://developers.line.biz/en/reference/messaging-api/#message-event
messaging-api,Webhook Event Objects,Message event,Video,contentProvider.originalContentUrl,String,false,"annotation=""Not always included""",,URL of the video file. Only included when contentProvider.type is external. The server where the video file is located isn't provided by LY Corporation.,https://developers.line.biz/en/reference/messaging-api/#message-event
messaging-api,Webhook Event Objects,Message event,Video,contentProvider.previewImageUrl,String,false,"annotation=""Not always included""",,URL of the preview image. Only included when contentProvider.type is external. The server where the preview image file is located isn't provided by LY Corporation.,https://developers.line.biz/en/reference/messaging-api/#message-event
messaging-api,Webhook Event Objects,Message event,Audio,id,String,,,,Message ID,https://developers.line.biz/en/reference/messaging-api/#message-event
messaging-api,Webhook Event Objects,Message event,Audio,type,String,,,,audio,https://developers.line.biz/en/reference/messaging-api/#message-event
messaging-api,Webhook Event Objects,Message event,Audio,markAsReadToken,String,,,,"Read token. This token allows you to mark messages as read. It has no expiration date. For more information, see Mark messages as read in the Messaging API documentation.",https://developers.line.biz/en/reference/messaging-api/#message-event
messaging-api,Webhook Event Objects,Message event,Audio,duration,Number,false,"annotation=""Not always included""",,Length of audio file (milliseconds),https://developers.line.biz/en/reference/messaging-api/#message-event
messaging-api,Webhook Event Objects,Message event,Audio,contentProvider.type,String,,,,"Provider of the audio file: - line: The audio was sent by a LINE user. The binary data of the audio file can be retrieved by specifying the message ID and calling the Get content endpoint. - external: The URL of the audio file is included in the contentProvider.originalContentUrl property. If the provider of the audio file is external, the binary data of the audio file can't be retrieved by using the Get content endpoint.",https://developers.line.biz/en/reference/messaging-api/#message-event
messaging-api,Webhook Event Objects,Message event,Audio,contentProvider.originalContentUrl,String,false,"annotation=""Not always included""",,URL of the audio file. Only included when contentProvider.type is external. The server where the audio file is located isn't provided by LY Corporation.,https://developers.line.biz/en/reference/messaging-api/#message-event
messaging-api,Webhook Event Objects,Message event,File,id,String,,,,Message ID,https://developers.line.biz/en/reference/messaging-api/#message-event
messaging-api,Webhook Event Objects,Message event,File,type,String,,,,file,https://developers.line.biz/en/reference/messaging-api/#message-event
messaging-api,Webhook Event Objects,Message event,File,markAsReadToken,String,,,,"Read token. This token allows you to mark messages as read. It has no expiration date. For more information, see Mark messages as read in the Messaging API documentation.",https://developers.line.biz/en/reference/messaging-api/#message-event
messaging-api,Webhook Event Objects,Message event,File,fileName,String,,,,File name,https://developers.line.biz/en/reference/messaging-api/#message-event
messaging-api,Webhook Event Objects,Message event,File,fileSize,Number,,,,File size in bytes,https://developers.line.biz/en/reference/messaging-api/#message-event
messaging-api,Webhook Event Objects,Message event,Location,id,String,,,,Message ID,https://developers.line.biz/en/reference/messaging-api/#message-event
messaging-api,Webhook Event Objects,Message event,Location,type,String,,,,location,https://developers.line.biz/en/reference/messaging-api/#message-event
messaging-api,Webhook Event Objects,Message event,Location,markAsReadToken,String,,,,"Read token. This token allows you to mark messages as read. It has no expiration date. For more information, see Mark messages as read in the Messaging API documentation.",https://developers.line.biz/en/reference/messaging-api/#message-event
messaging-api,Webhook Event Objects,Message event,Location,title,String,false,"annotation=""Not always included""",,Title,https://developers.line.biz/en/reference/messaging-api/#message-event
messaging-api,Webhook Event Objects,Message event,Location,address,String,false,"annotation=""Not always included""",,Address,https://developers.line.biz/en/reference/messaging-api/#message-event
messaging-api,Webhook Event Objects,Message event,Location,latitude,Decimal,,,,Latitude,https://developers.line.biz/en/reference/messaging-api/#message-event
messaging-api,Webhook Event Objects,Message event,Location,longitude,Decimal,,,,Longitude,https://developers.line.biz/en/reference/messaging-api/#message-event
messaging-api,Webhook Event Objects,Message event,Sticker,id,String,,,,Message ID,https://developers.line.biz/en/reference/messaging-api/#message-event
messaging-api,Webhook Event Objects,Message event,Sticker,type,String,,,,sticker,https://developers.line.biz/en/reference/messaging-api/#message-event
messaging-api,Webhook Event Objects,Message event,Sticker,quoteToken,String,,,,"Quote token of the message. For more information, see Get quote tokens in the Messaging API documentation.",https://developers.line.biz/en/reference/messaging-api/#message-event
messaging-api,Webhook Event Objects,Message event,Sticker,markAsReadToken,String,,,,"Read token. This token allows you to mark messages as read. It has no expiration date. For more information, see Mark messages as read in the Messaging API documentation.",https://developers.line.biz/en/reference/messaging-api/#message-event
messaging-api,Webhook Event Objects,Message event,Sticker,packageId,String,,,,Package ID,https://developers.line.biz/en/reference/messaging-api/#message-event
messaging-api,Webhook Event Objects,Message event,Sticker,stickerId,String,,,,Sticker ID,https://developers.line.biz/en/reference/messaging-api/#message-event
messaging-api,Webhook Event Objects,Message event,Sticker,stickerResourceType,String,,,,"Sticker resource type. One of: - STATIC: Still image - ANIMATION: Animated sticker - SOUND: Sticker with sound - ANIMATION_SOUND: Animated sticker with sound - POPUP: Pop-up sticker or Effect sticker - POPUP_SOUND: Pop-up sticker with sound or Effect sticker with sound - CUSTOM: Custom sticker. Text entered by user can't be retrieved. - MESSAGE: Message sticker - NAME_TEXT: Custom sticker (discontinued) - PER_STICKER_TEXT: Message sticker (discontinued) About stickerResourceType In the future, we may add new resource types without notice. Make sure your implementation can handle both current a",https://developers.line.biz/en/reference/messaging-api/#message-event
messaging-api,Webhook Event Objects,Message event,Sticker,keywords,Array of strings,false,"annotation=""Not always included""",,"Array of up to 15 keywords describing the sticker. If a sticker has 16 or more keywords, a random selection of 15 keywords will be returned. The keyword selection is random for each event, so different keywords may be returned for the same sticker. About keywords The keywords property is currently in an experimental phase and discontinuation or spec changes may occur in the future.",https://developers.line.biz/en/reference/messaging-api/#message-event
messaging-api,Webhook Event Objects,Message event,Sticker,text,String,false,"annotation=""Not always included""",100,"Any text entered by the user. This property is only included for message stickers. Max character limit: 100 You can't retrieve the text of custom stickers In the case of custom stickers, the text entered by the user can't be retrieved.",https://developers.line.biz/en/reference/messaging-api/#message-event
messaging-api,Webhook Event Objects,Message event,Sticker,quotedMessageId,String,false,"annotation=""Not always included""",,Message ID of a quoted message. Only included when the received message quotes a past message.,https://developers.line.biz/en/reference/messaging-api/#message-event
messaging-api,Webhook Event Objects,Edit event,,"timestamp, source, etc.",See Common properties.,,,,,https://developers.line.biz/en/reference/messaging-api/#edit-event
messaging-api,Webhook Event Objects,Edit event,,type,String,,,,messageEdited,https://developers.line.biz/en/reference/messaging-api/#edit-event
messaging-api,Webhook Event Objects,Edit event,,replyToken,String,,,,Reply token used to send reply message to this event. The reply token in an edit event has a different value from the reply token in the original message event.,https://developers.line.biz/en/reference/messaging-api/#edit-event
messaging-api,Webhook Event Objects,Edit event,,message,Object,,,,Object containing the contents of the message. Message types include: - Text,https://developers.line.biz/en/reference/messaging-api/#edit-event
messaging-api,Webhook Event Objects,Unsend event,,"timestamp, source, etc.",See Common Properties.,,,,,https://developers.line.biz/en/reference/messaging-api/#unsend-event
messaging-api,Webhook Event Objects,Unsend event,,type,String,,,,unsend,https://developers.line.biz/en/reference/messaging-api/#unsend-event
messaging-api,Webhook Event Objects,Unsend event,,unsend.messageId,String,,,,The message ID of the unsent message,https://developers.line.biz/en/reference/messaging-api/#unsend-event
messaging-api,Webhook Event Objects,Follow event,,"timestamp, source, etc.",See Common Properties.,,,,,https://developers.line.biz/en/reference/messaging-api/#follow-event
messaging-api,Webhook Event Objects,Follow event,,type,String,,,,follow,https://developers.line.biz/en/reference/messaging-api/#follow-event
messaging-api,Webhook Event Objects,Follow event,,replyToken,String,,,,Reply token used to send reply message to this event,https://developers.line.biz/en/reference/messaging-api/#follow-event
messaging-api,Webhook Event Objects,Follow event,,follow.isUnblocked,Boolean,,,,"- true: The user has unblocked the LINE Official Account. - false: The user has added the LINE Official Account as a friend. Accuracy of follow.isUnblocked The follow.isUnblocked property doesn't guarantee the complete accuracy of ""add friend"" and ""unblock"".",https://developers.line.biz/en/reference/messaging-api/#follow-event
messaging-api,Webhook Event Objects,Unfollow event,,"timestamp, source, etc.",See Common Properties.,,,,,https://developers.line.biz/en/reference/messaging-api/#unfollow-event
messaging-api,Webhook Event Objects,Unfollow event,,type,String,,,,unfollow,https://developers.line.biz/en/reference/messaging-api/#unfollow-event
messaging-api,Webhook Event Objects,Join event,,"timestamp, source, etc.",See Common Properties.,,,,,https://developers.line.biz/en/reference/messaging-api/#join-event
messaging-api,Webhook Event Objects,Join event,,type,String,,,,join,https://developers.line.biz/en/reference/messaging-api/#join-event
messaging-api,Webhook Event Objects,Join event,,replyToken,String,,,,Reply token used to send reply message to this event,https://developers.line.biz/en/reference/messaging-api/#join-event
messaging-api,Webhook Event Objects,Leave event,,"timestamp, source, etc.",See Common Properties.,,,,,https://developers.line.biz/en/reference/messaging-api/#leave-event
messaging-api,Webhook Event Objects,Leave event,,type,String,,,,leave,https://developers.line.biz/en/reference/messaging-api/#leave-event
messaging-api,Webhook Event Objects,Member join event,,"timestamp, source, etc.",See Common Properties.,,,,,https://developers.line.biz/en/reference/messaging-api/#member-join-event
messaging-api,Webhook Event Objects,Member join event,,type,String,,,,memberJoined,https://developers.line.biz/en/reference/messaging-api/#member-join-event
messaging-api,Webhook Event Objects,Member join event,,joined.members,Array,,,,Users who joined. Array of source user objects.,https://developers.line.biz/en/reference/messaging-api/#member-join-event
messaging-api,Webhook Event Objects,Member join event,,replyToken,String,,,,Reply token used to send reply message to this event,https://developers.line.biz/en/reference/messaging-api/#member-join-event
messaging-api,Webhook Event Objects,Member leave event,,"timestamp, source, etc.",See Common Properties.,,,,,https://developers.line.biz/en/reference/messaging-api/#member-leave-event
messaging-api,Webhook Event Objects,Member leave event,,type,String,,,,memberLeft,https://developers.line.biz/en/reference/messaging-api/#member-leave-event
messaging-api,Webhook Event Objects,Member leave event,,left.members,Array,,,,Users who left. Array of source user objects.,https://developers.line.biz/en/reference/messaging-api/#member-leave-event
messaging-api,Webhook Event Objects,Postback event,,"timestamp, source, etc.",See Common Properties.,,,,,https://developers.line.biz/en/reference/messaging-api/#postback-event
messaging-api,Webhook Event Objects,Postback event,,type,String,,,,postback,https://developers.line.biz/en/reference/messaging-api/#postback-event
messaging-api,Webhook Event Objects,Postback event,,replyToken,String,,,,Reply token used to send reply message to this event,https://developers.line.biz/en/reference/messaging-api/#postback-event
messaging-api,Webhook Event Objects,Postback event,,postback.data,String,,,,Postback data,https://developers.line.biz/en/reference/messaging-api/#postback-event
messaging-api,Webhook Event Objects,Postback event,,postback.params,Object,,,,Any of these JSON objects: - postback.params object for date-time selection action. - JSON object with date and time selected by the user via Datetime picker action. - Returned only for postback actions by Datetime picker action. - postback.paramsobject for rich menu switch action. - JSON object with rich menu alias ID selected by the user via Rich menu switch action. - Returned only for postback actions by Rich menu switch action.,https://developers.line.biz/en/reference/messaging-api/#postback-event
messaging-api,Webhook Event Objects,Video viewing complete event,,"timestamp, source, etc.",See Common Properties.,,,,,https://developers.line.biz/en/reference/messaging-api/#video-viewing-complete-event
messaging-api,Webhook Event Objects,Video viewing complete event,,type,String,,,,videoPlayComplete,https://developers.line.biz/en/reference/messaging-api/#video-viewing-complete-event
messaging-api,Webhook Event Objects,Video viewing complete event,,replyToken,String,,,,Reply token used to send reply message to this event,https://developers.line.biz/en/reference/messaging-api/#video-viewing-complete-event
messaging-api,Webhook Event Objects,Video viewing complete event,,videoPlayComplete.trackingId,String,,,,ID used to identify a video. Returns the same value as the trackingId assigned to the video message.,https://developers.line.biz/en/reference/messaging-api/#video-viewing-complete-event
messaging-api,Webhook Event Objects,Beacon event,,"timestamp, source, etc.",See Common Properties.,,,,,https://developers.line.biz/en/reference/messaging-api/#beacon-event
messaging-api,Webhook Event Objects,Beacon event,,type,String,,,,beacon,https://developers.line.biz/en/reference/messaging-api/#beacon-event
messaging-api,Webhook Event Objects,Beacon event,,replyToken,String,,,,Reply token used to send reply message to this event,https://developers.line.biz/en/reference/messaging-api/#beacon-event
messaging-api,Webhook Event Objects,Beacon event,,beacon.hwid,String,,,,Hardware ID of the beacon that was detected,https://developers.line.biz/en/reference/messaging-api/#beacon-event
messaging-api,Webhook Event Objects,Beacon event,,beacon.type,String,,,,Type of beacon event. See Beacon event types.,https://developers.line.biz/en/reference/messaging-api/#beacon-event
messaging-api,Webhook Event Objects,Beacon event,,beacon.dm,String,false,"annotation=""Not always included""",,"Device message of beacon that was detected. This message consists of data generated by the beacon to send notifications to bot servers. Only included in webhook events from devices that support the ""device message"" property. For more information, see the LINE Simple Beacon specification.",https://developers.line.biz/en/reference/messaging-api/#beacon-event
messaging-api,Webhook Event Objects,Account link event,,"timestamp, source, etc.",See Common Properties.,,,,The source property won't be included in the account link event if linking the account has failed.,https://developers.line.biz/en/reference/messaging-api/#account-link-event
messaging-api,Webhook Event Objects,Account link event,,type,String,,,,accountLink,https://developers.line.biz/en/reference/messaging-api/#account-link-event
messaging-api,Webhook Event Objects,Account link event,,replyToken,String,false,"annotation=""Not always included""",,Reply token used to send reply message to this event. This property won't be included if linking the account has failed.,https://developers.line.biz/en/reference/messaging-api/#account-link-event
messaging-api,Webhook Event Objects,Account link event,,link.result,String,,,,"One of the following values to indicate whether linking the account was successful or not: - ok: Indicates linking the account was successful. - failed: Indicates linking the account failed for any reason, such as due to a user impersonation.",https://developers.line.biz/en/reference/messaging-api/#account-link-event
messaging-api,Webhook Event Objects,Account link event,,link.nonce,String,,,,"Specified nonce (number used once) when verifying the user ID. For more information, see Generate a nonce and redirect the user to the LINE Platform in the Messaging API documentation.",https://developers.line.biz/en/reference/messaging-api/#account-link-event
messaging-api,Webhook Event Objects,Membership event,,"timestamp, source, etc.",See Common properties.,,,,,https://developers.line.biz/en/reference/messaging-api/#membership-event
messaging-api,Webhook Event Objects,Membership event,,type,String,,,,membership,https://developers.line.biz/en/reference/messaging-api/#membership-event
messaging-api,Webhook Event Objects,Membership event,,replyToken,String,,,,Reply token used to send a reply message to this event,https://developers.line.biz/en/reference/messaging-api/#membership-event
messaging-api,Webhook Event Objects,Membership event,,membership.type,String,,,,Type of membership event. One of the following values: - joined: User joined the membership. - left: User left the membership. - renewed: User renewed the membership.,https://developers.line.biz/en/reference/messaging-api/#membership-event
messaging-api,Webhook Event Objects,Membership event,,membership.membershipId,Number,,,,"A membership ID that the user has joined, left, or renewed.",https://developers.line.biz/en/reference/messaging-api/#membership-event
messaging-api,Webhook settings,Set webhook endpoint URL,Request headers,Authorization,Bearer {channel access token},true,required,,,https://developers.line.biz/en/reference/messaging-api/#set-webhook-endpoint-url
messaging-api,Webhook settings,Set webhook endpoint URL,Request headers,Content-Type,application/json,true,required,,,https://developers.line.biz/en/reference/messaging-api/#set-webhook-endpoint-url
messaging-api,Webhook settings,Set webhook endpoint URL,Request body,endpoint,String,true,required,,A valid webhook URL.,https://developers.line.biz/en/reference/messaging-api/#set-webhook-endpoint-url
messaging-api,Webhook settings,Get webhook endpoint information,Request headers,Authorization,Bearer {channel access token},true,required,,,https://developers.line.biz/en/reference/messaging-api/#get-webhook-endpoint-information
messaging-api,Webhook settings,Get webhook endpoint information,Request headers,Content-Type,application/json,true,required,,,https://developers.line.biz/en/reference/messaging-api/#get-webhook-endpoint-information
messaging-api,Webhook settings,Get webhook endpoint information,Response,endpoint,String,,,,Webhook URL,https://developers.line.biz/en/reference/messaging-api/#get-webhook-endpoint-information
messaging-api,Webhook settings,Get webhook endpoint information,Response,active,Boolean,,,,Webhook usage status. Send a webhook event from the LINE Platform to the webhook URL only if enabled. - true: Webhook usage is enabled. - false: Webhook usage is disabled.,https://developers.line.biz/en/reference/messaging-api/#get-webhook-endpoint-information
messaging-api,Webhook settings,Test webhook endpoint,Request headers,Authorization,Bearer {channel access token},true,required,,,https://developers.line.biz/en/reference/messaging-api/#test-webhook-endpoint
messaging-api,Webhook settings,Test webhook endpoint,Request headers,Content-Type,application/json,true,required,,,https://developers.line.biz/en/reference/messaging-api/#test-webhook-endpoint
messaging-api,Webhook settings,Test webhook endpoint,Request body,endpoint,String,false,optional,,"A webhook URL to be validated. Behaviors with/without endpoint parameter The behavior of this API endpoint will differ depending on if the endpoint parameter is included in, or excluded from, the Request body. With endpoint parameter Validates that the endpoint URL specified in the endpoint parameter is valid and, if valid, sends a test webhook event to the specified endpoint URL. Without endpoint parameter Sends a test webhook event to a webhook endpoint that is already set to the channel. 404 is returned if the channel doesn't have a webhook endpoint configured.",https://developers.line.biz/en/reference/messaging-api/#test-webhook-endpoint
messaging-api,Webhook settings,Test webhook endpoint,Response,success,Boolean,,,,"Result of the communication from the LINE Platform to the webhook URL. - true: Success - false: Failure If false, see Check the reason for errors in the Messaging API documentation.",https://developers.line.biz/en/reference/messaging-api/#test-webhook-endpoint
messaging-api,Webhook settings,Test webhook endpoint,Response,timestamp,String,,,,See Common Properties.,https://developers.line.biz/en/reference/messaging-api/#test-webhook-endpoint
messaging-api,Webhook settings,Test webhook endpoint,Response,statusCode,Number,,,,"The HTTP status code. If the webhook response isn't received, the status code is set to zero or a negative number.",https://developers.line.biz/en/reference/messaging-api/#test-webhook-endpoint
messaging-api,Webhook settings,Test webhook endpoint,Response,reason,String,,,,Reason for the response. See table below for more information.,https://developers.line.biz/en/reference/messaging-api/#test-webhook-endpoint
messaging-api,Webhook settings,Test webhook endpoint,Response,detail,String,,,,Details of the response. See table below for more information.,https://developers.line.biz/en/reference/messaging-api/#test-webhook-endpoint
messaging-api,Getting content,Get content,Request headers,Authorization,Bearer {channel access token},true,required,,,https://developers.line.biz/en/reference/messaging-api/#get-content
messaging-api,Getting content,Get content,Path parameters,messageId,Message ID,true,required,,,https://developers.line.biz/en/reference/messaging-api/#get-content
messaging-api,Getting content,Verify the preparation status of a video or audio for getting,Request headers,Authorization,Bearer {channel access token},true,required,,,https://developers.line.biz/en/reference/messaging-api/#verify-the-preparation-status-of-a-video-or-audio-for-getting
messaging-api,Getting content,Verify the preparation status of a video or audio for getting,Path parameters,messageId,Message ID of video or audio,true,required,,,https://developers.line.biz/en/reference/messaging-api/#verify-the-preparation-status-of-a-video-or-audio-for-getting
messaging-api,Getting content,Verify the preparation status of a video or audio for getting,Response,status,String,,,,The preparation status. One of: - processing: Preparing to get content. - succeeded: Ready to get the content. You can get the content sent by users. - failed: Failed to prepare to get the content.,https://developers.line.biz/en/reference/messaging-api/#verify-the-preparation-status-of-a-video-or-audio-for-getting
messaging-api,Getting content,Get a preview image of the image or video,Request headers,Authorization,Bearer {channel access token},true,required,,,https://developers.line.biz/en/reference/messaging-api/#get-a-preview-image-of-the-image-or-video
messaging-api,Getting content,Get a preview image of the image or video,Path parameters,messageId,Message ID of image or video,true,required,,,https://developers.line.biz/en/reference/messaging-api/#get-a-preview-image-of-the-image-or-video
messaging-api,Channel access token,Issue channel access token v2.1,Request headers,Content-Type,application/x-www-form-urlencoded,true,required,,,https://developers.line.biz/en/reference/messaging-api/#issue-channel-access-token-v21
messaging-api,Channel access token,Issue channel access token v2.1,Request body,grant_type,String,true,required,,client_credentials,https://developers.line.biz/en/reference/messaging-api/#issue-channel-access-token-v21
messaging-api,Channel access token,Issue channel access token v2.1,Request body,client_assertion_type,String,true,required,,URL-encoded value of urn:ietf:params:oauth:client-assertion-type:jwt-bearer,https://developers.line.biz/en/reference/messaging-api/#issue-channel-access-token-v21
messaging-api,Channel access token,Issue channel access token v2.1,Request body,client_assertion,String,true,required,,"Specify a JSON Web Token assertion that must be generated by the client and signed with the private key of the assertion signing key. JWT assertions must be set to expire within 30 minutes of generation. For more information about generating a JWT assertion, see Generate a JWT.",https://developers.line.biz/en/reference/messaging-api/#issue-channel-access-token-v21
messaging-api,Channel access token,Issue channel access token v2.1,Response,access_token,String,,,,Channel access token.,https://developers.line.biz/en/reference/messaging-api/#issue-channel-access-token-v21
messaging-api,Channel access token,Issue channel access token v2.1,Response,expires_in,Number,,,,Amount of time in seconds from issue to expiration of the channel access token,https://developers.line.biz/en/reference/messaging-api/#issue-channel-access-token-v21
messaging-api,Channel access token,Issue channel access token v2.1,Response,token_type,String,,,,Bearer,https://developers.line.biz/en/reference/messaging-api/#issue-channel-access-token-v21
messaging-api,Channel access token,Issue channel access token v2.1,Response,key_id,String,,,,Unique key ID for identifying the channel access token.,https://developers.line.biz/en/reference/messaging-api/#issue-channel-access-token-v21
messaging-api,Channel access token,Verify the validity of the channel access token v2.1,Query parameter,access_token,Channel access token with a user-specified expiration (Channel Access Token v2.1).,true,required,,,https://developers.line.biz/en/reference/messaging-api/#verify-the-validity-of-the-channel-access-token-v21
messaging-api,Channel access token,Verify the validity of the channel access token v2.1,Response,client_id,String,,,,The channel ID for which the channel access token was issued.,https://developers.line.biz/en/reference/messaging-api/#verify-the-validity-of-the-channel-access-token-v21
messaging-api,Channel access token,Verify the validity of the channel access token v2.1,Response,expires_in,Number,,,,Number of seconds before the channel access token expires.,https://developers.line.biz/en/reference/messaging-api/#verify-the-validity-of-the-channel-access-token-v21
messaging-api,Channel access token,Verify the validity of the channel access token v2.1,Response,scope,String,false,"annotation=""Not always included""",,Permissions granted to the channel access token.,https://developers.line.biz/en/reference/messaging-api/#verify-the-validity-of-the-channel-access-token-v21
messaging-api,Channel access token,Get all valid channel access token key IDs v2.1,Query parameters,client_assertion_type,String,true,required,,URL-encoded value of urn:ietf:params:oauth:client-assertion-type:jwt-bearer,https://developers.line.biz/en/reference/messaging-api/#get-all-valid-channel-access-token-key-ids-v21
messaging-api,Channel access token,Get all valid channel access token key IDs v2.1,Query parameters,client_assertion,String,true,required,,A JSON Web Token (JWT) the client needs to create and sign with the private key.,https://developers.line.biz/en/reference/messaging-api/#get-all-valid-channel-access-token-key-ids-v21
messaging-api,Channel access token,Get all valid channel access token key IDs v2.1,Response,kids,Array of strings,,,,Array of channel access token key IDs.,https://developers.line.biz/en/reference/messaging-api/#get-all-valid-channel-access-token-key-ids-v21
messaging-api,Channel access token,Revoke channel access token v2.1,Request body,client_id,String,true,required,,Channel ID,https://developers.line.biz/en/reference/messaging-api/#revoke-channel-access-token-v21
messaging-api,Channel access token,Revoke channel access token v2.1,Request body,client_secret,String,true,required,,Channel Secret,https://developers.line.biz/en/reference/messaging-api/#revoke-channel-access-token-v21
messaging-api,Channel access token,Revoke channel access token v2.1,Request body,access_token,String,true,required,,Channel access token,https://developers.line.biz/en/reference/messaging-api/#revoke-channel-access-token-v21
messaging-api,Channel access token,Issue stateless channel access token,Request headers,Content-Type,application/x-www-form-urlencoded,true,required,,,https://developers.line.biz/en/reference/messaging-api/#issue-stateless-channel-access-token
messaging-api,Channel access token,Issue stateless channel access token,Request body,grant_type,String,true,required,,client_credentials,https://developers.line.biz/en/reference/messaging-api/#issue-stateless-channel-access-token
messaging-api,Channel access token,Issue stateless channel access token,Request body,client_id,String,true,required,,Channel ID. Found on the LINE Developers Console.,https://developers.line.biz/en/reference/messaging-api/#issue-stateless-channel-access-token
messaging-api,Channel access token,Issue stateless channel access token,Request body,client_secret,String,true,required,,Channel secret. Found on the LINE Developers Console.,https://developers.line.biz/en/reference/messaging-api/#issue-stateless-channel-access-token
messaging-api,Channel access token,Issue stateless channel access token,Request body,grant_type,String,true,required,,client_credentials,https://developers.line.biz/en/reference/messaging-api/#issue-stateless-channel-access-token
messaging-api,Channel access token,Issue stateless channel access token,Request body,client_assertion_type,String,true,required,,URL-encoded value of urn:ietf:params:oauth:client-assertion-type:jwt-bearer,https://developers.line.biz/en/reference/messaging-api/#issue-stateless-channel-access-token
messaging-api,Channel access token,Issue stateless channel access token,Request body,client_assertion,String,true,required,,"Specify a JSON Web Token assertion that must be generated by the client and signed with the private key of the assertion signing key. JWT assertions must be set to expire within 30 minutes of generation. For more information about generating a JWT assertion, see Generate a JWT.",https://developers.line.biz/en/reference/messaging-api/#issue-stateless-channel-access-token
messaging-api,Channel access token,Issue stateless channel access token,Response,token_type,String,,,,Bearer,https://developers.line.biz/en/reference/messaging-api/#issue-stateless-channel-access-token
messaging-api,Channel access token,Issue stateless channel access token,Response,access_token,String,,,,Channel access token,https://developers.line.biz/en/reference/messaging-api/#issue-stateless-channel-access-token
messaging-api,Channel access token,Issue stateless channel access token,Response,expires_in,Number,,,,The number of seconds between the issuance of the channel access token and its expiration,https://developers.line.biz/en/reference/messaging-api/#issue-stateless-channel-access-token
messaging-api,Channel access token,Issue short-lived channel access token,Request headers,Content-Type,application/x-www-form-urlencoded,true,required,,,https://developers.line.biz/en/reference/messaging-api/#issue-short-lived-channel-access-token
messaging-api,Channel access token,Issue short-lived channel access token,Request body,grant_type,String,true,required,,client_credentials,https://developers.line.biz/en/reference/messaging-api/#issue-short-lived-channel-access-token
messaging-api,Channel access token,Issue short-lived channel access token,Request body,client_id,String,true,required,,Channel ID. Found on the LINE Developers Console.,https://developers.line.biz/en/reference/messaging-api/#issue-short-lived-channel-access-token
messaging-api,Channel access token,Issue short-lived channel access token,Request body,client_secret,String,true,required,,Channel secret. Found on the LINE Developers Console.,https://developers.line.biz/en/reference/messaging-api/#issue-short-lived-channel-access-token
messaging-api,Channel access token,Issue short-lived channel access token,Response,access_token,String,,,,Short-lived channel access token. Valid for 30 days. Note Channel access tokens cannot be refreshed.,https://developers.line.biz/en/reference/messaging-api/#issue-short-lived-channel-access-token
messaging-api,Channel access token,Issue short-lived channel access token,Response,expires_in,Number,,,,Time until channel access token expires in seconds from time the token is issued,https://developers.line.biz/en/reference/messaging-api/#issue-short-lived-channel-access-token
messaging-api,Channel access token,Issue short-lived channel access token,Response,token_type,String,,,,Bearer,https://developers.line.biz/en/reference/messaging-api/#issue-short-lived-channel-access-token
messaging-api,Channel access token,Verify the validity of short-lived and long-lived channel access tokens,Request header,Content-Type,application/x-www-form-urlencoded,true,required,,,https://developers.line.biz/en/reference/messaging-api/#verify-the-validity-of-short-lived-and-long-lived-channel-access-tokens
messaging-api,Channel access token,Verify the validity of short-lived and long-lived channel access tokens,Request body,access_token,String,true,required,,A short-lived or long-lived channel access token.,https://developers.line.biz/en/reference/messaging-api/#verify-the-validity-of-short-lived-and-long-lived-channel-access-tokens
messaging-api,Channel access token,Verify the validity of short-lived and long-lived channel access tokens,Response,client_id,String,,,,The channel ID for which the channel access token was issued.,https://developers.line.biz/en/reference/messaging-api/#verify-the-validity-of-short-lived-and-long-lived-channel-access-tokens
messaging-api,Channel access token,Verify the validity of short-lived and long-lived channel access tokens,Response,expires_in,Number,,,,Number of seconds before the channel access token expires.,https://developers.line.biz/en/reference/messaging-api/#verify-the-validity-of-short-lived-and-long-lived-channel-access-tokens
messaging-api,Channel access token,Verify the validity of short-lived and long-lived channel access tokens,Response,scope,String,false,"annotation=""Not always included""",,Permissions granted to the channel access token.,https://developers.line.biz/en/reference/messaging-api/#verify-the-validity-of-short-lived-and-long-lived-channel-access-tokens
messaging-api,Channel access token,Revoke short-lived or long-lived channel access token,Request headers,Content-Type,application/x-www-form-urlencoded,true,required,,,https://developers.line.biz/en/reference/messaging-api/#revoke-short-lived-or-long-lived-channel-access-token
messaging-api,Channel access token,Revoke short-lived or long-lived channel access token,Request body,access_token,String,true,required,,Channel access token,https://developers.line.biz/en/reference/messaging-api/#revoke-short-lived-or-long-lived-channel-access-token
messaging-api,Message,Send reply message,Request headers,Content-Type,application/json,true,required,,,https://developers.line.biz/en/reference/messaging-api/#send-reply-message
messaging-api,Message,Send reply message,Request headers,Authorization,Bearer {channel access token},true,required,,,https://developers.line.biz/en/reference/messaging-api/#send-reply-message
messaging-api,Message,Send reply message,Request body,replyToken,String,true,required,,Reply token received via webhook,https://developers.line.biz/en/reference/messaging-api/#send-reply-message
messaging-api,Message,Send reply message,Request body,messages,Array of message objects,true,required,5,"Messages to send Max: 5 By using the Validate message objects of a reply message endpoint, you can validate the message objects.",https://developers.line.biz/en/reference/messaging-api/#send-reply-message
messaging-api,Message,Send reply message,Request body,notificationDisabled,Boolean,false,optional,,- true: The user doesn't receive a push notification when the message is sent. - false: The user receives a push notification when the message is sent (unless they have disabled push notifications in LINE and/or their device). Default: false,https://developers.line.biz/en/reference/messaging-api/#send-reply-message
messaging-api,Message,Send reply message,Response,sentMessages,Array,,,5,Array of sent messages.<br />Max: 5,https://developers.line.biz/en/reference/messaging-api/#send-reply-message
messaging-api,Message,Send reply message,Response,sentMessages.id,Number,,,,ID of the sent message.,https://developers.line.biz/en/reference/messaging-api/#send-reply-message
messaging-api,Message,Send reply message,Response,sentMessages.quoteToken,String,false,"annotation=""Not always included""",,"Quote token of the message. Only included when a message object that can be specified as a quote target was sent as a reply message. For more information, see Get quote tokens in the Messaging API documentation.",https://developers.line.biz/en/reference/messaging-api/#send-reply-message
messaging-api,Message,Send push message,Request headers,Content-Type,application/json,true,required,,,https://developers.line.biz/en/reference/messaging-api/#send-push-message
messaging-api,Message,Send push message,Request headers,Authorization,Bearer {channel access token},true,required,,,https://developers.line.biz/en/reference/messaging-api/#send-push-message
messaging-api,Message,Send push message,Request headers,X-Line-Retry-Key,"Retry key. Specifies the UUID in hexadecimal format (e.g., 123e4567-e89b-12d3-a456-426614174000) generated by any method. The retry key isn't generated by LINE. Each developer must generate their own retry key. For more information, see Retry failed API requests in the Messaging API documentation.",false,optional,,,https://developers.line.biz/en/reference/messaging-api/#send-push-message
messaging-api,Message,Send push message,Request body,to,String,true,required,,"ID of the target recipient. Use a userId, groupId, or roomId value returned in a webhook event object.",https://developers.line.biz/en/reference/messaging-api/#send-push-message
messaging-api,Message,Send push message,Request body,messages,Array of message objects,true,required,5,"Messages to send Max: 5 By using the Validate message objects of a push message endpoint, you can validate the message objects.",https://developers.line.biz/en/reference/messaging-api/#send-push-message
messaging-api,Message,Send push message,Request body,notificationDisabled,Boolean,false,optional,,- true: The user doesn't receive a push notification when the message is sent. - false: The user receives a push notification when the message is sent (unless they have disabled push notifications in LINE and/or their device). Default: false,https://developers.line.biz/en/reference/messaging-api/#send-push-message
messaging-api,Message,Send push message,Request body,customAggregationUnits,Array of strings,false,optional,30,"Name of aggregation unit. Case-sensitive. For example, Promotion_a and Promotion_A are regarded as different unit names. Max unit number: 1 Max character limit: 30 Supported character types: Half-width alphanumeric characters (a-z, A-Z, 0-9) and underscore (_) For more information about assigning a unit name, see Assign a unit name in the Messaging API documentation. Unit names may not be assigned During the current month (from the 1st to the last day of the month), you can send messages with up to 1,000 different unit names. If you try to assign the 1,001st or later unit name, the messages wi",https://developers.line.biz/en/reference/messaging-api/#send-push-message
messaging-api,Message,Send push message,Response,sentMessages,Array,,,5,Array of sent messages.<br />Max: 5,https://developers.line.biz/en/reference/messaging-api/#send-push-message
messaging-api,Message,Send push message,Response,sentMessages.id,Number,,,,ID of the sent message.,https://developers.line.biz/en/reference/messaging-api/#send-push-message
messaging-api,Message,Send push message,Response,sentMessages.quoteToken,String,false,"annotation=""Not always included""",,"Quote token of the message. Only included when a message object that can be specified as a quote target was sent as a push message. For more information, see Get quote tokens in the Messaging API documentation.",https://developers.line.biz/en/reference/messaging-api/#send-push-message
messaging-api,Message,Send multicast message,Request headers,Content-Type,application/json,true,required,,,https://developers.line.biz/en/reference/messaging-api/#send-multicast-message
messaging-api,Message,Send multicast message,Request headers,Authorization,Bearer {channel access token},true,required,,,https://developers.line.biz/en/reference/messaging-api/#send-multicast-message
messaging-api,Message,Send multicast message,Request headers,X-Line-Retry-Key,"Retry key. Specifies the UUID in hexadecimal format (e.g., 123e4567-e89b-12d3-a456-426614174000) generated by any method. The retry key isn't generated by LINE. Each developer must generate their own retry key. For more information, see Retry failed API requests in the Messaging API documentation.",false,optional,,,https://developers.line.biz/en/reference/messaging-api/#send-multicast-message
messaging-api,Message,Send multicast message,Request body,to,Array of strings,true,required,500,Array of user IDs. Use userId values which are returned in webhook event objects. Do not use LINE IDs found on LINE. Max: 500 user IDs,https://developers.line.biz/en/reference/messaging-api/#send-multicast-message
messaging-api,Message,Send multicast message,Request body,messages,Array of message objects,true,required,5,"Messages to send Max: 5 By using the Validate message objects of a multicast message endpoint, you can validate the message objects.",https://developers.line.biz/en/reference/messaging-api/#send-multicast-message
messaging-api,Message,Send multicast message,Request body,notificationDisabled,Boolean,false,optional,,- true: The user doesn't receive a push notification when the message is sent. - false: The user receives a push notification when the message is sent (unless they have disabled push notifications in LINE and/or their device). Default: false,https://developers.line.biz/en/reference/messaging-api/#send-multicast-message
messaging-api,Message,Send multicast message,Request body,customAggregationUnits,Array of strings,false,optional,30,"Name of aggregation unit. Case-sensitive. For example, Promotion_a and Promotion_A are regarded as different unit names. Max unit number: 1 Max character limit: 30 Supported character types: Half-width alphanumeric characters (a-z, A-Z, 0-9) and underscore (_) For more information about assigning a unit name, see Assign a unit name in the Messaging API documentation. Unit names may not be assigned During the current month (from the 1st to the last day of the month), you can send messages with up to 1,000 different unit names. If you try to assign the 1,001st or later unit name, the messages wi",https://developers.line.biz/en/reference/messaging-api/#send-multicast-message
messaging-api,Message,Send narrowcast message,Request headers,Authorization,Bearer {channel access token},true,required,,,https://developers.line.biz/en/reference/messaging-api/#send-narrowcast-message
messaging-api,Message,Send narrowcast message,Request headers,Content-Type,application/json,true,required,,,https://developers.line.biz/en/reference/messaging-api/#send-narrowcast-message
messaging-api,Message,Send narrowcast message,Request headers,X-Line-Retry-Key,"Retry key. Specifies the UUID in hexadecimal format (e.g., 123e4567-e89b-12d3-a456-426614174000) generated by any method. The retry key isn't generated by LINE. Each developer must generate their own retry key. For more information, see Retry failed API requests in the Messaging API documentation.",false,optional,,,https://developers.line.biz/en/reference/messaging-api/#send-narrowcast-message
messaging-api,Message,Send narrowcast message,Request body,messages,Array of message objects,true,required,5,"Messages to send Max: 5 By using the Validate message objects of a narrowcast message endpoint, you can validate the message objects.",https://developers.line.biz/en/reference/messaging-api/#send-narrowcast-message
messaging-api,Message,Send narrowcast message,Request body,recipient,Object,false,optional,,"Recipient object. You can use up to a combined total of 10 audiences and request IDs of the narrowcast messages previously sent to specify message recipients. There is no upper limit on the number of operator objects that you can specify. If this is omitted, messages will be sent to all users who have added your LINE Official Account as a friend.",https://developers.line.biz/en/reference/messaging-api/#send-narrowcast-message
messaging-api,Message,Send narrowcast message,Request body,filter.demographic,Object,false,optional,,"Demographic filter object. You can use friends' attributes to filter the list of recipients. If this is omitted, messages are sent to everyone—including users with attribute values of ""unknown"".",https://developers.line.biz/en/reference/messaging-api/#send-narrowcast-message
messaging-api,Message,Send narrowcast message,Request body,limit,Object,false,optional,,Limit object. You can set a limit on the maximum number of narrowcast messages that can be sent.,https://developers.line.biz/en/reference/messaging-api/#send-narrowcast-message
messaging-api,Message,Send narrowcast message,Request body,notificationDisabled,Boolean,false,optional,,- true: The user doesn't receive a push notification when the message is sent. - false: The user receives a push notification when the message is sent (unless they have disabled push notifications in LINE and/or on their device). Default: false,https://developers.line.biz/en/reference/messaging-api/#send-narrowcast-message
messaging-api,Message,Send narrowcast message,Request body,type,String,true,required,,audience,https://developers.line.biz/en/reference/messaging-api/#send-narrowcast-message
messaging-api,Message,Send narrowcast message,Request body,audienceGroupId,Number,true,required,,The audience ID. Create audiences with the manage audience API.,https://developers.line.biz/en/reference/messaging-api/#send-narrowcast-message
messaging-api,Message,Send narrowcast message,Request body,type,String,true,required,,redelivery,https://developers.line.biz/en/reference/messaging-api/#send-narrowcast-message
messaging-api,Message,Send narrowcast message,Request body,requestId,String,true,required,,The request ID of the narrowcast message previously sent. The request IDs is an ID issued for each Messaging API request. It is included in the response header.,https://developers.line.biz/en/reference/messaging-api/#send-narrowcast-message
messaging-api,Message,Send narrowcast message,Request body,type,String,true,required,,operator,https://developers.line.biz/en/reference/messaging-api/#send-narrowcast-message
messaging-api,Message,Send narrowcast message,Request body,and,Array of recipient objects,false,"annotation=""*""",,Create a new recipient object by taking the logical conjunction (AND) of the specified array of recipient objects. !Audience 1 and Audience 2,https://developers.line.biz/en/reference/messaging-api/#send-narrowcast-message
messaging-api,Message,Send narrowcast message,Request body,or,Array of recipient objects,false,"annotation=""*""",,Create a new recipient object by taking the logical disjunction (OR) of the specified array of recipient objects. !Audience 1 or Audience 2,https://developers.line.biz/en/reference/messaging-api/#send-narrowcast-message
messaging-api,Message,Send narrowcast message,Request body,not,Recipient object,false,"annotation=""*""",,Create a new recipient object that excludes the specified recipient object. !not Audience 2,https://developers.line.biz/en/reference/messaging-api/#send-narrowcast-message
messaging-api,Message,Send narrowcast message,Request body,type,String,true,required,,gender,https://developers.line.biz/en/reference/messaging-api/#send-narrowcast-message
messaging-api,Message,Send narrowcast message,Request body,oneOf,Array of strings,true,required,,Send messages to users of a given gender. One of: - male - female,https://developers.line.biz/en/reference/messaging-api/#send-narrowcast-message
messaging-api,Message,Send narrowcast message,Request body,type,String,true,required,,age,https://developers.line.biz/en/reference/messaging-api/#send-narrowcast-message
messaging-api,Message,Send narrowcast message,Request body,gte,String,false,"annotation=""*""",,"Send messages to users at least as old as the specified age. You can specify one of the following values. However, specify a value smaller than the value specified by the lt property. - age_15 - age_20 - age_25 - age_30 - age_35 - age_40 - age_45 - age_50 - age_55 - age_60 - age_65 - age_70",https://developers.line.biz/en/reference/messaging-api/#send-narrowcast-message
messaging-api,Message,Send narrowcast message,Request body,lt,String,false,"annotation=""*""",,"Send messages to users younger than the specified age. You can specify one of the following values. However, specify a value greater than the value specified by the gte property. - age_15 - age_20 - age_25 - age_30 - age_35 - age_40 - age_45 - age_50 - age_55 - age_60 - age_65 - age_70",https://developers.line.biz/en/reference/messaging-api/#send-narrowcast-message
messaging-api,Message,Send narrowcast message,Request body,type,String,true,required,,appType,https://developers.line.biz/en/reference/messaging-api/#send-narrowcast-message
messaging-api,Message,Send narrowcast message,Request body,oneOf,Array of strings,true,required,,Send messages to users with the specified OS. One of: - ios - android,https://developers.line.biz/en/reference/messaging-api/#send-narrowcast-message
messaging-api,Message,Send narrowcast message,Request body,type,String,true,required,,area,https://developers.line.biz/en/reference/messaging-api/#send-narrowcast-message
messaging-api,Message,Send narrowcast message,Request body,oneOf,Array of strings,true,required,,Send messages to users in the specified region. One of: 日本 // JP (country code=392) - jp_01: 北海道 // Hokkaido - jp_02: 青森県 // Aomori - jp_03: 岩手県 // Iwate - jp_04: 宮城県 // Miyagi - jp_05: 秋田県 // Akita - jp_06: 山形県 // Yamagata - jp_07: 福島県 // Fukushima - jp_08: 茨城県 // Ibaraki - jp_09: 栃木県 // Tochigi - jp_10: 群馬県 // Gunma - jp_11: 埼玉県 // Saitama - jp_12: 千葉県 // Chiba - jp_13: 東京都 // Tokyo - jp_14: 神奈川県 // Kanagawa - jp_15: 新潟県 // Niigata - jp_16: 富山県 // Toyama - jp_17: 石川県 // Ishikawa - jp_18: 福井県 // Fukui - jp_19: 山梨県 // Yamanashi - jp_20: 長野県 // Nagano - jp_21: 岐阜県 // Gifu - jp_22: 静岡県 // Shizuo,https://developers.line.biz/en/reference/messaging-api/#send-narrowcast-message
messaging-api,Message,Send narrowcast message,Request body,type,String,true,required,,subscriptionPeriod,https://developers.line.biz/en/reference/messaging-api/#send-narrowcast-message
messaging-api,Message,Send narrowcast message,Request body,gte,String,false,"annotation=""*""",,"Send messages to users who have been friends of yours for at least the specified number of days. You can specify one of the following values. However, specify a value smaller than the value specified by the lt property. - day_7 - day_30 - day_90 - day_180 - day_365",https://developers.line.biz/en/reference/messaging-api/#send-narrowcast-message
messaging-api,Message,Send narrowcast message,Request body,lt,String,false,"annotation=""*""",,"Send messages to users who have been friends of yours for less than the specified number of days. You can specify one of the following values. However, specify a value greater than the value specified by the gte property. - day_7 - day_30 - day_90 - day_180 - day_365",https://developers.line.biz/en/reference/messaging-api/#send-narrowcast-message
messaging-api,Message,Send narrowcast message,Request body,type,String,true,required,,operator,https://developers.line.biz/en/reference/messaging-api/#send-narrowcast-message
messaging-api,Message,Send narrowcast message,Request body,and,Array of demographic filter objects,false,"annotation=""*""",,Create a new demographic filter object by taking the logical conjunction (AND) of the specified array of demographic filter objects.,https://developers.line.biz/en/reference/messaging-api/#send-narrowcast-message
messaging-api,Message,Send narrowcast message,Request body,or,Array of demographic filter objects,false,"annotation=""*""",,Create a new demographic filter object by taking the logical disjunction (OR) of the specified array of demographic filter objects.,https://developers.line.biz/en/reference/messaging-api/#send-narrowcast-message
messaging-api,Message,Send narrowcast message,Request body,not,Demographic filter object,false,"annotation=""*""",,Create a new demographic filter object that excludes the specified array of demographic filter objects.,https://developers.line.biz/en/reference/messaging-api/#send-narrowcast-message
messaging-api,Message,Send narrowcast message,Request body,max,Number,false,optional,,The maximum number of narrowcast messages to send. Use this parameter to limit the number of narrowcast messages sent. The recipients will be chosen at random.,https://developers.line.biz/en/reference/messaging-api/#send-narrowcast-message
messaging-api,Message,Send narrowcast message,Request body,upToRemainingQuota,Boolean,false,optional,,"If true, the message will be sent within the maximum number of deliverable messages. The default value is false. Targets will be selected at random.",https://developers.line.biz/en/reference/messaging-api/#send-narrowcast-message
messaging-api,Message,Send narrowcast message,Request body,forbidPartialDelivery,Boolean,false,optional,,"This option prevents messages from being delivered to only a subset of the target audience. When you set the upToRemainingQuota property to true and also set the forbidPartialDelivery property to true, the message will not be delivered if the number of recipients exceeds the maximum number of sending. You can check whether message delivery was canceled by retrieving the narrowcast message progress. If delivery is canceled, the phase property in the response will be failed, and the errorCode property will be 5. The forbidPartialDelivery property can only be specified if the upToRemainingQuota p",https://developers.line.biz/en/reference/messaging-api/#send-narrowcast-message
messaging-api,Message,Get narrowcast message status,Request headers,Authorization,Bearer {channel access token},true,required,,,https://developers.line.biz/en/reference/messaging-api/#get-narrowcast-message-status
messaging-api,Message,Get narrowcast message status,Query parameters,requestId,The narrowcast message's request ID. Each Messaging API request has a request ID. Find it in the response headers.,true,required,,,https://developers.line.biz/en/reference/messaging-api/#get-narrowcast-message-status
messaging-api,Message,Get narrowcast message status,Response,phase,String,,,,The current status. One of: - waiting: Messages are not yet ready to be sent. They are currently being filtered or processed in some way. - sending: Messages are currently being sent. - succeeded: Messages were sent successfully. This may not mean the messages were successfully received. - failed: Messages failed to be sent. Use the failedDescription property to find the cause of the failure.,https://developers.line.biz/en/reference/messaging-api/#get-narrowcast-message-status
messaging-api,Message,Get narrowcast message status,Response,successCount,Number,false,"annotation=""Not always included""",,The number of users who successfully received the message.,https://developers.line.biz/en/reference/messaging-api/#get-narrowcast-message-status
messaging-api,Message,Get narrowcast message status,Response,failureCount,Number,false,"annotation=""Not always included""",,"The number of users who failed to send the message. Even if the phase is succeeded, some users may not be able to receive narrowcast messages unless the failureCount is 0. For example, if a user blocks the LINE Official Account while sending a narrowcast message, it will be added to the failureCount.",https://developers.line.biz/en/reference/messaging-api/#get-narrowcast-message-status
messaging-api,Message,Get narrowcast message status,Response,targetCount,Number,false,"annotation=""Not always included""",,The number of intended recipients of the message.,https://developers.line.biz/en/reference/messaging-api/#get-narrowcast-message-status
messaging-api,Message,Get narrowcast message status,Response,failedDescription,String,false,"annotation=""Not always included""",,The reason the message failed to be sent. This is only included with a phase property value of failed.,https://developers.line.biz/en/reference/messaging-api/#get-narrowcast-message-status
messaging-api,Message,Get narrowcast message status,Response,errorCode,Number,false,"annotation=""Not always included""",,"Error summary. This is only included with a phase property value of failed. One of: - 1: An internal error occurred. - 2: An error occurred because there weren't enough recipients. - 3: A conflict error of requests occurs because a request that has already been accepted is retried. - 4: An audience of less than 50 recipients is included as a condition of sending. - 5: To prevent messages from being delivered only to a subset of the target audience, message delivery has been canceled. This error occurs when messages are sent with limit.forbidPartialDelivery set to true and the number of recipie",https://developers.line.biz/en/reference/messaging-api/#get-narrowcast-message-status
messaging-api,Message,Get narrowcast message status,Response,acceptedTime,String,,,,Narrowcast message request accepted time in milliseconds. - Format: ISO 8601 (e.g. 2020-12-03T10:15:30.121Z) - Timezone: UTC,https://developers.line.biz/en/reference/messaging-api/#get-narrowcast-message-status
messaging-api,Message,Get narrowcast message status,Response,completedTime,String,false,"annotation=""Not always included""",,Processing of narrowcast message request completion time in milliseconds. Returned when the phase property is succeeded or failed. - Format: ISO 8601 (e.g. 2020-12-03T10:15:30.121Z) - Timezone: UTC,https://developers.line.biz/en/reference/messaging-api/#get-narrowcast-message-status
messaging-api,Message,Send broadcast message,Request headers,Content-Type,application/json,true,required,,,https://developers.line.biz/en/reference/messaging-api/#send-broadcast-message
messaging-api,Message,Send broadcast message,Request headers,Authorization,Bearer {channel access token},true,required,,,https://developers.line.biz/en/reference/messaging-api/#send-broadcast-message
messaging-api,Message,Send broadcast message,Request headers,X-Line-Retry-Key,"Retry key. Specifies the UUID in hexadecimal format (e.g., 123e4567-e89b-12d3-a456-426614174000) generated by any method. The retry key isn't generated by LINE. Each developer must generate their own retry key. For more information, see Retry failed API requests in the Messaging API documentation.",false,optional,,,https://developers.line.biz/en/reference/messaging-api/#send-broadcast-message
messaging-api,Message,Send broadcast message,Request body,messages,Array of message objects,true,required,5,"Messages to send Max: 5 By using the Validate message objects of a broadcast message endpoint, you can validate the message objects.",https://developers.line.biz/en/reference/messaging-api/#send-broadcast-message
messaging-api,Message,Send broadcast message,Request body,notificationDisabled,Boolean,false,optional,,- true: The user doesn't receive a push notification when the message is sent. - false: The user receives a push notification when the message is sent (unless they have disabled push notifications in LINE and/or their device). Default: false,https://developers.line.biz/en/reference/messaging-api/#send-broadcast-message
messaging-api,Message,Mark messages as read,Request headers,Content-Type,application/json,true,required,,,https://developers.line.biz/en/reference/messaging-api/#mark-messages-as-read
messaging-api,Message,Mark messages as read,Request headers,Authorization,Bearer {channel access token},true,required,,,https://developers.line.biz/en/reference/messaging-api/#mark-messages-as-read
messaging-api,Message,Mark messages as read,Request body,markAsReadToken,String,true,required,,Read token. Contained in the markAsReadToken property of the message event object in the webhook.,https://developers.line.biz/en/reference/messaging-api/#mark-messages-as-read
messaging-api,Message,Display a loading animation,Request headers,Content-Type,application/json,true,required,,,https://developers.line.biz/en/reference/messaging-api/#display-a-loading-animation
messaging-api,Message,Display a loading animation,Request headers,Authorization,Bearer {channel access token},true,required,,,https://developers.line.biz/en/reference/messaging-api/#display-a-loading-animation
messaging-api,Message,Display a loading animation,Request body,chatId,String,true,required,,"User ID of the target user for whom the loading animation is to be displayed. For more information on how to get user IDs, see Get user IDs in the Messaging API documentation.",https://developers.line.biz/en/reference/messaging-api/#display-a-loading-animation
messaging-api,Message,Display a loading animation,Request body,loadingSeconds,Number,false,optional,,"Number of seconds to display a loading animation. You can specify a any one of 5, 10, 15, 20, 25, 30, 35, 40, 45, 50, 55, or 60. The default value is 20.",https://developers.line.biz/en/reference/messaging-api/#display-a-loading-animation
messaging-api,Message,Get the target limit for sending messages this month,Request headers,Authorization,Bearer {channel access token},true,required,,,https://developers.line.biz/en/reference/messaging-api/#get-the-target-limit-for-sending-messages-this-month
messaging-api,Message,Get the target limit for sending messages this month,Response,type,String,,,,One of the following values to indicate whether a target limit is set or not. - none: This indicates that a target limit is not set. - limited: This indicates that a target limit is set.,https://developers.line.biz/en/reference/messaging-api/#get-the-target-limit-for-sending-messages-this-month
messaging-api,Message,Get the target limit for sending messages this month,Response,value,Number,false,"annotation=""Not always included""",,The target limit for sending messages in the current month. This property is returned when the type property has a value of limited.,https://developers.line.biz/en/reference/messaging-api/#get-the-target-limit-for-sending-messages-this-month
messaging-api,Message,Get number of messages sent this month,Request headers,Authorization,Bearer {channel access token},true,required,,,https://developers.line.biz/en/reference/messaging-api/#get-number-of-messages-sent-this-month
messaging-api,Message,Get number of messages sent this month,Response,totalUsage,Number,,,,The number of sent messages in the current month,https://developers.line.biz/en/reference/messaging-api/#get-number-of-messages-sent-this-month
messaging-api,Message,Get number of sent reply messages,Request headers,Authorization,Bearer {channel access token},true,required,,,https://developers.line.biz/en/reference/messaging-api/#get-number-of-sent-reply-messages
messaging-api,Message,Get number of sent reply messages,Query parameters,date,Date the messages were sent,true,required,,- Format: yyyyMMdd (e.g. 20191231) - Timezone: UTC+9,https://developers.line.biz/en/reference/messaging-api/#get-number-of-sent-reply-messages
messaging-api,Message,Get number of sent reply messages,Response,status,String,,,,"Status of the counting process. One of the following values is returned: - ready: You can get the number of messages. - unready: The message counting process for the date specified in date has not been completed yet. Retry your request later. Normally, the counting process is completed within the next day. - out_of_service: The date specified in date is earlier than March 31, 2018, when the operation of the counting system started.",https://developers.line.biz/en/reference/messaging-api/#get-number-of-sent-reply-messages
messaging-api,Message,Get number of sent reply messages,Response,success,Number,false,"annotation=""Not always included""",,The number of messages sent with the Messaging API on the date specified in date. The response has this property only when the value of status is ready.,https://developers.line.biz/en/reference/messaging-api/#get-number-of-sent-reply-messages
messaging-api,Message,Get number of sent push messages,Request headers,Authorization,Bearer {channel access token},true,required,,,https://developers.line.biz/en/reference/messaging-api/#get-number-of-sent-push-messages
messaging-api,Message,Get number of sent push messages,Query parameters,date,Date the messages were sent,true,required,,- Format: yyyyMMdd (e.g. 20191231) - Timezone: UTC+9,https://developers.line.biz/en/reference/messaging-api/#get-number-of-sent-push-messages
messaging-api,Message,Get number of sent push messages,Response,status,String,,,,"Status of the counting process. One of the following values is returned: - ready: You can get the number of messages. - unready: The message counting process for the date specified in date has not been completed yet. Retry your request later. Normally, the counting process is completed within the next day. - out_of_service: The date specified in date is earlier than March 31, 2018, when the operation of the counting system started.",https://developers.line.biz/en/reference/messaging-api/#get-number-of-sent-push-messages
messaging-api,Message,Get number of sent push messages,Response,success,Number,false,"annotation=""Not always included""",,The number of messages sent with the Messaging API on the date specified in date. The response has this property only when the value of status is ready.,https://developers.line.biz/en/reference/messaging-api/#get-number-of-sent-push-messages
messaging-api,Message,Get number of sent multicast messages,Request headers,Authorization,Bearer {channel access token},true,required,,,https://developers.line.biz/en/reference/messaging-api/#get-number-of-sent-multicast-messages
messaging-api,Message,Get number of sent multicast messages,Query parameters,date,Date the messages were sent,true,required,,- Format: yyyyMMdd (e.g. 20191231) - Timezone: UTC+9,https://developers.line.biz/en/reference/messaging-api/#get-number-of-sent-multicast-messages
messaging-api,Message,Get number of sent multicast messages,Response,status,String,,,,"Status of the counting process. One of the following values is returned: - ready: You can get the number of messages. - unready: The message counting process for the date specified in date has not been completed yet. Retry your request later. Normally, the counting process is completed within the next day. - out_of_service: The date specified in date is earlier than March 31, 2018, when the operation of the counting system started.",https://developers.line.biz/en/reference/messaging-api/#get-number-of-sent-multicast-messages
messaging-api,Message,Get number of sent multicast messages,Response,success,Number,false,"annotation=""Not always included""",,The number of messages sent with the Messaging API on the date specified in date. The response has this property only when the value of status is ready.,https://developers.line.biz/en/reference/messaging-api/#get-number-of-sent-multicast-messages
messaging-api,Message,Get number of sent broadcast messages,Request headers,Authorization,Bearer {channel access token},true,required,,,https://developers.line.biz/en/reference/messaging-api/#get-number-of-sent-broadcast-messages
messaging-api,Message,Get number of sent broadcast messages,Query parameters,date,Date the messages were sent,true,required,,- Format: yyyyMMdd (e.g. 20191231) - Timezone: UTC+9,https://developers.line.biz/en/reference/messaging-api/#get-number-of-sent-broadcast-messages
messaging-api,Message,Get number of sent broadcast messages,Response,status,String,,,,"Status of the counting process. One of the following values is returned: - ready: You can get the number of messages. - unready: The message counting process for the date specified in date has not been completed yet. Retry your request later. Normally, the counting process is completed within the next day. - out_of_service: The date specified in date is earlier than March 31, 2018, when the operation of the counting system started.",https://developers.line.biz/en/reference/messaging-api/#get-number-of-sent-broadcast-messages
messaging-api,Message,Get number of sent broadcast messages,Response,success,Number,false,"annotation=""Not always included""",,The number of messages sent with the Messaging API on the date specified in date. The response has this property only when the value of status is ready.,https://developers.line.biz/en/reference/messaging-api/#get-number-of-sent-broadcast-messages
messaging-api,Message,Validate message objects of a reply message,Request headers,Authorization,Bearer {channel access token},true,required,,,https://developers.line.biz/en/reference/messaging-api/#validate-message-objects-of-a-reply-message
messaging-api,Message,Validate message objects of a reply message,Request headers,Content-Type,application/json,true,required,,,https://developers.line.biz/en/reference/messaging-api/#validate-message-objects-of-a-reply-message
messaging-api,Message,Validate message objects of a reply message,Request body,messages,Array of objects,true,required,,Array of message objects to validate,https://developers.line.biz/en/reference/messaging-api/#validate-message-objects-of-a-reply-message
messaging-api,Message,Validate message objects of a push message,Request headers,Authorization,Bearer {channel access token},true,required,,,https://developers.line.biz/en/reference/messaging-api/#validate-message-objects-of-a-push-message
messaging-api,Message,Validate message objects of a push message,Request headers,Content-Type,application/json,true,required,,,https://developers.line.biz/en/reference/messaging-api/#validate-message-objects-of-a-push-message
messaging-api,Message,Validate message objects of a push message,Request body,messages,Array of objects,true,required,,Array of message objects to validate,https://developers.line.biz/en/reference/messaging-api/#validate-message-objects-of-a-push-message
messaging-api,Message,Validate message objects of a multicast message,Request headers,Authorization,Bearer {channel access token},true,required,,,https://developers.line.biz/en/reference/messaging-api/#validate-message-objects-of-a-multicast-message
messaging-api,Message,Validate message objects of a multicast message,Request headers,Content-Type,application/json,true,required,,,https://developers.line.biz/en/reference/messaging-api/#validate-message-objects-of-a-multicast-message
messaging-api,Message,Validate message objects of a multicast message,Request body,messages,Array of objects,true,required,,Array of message objects to validate,https://developers.line.biz/en/reference/messaging-api/#validate-message-objects-of-a-multicast-message
messaging-api,Message,Validate message objects of a narrowcast message,Request headers,Authorization,Bearer {channel access token},true,required,,,https://developers.line.biz/en/reference/messaging-api/#validate-message-objects-of-a-narrowcast-message
messaging-api,Message,Validate message objects of a narrowcast message,Request headers,Content-Type,application/json,true,required,,,https://developers.line.biz/en/reference/messaging-api/#validate-message-objects-of-a-narrowcast-message
messaging-api,Message,Validate message objects of a narrowcast message,Request body,messages,Array of objects,true,required,,Array of message objects to validate,https://developers.line.biz/en/reference/messaging-api/#validate-message-objects-of-a-narrowcast-message
messaging-api,Message,Validate message objects of a broadcast message,Request headers,Authorization,Bearer {channel access token},true,required,,,https://developers.line.biz/en/reference/messaging-api/#validate-message-objects-of-a-broadcast-message
messaging-api,Message,Validate message objects of a broadcast message,Request headers,Content-Type,application/json,true,required,,,https://developers.line.biz/en/reference/messaging-api/#validate-message-objects-of-a-broadcast-message
messaging-api,Message,Validate message objects of a broadcast message,Request body,messages,Array of objects,true,required,,Array of message objects to validate,https://developers.line.biz/en/reference/messaging-api/#validate-message-objects-of-a-broadcast-message
messaging-api,Message,Retrying an API request,Request headers,X-Line-Retry-Key,Arbitrarily generated UUID in hexadecimal notation (e.g. 123e4567-e89b-12d3-a456-426614174000),false,"annotation=""Optional*""",,,https://developers.line.biz/en/reference/messaging-api/#retrying-an-api-request
messaging-api,Message,Retrying an API request,Response if the request has already been accepted,message,String,,,,A message informing the same request has already been accepted,https://developers.line.biz/en/reference/messaging-api/#retrying-an-api-request
messaging-api,Message,Retrying an API request,Response if the request has already been accepted,sentMessages,Array,false,"annotation=""Not always included""",5,Array of sent messages. The response has this property only when a push message was sent.<br />Max: 5,https://developers.line.biz/en/reference/messaging-api/#retrying-an-api-request
messaging-api,Message,Retrying an API request,Response if the request has already been accepted,sentMessages.id,Number,false,"annotation=""Not always included""",,ID of the sent message. The response has this property only when a push message was sent.,https://developers.line.biz/en/reference/messaging-api/#retrying-an-api-request
messaging-api,Message,Retrying an API request,Response if the request has already been accepted,sentMessages.quoteToken,String,false,"annotation=""Not always included""",,"Quote token of the message. Only included when a message object that can be specified as a quote target was sent as a push message. For more information, see Get quote tokens in the Messaging API documentation.",https://developers.line.biz/en/reference/messaging-api/#retrying-an-api-request
messaging-api,Managing Audience,Create audience for uploading user IDs (by JSON),Request headers,Authorization,Bearer {channel access token},true,required,,,https://developers.line.biz/en/reference/messaging-api/#create-audience-for-uploading-user-ids-by-json
messaging-api,Managing Audience,Create audience for uploading user IDs (by JSON),Request headers,Content-Type,application/json,true,required,,,https://developers.line.biz/en/reference/messaging-api/#create-audience-for-uploading-user-ids-by-json
messaging-api,Managing Audience,Create audience for uploading user IDs (by JSON),Request body,description,String,true,required,120,"The audience's name. This is case-insensitive, meaning AUDIENCE and audience are considered identical. Max character limit: 120",https://developers.line.biz/en/reference/messaging-api/#create-audience-for-uploading-user-ids-by-json
messaging-api,Managing Audience,Create audience for uploading user IDs (by JSON),Request body,isIfaAudience,Boolean,false,optional,,- To specify recipients by IFAs: set true. - To specify recipients by user IDs: set false or omit isIfaAudience property.,https://developers.line.biz/en/reference/messaging-api/#create-audience-for-uploading-user-ids-by-json
messaging-api,Managing Audience,Create audience for uploading user IDs (by JSON),Request body,uploadDescription,String,false,optional,300,The description to register for the job (in jobs[].description). Max character limit: 300,https://developers.line.biz/en/reference/messaging-api/#create-audience-for-uploading-user-ids-by-json
messaging-api,Managing Audience,Create audience for uploading user IDs (by JSON),Request body,audiences,Array,false,optional,,"An array of user IDs or IFAs. If omitted, an empty audience will be created. Max number: 10,000",https://developers.line.biz/en/reference/messaging-api/#create-audience-for-uploading-user-ids-by-json
messaging-api,Managing Audience,Create audience for uploading user IDs (by JSON),Request body,audiences[].id,String,false,optional,,"A user ID or IFA. You can specify an empty array. If you specify an empty array, an empty audience will be created.",https://developers.line.biz/en/reference/messaging-api/#create-audience-for-uploading-user-ids-by-json
messaging-api,Managing Audience,Create audience for uploading user IDs (by JSON),Response,audienceGroupId,Number,,,,The audience ID.,https://developers.line.biz/en/reference/messaging-api/#create-audience-for-uploading-user-ids-by-json
messaging-api,Managing Audience,Create audience for uploading user IDs (by JSON),Response,createRoute,String,,,,How the audience was created. - MESSAGING_API: An audience created with Messaging API.,https://developers.line.biz/en/reference/messaging-api/#create-audience-for-uploading-user-ids-by-json
messaging-api,Managing Audience,Create audience for uploading user IDs (by JSON),Response,type,String,,,,The audience type. - UPLOAD: An audience used for uploading user IDs,https://developers.line.biz/en/reference/messaging-api/#create-audience-for-uploading-user-ids-by-json
messaging-api,Managing Audience,Create audience for uploading user IDs (by JSON),Response,description,String,,,,The audience's name.,https://developers.line.biz/en/reference/messaging-api/#create-audience-for-uploading-user-ids-by-json
messaging-api,Managing Audience,Create audience for uploading user IDs (by JSON),Response,created,Number,,,,When the audience was created in UNIX time (in seconds).,https://developers.line.biz/en/reference/messaging-api/#create-audience-for-uploading-user-ids-by-json
messaging-api,Managing Audience,Create audience for uploading user IDs (by JSON),Response,permission,String,,,,Update permissions for the created audience. - READ_WRITE: Can use and update the audience.,https://developers.line.biz/en/reference/messaging-api/#create-audience-for-uploading-user-ids-by-json
messaging-api,Managing Audience,Create audience for uploading user IDs (by JSON),Response,expireTimestamp,Number,,,,Audience expiration time in UNIX time (in seconds),https://developers.line.biz/en/reference/messaging-api/#create-audience-for-uploading-user-ids-by-json
messaging-api,Managing Audience,Create audience for uploading user IDs (by JSON),Response,isIfaAudience,Boolean,,,,"The value indicating the type of account to be sent, as specified when creating the audience for uploading user IDs. One of: - true: Accounts are specified with IFAs. - false (default): Accounts are specified with user IDs.",https://developers.line.biz/en/reference/messaging-api/#create-audience-for-uploading-user-ids-by-json
messaging-api,Managing Audience,Create audience for uploading user IDs (by file),Request headers,Authorization,Bearer {channel access token},true,required,,,https://developers.line.biz/en/reference/messaging-api/#create-audience-for-uploading-user-ids-by-file
messaging-api,Managing Audience,Create audience for uploading user IDs (by file),Request headers,Content-Type,multipart/form-data,true,required,,,https://developers.line.biz/en/reference/messaging-api/#create-audience-for-uploading-user-ids-by-file
messaging-api,Managing Audience,Create audience for uploading user IDs (by file),Request body,description,String,true,required,120,"The audience's name. This is case-insensitive, meaning AUDIENCE and audience are considered identical. Max character limit: 120",https://developers.line.biz/en/reference/messaging-api/#create-audience-for-uploading-user-ids-by-file
messaging-api,Managing Audience,Create audience for uploading user IDs (by file),Request body,isIfaAudience,Boolean,false,optional,,- To specify recipients by IFAs: set true. - To specify recipients by user IDs: set false or omit isIfaAudience property.,https://developers.line.biz/en/reference/messaging-api/#create-audience-for-uploading-user-ids-by-file
messaging-api,Managing Audience,Create audience for uploading user IDs (by file),Request body,uploadDescription,String,false,optional,300,The description to register for the job (in jobs[].description). Max character limit: 300,https://developers.line.biz/en/reference/messaging-api/#create-audience-for-uploading-user-ids-by-file
messaging-api,Managing Audience,Create audience for uploading user IDs (by file),Request body,file,File,true,required,,"A text file with one user ID or IFA entered per line. Specify text/plain as Content-Type. Max file number: 1 Max number: 1,500,000",https://developers.line.biz/en/reference/messaging-api/#create-audience-for-uploading-user-ids-by-file
messaging-api,Managing Audience,Create audience for uploading user IDs (by file),Response,audienceGroupId,Number,,,,The audience ID.,https://developers.line.biz/en/reference/messaging-api/#create-audience-for-uploading-user-ids-by-file
messaging-api,Managing Audience,Create audience for uploading user IDs (by file),Response,createRoute,String,,,,How the audience was created. - MESSAGING_API: An audience created with Messaging API.,https://developers.line.biz/en/reference/messaging-api/#create-audience-for-uploading-user-ids-by-file
messaging-api,Managing Audience,Create audience for uploading user IDs (by file),Response,type,String,,,,The audience type. - UPLOAD: An audience used for uploading user IDs.,https://developers.line.biz/en/reference/messaging-api/#create-audience-for-uploading-user-ids-by-file
messaging-api,Managing Audience,Create audience for uploading user IDs (by file),Response,description,String,,,,The audience's name.,https://developers.line.biz/en/reference/messaging-api/#create-audience-for-uploading-user-ids-by-file
messaging-api,Managing Audience,Create audience for uploading user IDs (by file),Response,created,Number,,,,When the audience was created in UNIX time (in seconds).,https://developers.line.biz/en/reference/messaging-api/#create-audience-for-uploading-user-ids-by-file
messaging-api,Managing Audience,Create audience for uploading user IDs (by file),Response,permission,String,,,,Update permissions for the created audience. - READ_WRITE: Can use and update the audience.,https://developers.line.biz/en/reference/messaging-api/#create-audience-for-uploading-user-ids-by-file
messaging-api,Managing Audience,Create audience for uploading user IDs (by file),Response,expireTimestamp,Number,,,,Audience expiration time in UNIX time (in seconds),https://developers.line.biz/en/reference/messaging-api/#create-audience-for-uploading-user-ids-by-file
messaging-api,Managing Audience,Create audience for uploading user IDs (by file),Response,isIfaAudience,Boolean,,,,"The value indicating the type of account to be sent, as specified when creating the audience for uploading user IDs. One of: - true: Accounts are specified with IFAs. - false (default): Accounts are specified with user IDs.",https://developers.line.biz/en/reference/messaging-api/#create-audience-for-uploading-user-ids-by-file
messaging-api,Managing Audience,Add user IDs or Identifiers for Advertisers (IFAs) to an audience for uploading user IDs (by JSON),Request headers,Authorization,Bearer {channel access token},true,required,,,https://developers.line.biz/en/reference/messaging-api/#add-user-ids-or-identifiers-for-advertisers-ifas-to-an-audience-for-uploading-user-ids-by-json
messaging-api,Managing Audience,Add user IDs or Identifiers for Advertisers (IFAs) to an audience for uploading user IDs (by JSON),Request headers,Content-Type,application/json,true,required,,,https://developers.line.biz/en/reference/messaging-api/#add-user-ids-or-identifiers-for-advertisers-ifas-to-an-audience-for-uploading-user-ids-by-json
messaging-api,Managing Audience,Add user IDs or Identifiers for Advertisers (IFAs) to an audience for uploading user IDs (by JSON),Request body,audienceGroupId,Number,true,required,,The audience ID,https://developers.line.biz/en/reference/messaging-api/#add-user-ids-or-identifiers-for-advertisers-ifas-to-an-audience-for-uploading-user-ids-by-json
messaging-api,Managing Audience,Add user IDs or Identifiers for Advertisers (IFAs) to an audience for uploading user IDs (by JSON),Request body,uploadDescription,String,false,optional,300,The description to register with the job (in jobs[].description). Max character limit: 300,https://developers.line.biz/en/reference/messaging-api/#add-user-ids-or-identifiers-for-advertisers-ifas-to-an-audience-for-uploading-user-ids-by-json
messaging-api,Managing Audience,Add user IDs or Identifiers for Advertisers (IFAs) to an audience for uploading user IDs (by JSON),Request body,audiences,Array,true,required,,"An array of user IDs or IFAs Max number: 10,000",https://developers.line.biz/en/reference/messaging-api/#add-user-ids-or-identifiers-for-advertisers-ifas-to-an-audience-for-uploading-user-ids-by-json
messaging-api,Managing Audience,Add user IDs or Identifiers for Advertisers (IFAs) to an audience for uploading user IDs (by JSON),Request body,audiences[].id,String,true,required,,A user ID or IFA,https://developers.line.biz/en/reference/messaging-api/#add-user-ids-or-identifiers-for-advertisers-ifas-to-an-audience-for-uploading-user-ids-by-json
messaging-api,Managing Audience,Add user IDs or Identifiers for Advertisers (IFAs) to an audience for uploading user IDs (by file),Request headers,Authorization,Bearer {channel access token},true,required,,,https://developers.line.biz/en/reference/messaging-api/#add-user-ids-or-identifiers-for-advertisers-ifas-to-an-audience-for-uploading-user-ids-by-file
messaging-api,Managing Audience,Add user IDs or Identifiers for Advertisers (IFAs) to an audience for uploading user IDs (by file),Request headers,Content-Type,multipart/form-data,true,required,,,https://developers.line.biz/en/reference/messaging-api/#add-user-ids-or-identifiers-for-advertisers-ifas-to-an-audience-for-uploading-user-ids-by-file
messaging-api,Managing Audience,Add user IDs or Identifiers for Advertisers (IFAs) to an audience for uploading user IDs (by file),Request body,audienceGroupId,Number,true,required,,The audience ID,https://developers.line.biz/en/reference/messaging-api/#add-user-ids-or-identifiers-for-advertisers-ifas-to-an-audience-for-uploading-user-ids-by-file
messaging-api,Managing Audience,Add user IDs or Identifiers for Advertisers (IFAs) to an audience for uploading user IDs (by file),Request body,uploadDescription,String,false,optional,300,The description to register with the job (in jobs[].description) Max character limit: 300,https://developers.line.biz/en/reference/messaging-api/#add-user-ids-or-identifiers-for-advertisers-ifas-to-an-audience-for-uploading-user-ids-by-file
messaging-api,Managing Audience,Add user IDs or Identifiers for Advertisers (IFAs) to an audience for uploading user IDs (by file),Request body,file,File,true,required,,"A text file with one user ID or IFA entered per line. Specify text/plain as Content-Type. Max file number: 1 Max number: 1,500,000",https://developers.line.biz/en/reference/messaging-api/#add-user-ids-or-identifiers-for-advertisers-ifas-to-an-audience-for-uploading-user-ids-by-file
messaging-api,Managing Audience,Create message click audience,Request headers,Authorization,Bearer {channel access token},true,required,,,https://developers.line.biz/en/reference/messaging-api/#create-message-click-audience
messaging-api,Managing Audience,Create message click audience,Request headers,Content-Type,application/json,true,required,,,https://developers.line.biz/en/reference/messaging-api/#create-message-click-audience
messaging-api,Managing Audience,Create message click audience,Request body,description,String,true,required,120,"The audience's name. This is case-insensitive, meaning AUDIENCE and audience are considered identical. Max character limit: 120",https://developers.line.biz/en/reference/messaging-api/#create-message-click-audience
messaging-api,Managing Audience,Create message click audience,Request body,requestId,String,true,required,,"The request ID of a broadcast or narrowcast message sent in the past 60 days. Each Messaging API request has a request ID. Find it in the response headers. Note The request IDs of reply messages, push messages, and multicast messages cannot be used.",https://developers.line.biz/en/reference/messaging-api/#create-message-click-audience
messaging-api,Managing Audience,Create message click audience,Request body,clickUrl,String,false,optional,"2,000","The URL clicked by the user. If empty, users who clicked any URL in the message are added to the list of recipients. Max character limit: 2,000",https://developers.line.biz/en/reference/messaging-api/#create-message-click-audience
messaging-api,Managing Audience,Create message click audience,Response,audienceGroupId,Number,,,,The audience ID.,https://developers.line.biz/en/reference/messaging-api/#create-message-click-audience
messaging-api,Managing Audience,Create message click audience,Response,createRoute,String,,,,How the audience was created. - MESSAGING_API: An audience created with Messaging API,https://developers.line.biz/en/reference/messaging-api/#create-message-click-audience
messaging-api,Managing Audience,Create message click audience,Response,type,String,,,,The audience type. - CLICK: Message click audience,https://developers.line.biz/en/reference/messaging-api/#create-message-click-audience
messaging-api,Managing Audience,Create message click audience,Response,description,String,,,,The audience's name.,https://developers.line.biz/en/reference/messaging-api/#create-message-click-audience
messaging-api,Managing Audience,Create message click audience,Response,created,Number,,,,When the audience was created in UNIX time (in seconds).,https://developers.line.biz/en/reference/messaging-api/#create-message-click-audience
messaging-api,Managing Audience,Create message click audience,Response,permission,String,,,,Update permissions for the created audience. - READ_WRITE: Can use and update the audience.,https://developers.line.biz/en/reference/messaging-api/#create-message-click-audience
messaging-api,Managing Audience,Create message click audience,Response,expireTimestamp,Number,,,,Audience expiration time in UNIX time (in seconds),https://developers.line.biz/en/reference/messaging-api/#create-message-click-audience
messaging-api,Managing Audience,Create message click audience,Response,isIfaAudience,Boolean,,,,"The value indicating the type of account to be sent, as specified when creating the audience for uploading user IDs. One of: - true: Accounts are specified with IFAs. - false (default): Accounts are specified with user IDs.",https://developers.line.biz/en/reference/messaging-api/#create-message-click-audience
messaging-api,Managing Audience,Create message click audience,Response,requestId,String,,,,The request ID that was specified when the audience was created.,https://developers.line.biz/en/reference/messaging-api/#create-message-click-audience
messaging-api,Managing Audience,Create message click audience,Response,clickUrl,String,false,"annotation=""Not always included""",,The URL that was specified when the audience was created. Only included if you specify a value with the clickUrl property in your request.,https://developers.line.biz/en/reference/messaging-api/#create-message-click-audience
messaging-api,Managing Audience,Create message impression audience,Request headers,Authorization,Bearer {channel access token},true,required,,,https://developers.line.biz/en/reference/messaging-api/#create-message-impression-audience
messaging-api,Managing Audience,Create message impression audience,Request headers,Content-Type,application/json,true,required,,,https://developers.line.biz/en/reference/messaging-api/#create-message-impression-audience
messaging-api,Managing Audience,Create message impression audience,Request body,description,String,true,required,120,"The audience's name. This is case-insensitive, meaning AUDIENCE and audience are considered identical. Max character limit: 120",https://developers.line.biz/en/reference/messaging-api/#create-message-impression-audience
messaging-api,Managing Audience,Create message impression audience,Request body,requestId,String,true,required,,The request ID of a broadcast or narrowcast message sent in the past 60 days. Each Messaging API request has a request ID. Find it in the response headers.,https://developers.line.biz/en/reference/messaging-api/#create-message-impression-audience
messaging-api,Managing Audience,Create message impression audience,Response,audienceGroupId,Number,,,,The audience ID.,https://developers.line.biz/en/reference/messaging-api/#create-message-impression-audience
messaging-api,Managing Audience,Create message impression audience,Response,createRoute,String,,,,How the audience was created. - MESSAGING_API: Audiences created with Messaging API.,https://developers.line.biz/en/reference/messaging-api/#create-message-impression-audience
messaging-api,Managing Audience,Create message impression audience,Response,type,String,,,,The audience type. - IMP: Message impression audience.,https://developers.line.biz/en/reference/messaging-api/#create-message-impression-audience
messaging-api,Managing Audience,Create message impression audience,Response,description,String,,,,The audience's name.,https://developers.line.biz/en/reference/messaging-api/#create-message-impression-audience
messaging-api,Managing Audience,Create message impression audience,Response,created,Number,,,,When the audience was created in UNIX time (in seconds).,https://developers.line.biz/en/reference/messaging-api/#create-message-impression-audience
messaging-api,Managing Audience,Create message impression audience,Response,permission,String,,,,Update permissions for the created audience. - READ_WRITE: Can use and update the audience.,https://developers.line.biz/en/reference/messaging-api/#create-message-impression-audience
messaging-api,Managing Audience,Create message impression audience,Response,expireTimestamp,Number,,,,Audience expiration time in UNIX time (in seconds),https://developers.line.biz/en/reference/messaging-api/#create-message-impression-audience
messaging-api,Managing Audience,Create message impression audience,Response,isIfaAudience,Boolean,,,,"The value indicating the type of account to be sent, as specified when creating the audience for uploading user IDs. One of: - true: Accounts are specified with IFAs. - false (default): Accounts are specified with user IDs.",https://developers.line.biz/en/reference/messaging-api/#create-message-impression-audience
messaging-api,Managing Audience,Create message impression audience,Response,requestId,String,,,,The request ID that was specified when the audience was created.,https://developers.line.biz/en/reference/messaging-api/#create-message-impression-audience
messaging-api,Managing Audience,Rename an audience,Request headers,Authorization,Bearer {channel access token},true,required,,,https://developers.line.biz/en/reference/messaging-api/#rename-an-audience
messaging-api,Managing Audience,Rename an audience,Request headers,Content-Type,application/json,true,required,,,https://developers.line.biz/en/reference/messaging-api/#rename-an-audience
messaging-api,Managing Audience,Rename an audience,Path parameters,audienceGroupId,The audience ID.,true,required,,,https://developers.line.biz/en/reference/messaging-api/#rename-an-audience
messaging-api,Managing Audience,Rename an audience,Request body,description,String,true,required,120,"The audience's name. This is case-insensitive, meaning AUDIENCE and audience are considered identical. Max character limit: 120",https://developers.line.biz/en/reference/messaging-api/#rename-an-audience
messaging-api,Managing Audience,Delete audience,Request headers,Authorization,Bearer {channel access token},true,required,,,https://developers.line.biz/en/reference/messaging-api/#delete-audience
messaging-api,Managing Audience,Delete audience,Path parameters,audienceGroupId,The audience ID.,true,required,,,https://developers.line.biz/en/reference/messaging-api/#delete-audience
messaging-api,Managing Audience,Get audience data,Request headers,Authorization,Bearer {channel access token},true,required,,,https://developers.line.biz/en/reference/messaging-api/#get-audience-data
messaging-api,Managing Audience,Get audience data,Path parameters,audienceGroupId,The audience ID.,true,required,,,https://developers.line.biz/en/reference/messaging-api/#get-audience-data
messaging-api,Managing Audience,Get audience data,Response,audienceGroup,Object,,,,Audience group object.,https://developers.line.biz/en/reference/messaging-api/#get-audience-data
messaging-api,Managing Audience,Get audience data,Response,audienceGroup.audienceGroupId,Number,,,,The audience ID.,https://developers.line.biz/en/reference/messaging-api/#get-audience-data
messaging-api,Managing Audience,Get audience data,Response,audienceGroup.createRoute,String,,,,How the audience was created. One of: - OA_MANAGER: Audience created with LINE Official Account Manager - MESSAGING_API: Audience created with Messaging API - POINT_AD: Audience created with LINE Points Ads (Japanese only) - AD_MANAGER: Audience created with LINE Ads,https://developers.line.biz/en/reference/messaging-api/#get-audience-data
messaging-api,Managing Audience,Get audience data,Response,audienceGroup.type,String,,,,The audience type. One of: - UPLOAD: An audience used for uploading user IDs - CLICK: Message click audience - IMP: Message impression audience - CHAT_TAG: Chat tag audience - FRIEND_PATH: Friend path audience - RESERVATION: Reservation audience - RICHMENU_IMP: Rich menu impression audience - RICHMENU_CLICK: Rich menu click audience - APP_EVENT: App event audience - VIDEO_VIEW: Video view audience - WEBTRAFFIC: Web traffic audience (LINE Tag) - TRACKINGTAG_WEBTRAFFIC: Web traffic audience (Tracking Tag) - IMAGE_CLICK: Image click audience - POP_AD_IMP: LINE Beacon Network ad impression audienc,https://developers.line.biz/en/reference/messaging-api/#get-audience-data
messaging-api,Managing Audience,Get audience data,Response,audienceGroup.description,String,,,,The audience's name.,https://developers.line.biz/en/reference/messaging-api/#get-audience-data
messaging-api,Managing Audience,Get audience data,Response,audienceGroup.status,String,,,,"The audience's status. One of: - IN_PROGRESS: Pending. It may take several hours for the status to change to READY. If the number of users included in the audience is insufficient (at least 50 are required) for an audience with a user count restriction, the status will remain IN_PROGRESS and won't be updated. - READY: Ready to accept messages (). - FAILED: An error occurred while creating the audience. - EXPIRED: Expired. Audiences are automatically deleted a month after they expire. - INACTIVE: The audience is inactive. - ACTIVATING: The audience is activating. For an audience for uploading u",https://developers.line.biz/en/reference/messaging-api/#get-audience-data
messaging-api,Managing Audience,Get audience data,Response,audienceGroup.audienceCount,Number,,,,"The number of users included in the audience. To protect the users' privacy, 0 is returned when it is less than 20, unless the audience type is one of the following: - An audience used for uploading user IDs (in case of recipients being specified by their user IDs) - Chat tag audience Since the audience may include users who have already blocked LINE Official Account, the value of audienceGroup.audienceCount and the number of users to whom messages will be sent will differ.",https://developers.line.biz/en/reference/messaging-api/#get-audience-data
messaging-api,Managing Audience,Get audience data,Response,audienceGroup.created,Number,,,,When the audience was created in UNIX time (in seconds).,https://developers.line.biz/en/reference/messaging-api/#get-audience-data
messaging-api,Managing Audience,Get audience data,Response,audienceGroup.permission,String,,,,"Update permissions for the audience. Returns READ_WRITE if the current Messaging API channel can update the target audience, or READ if it can't. - READ: Can use, but can't update the audience. - READ_WRITE: Can use and update the audience.",https://developers.line.biz/en/reference/messaging-api/#get-audience-data
messaging-api,Managing Audience,Get audience data,Response,audienceGroup.isIfaAudience,Boolean,,,,"The value indicating the type of account to be sent, as specified when creating the audience for uploading user IDs. One of: - true: Accounts are specified with IFAs. - false (default): Accounts are specified with user IDs.",https://developers.line.biz/en/reference/messaging-api/#get-audience-data
messaging-api,Managing Audience,Get audience data,Response,audienceGroup.requestId,String,false,"annotation=""Not always included""",,The request ID that was specified when the audience was created. This is only included when audienceGroup.type is CLICK or IMP.,https://developers.line.biz/en/reference/messaging-api/#get-audience-data
messaging-api,Managing Audience,Get audience data,Response,audienceGroup.clickUrl,String,false,"annotation=""Not always included""",,The URL that was specified when the audience was created. This is only included when audienceGroup.type is CLICK and link URL is specified.,https://developers.line.biz/en/reference/messaging-api/#get-audience-data
messaging-api,Managing Audience,Get audience data,Response,audienceGroup.failedType,String,false,"annotation=""Not always included""",,The reason why the operation failed. This is only included when audienceGroup.status is FAILED. One of: - AUDIENCE_GROUP_AUDIENCE_INSUFFICIENT: Insufficient number of users included in the audience (at least 50 are needed) - INTERNAL_ERROR: Internal server error,https://developers.line.biz/en/reference/messaging-api/#get-audience-data
messaging-api,Managing Audience,Get audience data,Response,audienceGroup.activated,Number,false,"annotation=""Not always included""",,Time the audience was activated. Only returned for audiences created with LINE Ads or LINE Points Ads (Japanese only).,https://developers.line.biz/en/reference/messaging-api/#get-audience-data
messaging-api,Managing Audience,Get audience data,Response,audienceGroup.inactivatedTimestamp,Number,false,"annotation=""Not always included""",,Time of audience inactivation. Only returned for audiences created with LINE Ads or LINE Points Ads (Japanese only).,https://developers.line.biz/en/reference/messaging-api/#get-audience-data
messaging-api,Managing Audience,Get audience data,Response,audienceGroup.expireTimestamp,Number,false,"annotation=""Not always included""",,Audience expiration time in UNIX time (in seconds). Only returned for specific audiences.,https://developers.line.biz/en/reference/messaging-api/#get-audience-data
messaging-api,Managing Audience,Get audience data,Response,jobs,Array,,,50,An array of jobs. This array is used to keep track of each attempt to add new user IDs or IFAs to an audience for uploading user IDs. Empty array is returned for any other type of audience.<br />Max: 50,https://developers.line.biz/en/reference/messaging-api/#get-audience-data
messaging-api,Managing Audience,Get audience data,Response,jobs[].audienceGroupJobId,Number,,,,A job ID.,https://developers.line.biz/en/reference/messaging-api/#get-audience-data
messaging-api,Managing Audience,Get audience data,Response,jobs[].audienceGroupId,Number,,,,An audience ID.,https://developers.line.biz/en/reference/messaging-api/#get-audience-data
messaging-api,Managing Audience,Get audience data,Response,jobs[].description,String,,,,"The job's description. If you don't specify a value with the uploadDescription property when adding a user ID or IFA, null will be returned.",https://developers.line.biz/en/reference/messaging-api/#get-audience-data
messaging-api,Managing Audience,Get audience data,Response,jobs[].type,String,,,,The job's type. One of: - DIFF_ADD: Indicates that a user ID or IFA was added via the Messaging API.,https://developers.line.biz/en/reference/messaging-api/#get-audience-data
messaging-api,Managing Audience,Get audience data,Response,jobs[].status,String,,,,This property is deprecated. See jobs[].jobStatus for the status of jobs.,https://developers.line.biz/en/reference/messaging-api/#get-audience-data
messaging-api,Managing Audience,Get audience data,Response,jobs[].failedType,String,,,,"The reason why the operation failed. This is only included when jobs[].jobStatus is FAILED. One of: - AUDIENCE_GROUP_AUDIENCE_INSUFFICIENT: Insufficient number of users included in the audience (at least 50 are needed) - INTERNAL_ERROR: Internal server error If jobs[].jobStatus isn't FAILED, null is returned.",https://developers.line.biz/en/reference/messaging-api/#get-audience-data
messaging-api,Managing Audience,Get audience data,Response,jobs[].audienceCount,Number,,,,The number of accounts (recipients) that were added or removed.,https://developers.line.biz/en/reference/messaging-api/#get-audience-data
messaging-api,Managing Audience,Get audience data,Response,jobs[].created,Number,,,,When the job was created in UNIX time (in seconds).,https://developers.line.biz/en/reference/messaging-api/#get-audience-data
messaging-api,Managing Audience,Get audience data,Response,jobs[].jobStatus,String,,,,"The job's status. One of: - QUEUED: Waiting to run - WORKING: Running - FINISHED: Completed - FAILED: Failed Jobs whose status is QUEUED or WORKING haven't completed the process of adding user IDs or IFAs. If you want to send messages to the users including the added target recipients, confirm that jobs[].jobStatus for the relevant job is FINISHED.",https://developers.line.biz/en/reference/messaging-api/#get-audience-data
messaging-api,Managing Audience,Get audience data,Response,adaccount,Object,false,"annotation=""Not always included""",,Ad account object. Only returned for audiences created with LINE Ads or LINE Points Ads (Japanese only).,https://developers.line.biz/en/reference/messaging-api/#get-audience-data
messaging-api,Managing Audience,Get audience data,Response,adaccount[].name,String,,,,Name of the ad account that created the shared audience.,https://developers.line.biz/en/reference/messaging-api/#get-audience-data
messaging-api,Managing Audience,Get data for multiple audiences,Request headers,Authorization,Bearer {channel access token},true,required,,,https://developers.line.biz/en/reference/messaging-api/#get-data-for-multiple-audiences
messaging-api,Managing Audience,Get data for multiple audiences,Query parameters,page,The page to return when getting (paginated) results. Must be 1 or higher.,true,required,,,https://developers.line.biz/en/reference/messaging-api/#get-data-for-multiple-audiences
messaging-api,Managing Audience,Get data for multiple audiences,Query parameters,description,"The name of the audience(s) to return. You can search for partial matches. This is case-insensitive, meaning AUDIENCE and audience are considered identical. If omitted, the name of the audience(s) will not be used as a search criterion.",false,optional,,,https://developers.line.biz/en/reference/messaging-api/#get-data-for-multiple-audiences
messaging-api,Managing Audience,Get data for multiple audiences,Query parameters,status,"The status of the audience(s) to return. If omitted, the status of the audience(s) will not be used as a search criterion. One of:",false,optional,,- IN_PROGRESS: Pending. - READY: Ready to accept messages. - FAILED: An error occurred while creating the audience. - EXPIRED: Expired. Audiences are automatically deleted a month after they expire. - INACTIVE: The audience is inactive. - ACTIVATING: The audience is activating.,https://developers.line.biz/en/reference/messaging-api/#get-data-for-multiple-audiences
messaging-api,Managing Audience,Get data for multiple audiences,Query parameters,size,The number of audiences per page. Default: 20,false,optional,,Max: 40,https://developers.line.biz/en/reference/messaging-api/#get-data-for-multiple-audiences
messaging-api,Managing Audience,Get data for multiple audiences,Query parameters,includesExternalPublicGroups,- true (default): Get public audiences created in all channels linked to the same bot.,false,optional,,- false: Get audiences created in the same channel.,https://developers.line.biz/en/reference/messaging-api/#get-data-for-multiple-audiences
messaging-api,Managing Audience,Get data for multiple audiences,Query parameters,createRoute,"How the audience was created. If omitted, all audiences are included.",false,optional,,"- OA_MANAGER: Return only audiences created with LINE Official Account Manager. - MESSAGING_API: Return only audiences created with Messaging API. - POINT_AD: Return only audiences created with LINE Points Ads (Japanese only). - AD_MANAGER: Return only audiences created with LINE Ads. If you specify multiple parameters, the OR condition is used.",https://developers.line.biz/en/reference/messaging-api/#get-data-for-multiple-audiences
messaging-api,Managing Audience,Get data for multiple audiences,Response,audienceGroups,Array,,,,"An array of audience data. If there are no audiences that match the specified filter, an empty array will be returned.",https://developers.line.biz/en/reference/messaging-api/#get-data-for-multiple-audiences
messaging-api,Managing Audience,Get data for multiple audiences,Response,audienceGroups[].audienceGroupId,Number,,,,The audience ID.,https://developers.line.biz/en/reference/messaging-api/#get-data-for-multiple-audiences
messaging-api,Managing Audience,Get data for multiple audiences,Response,audienceGroups[].createRoute,String,,,,How the audience was created. One of: - OA_MANAGER: Audience created with LINE Official Account Manager - MESSAGING_API: Audience created with Messaging API - POINT_AD: Audience created with LINE Points Ads (Japanese only) - AD_MANAGER: Audience created with LINE Ads,https://developers.line.biz/en/reference/messaging-api/#get-data-for-multiple-audiences
messaging-api,Managing Audience,Get data for multiple audiences,Response,audienceGroups[].type,String,,,,The audience type. One of: - UPLOAD: An audience used for uploading user IDs - CLICK: Message click audience - IMP: Message impression audience - CHAT_TAG: Chat tag audience - FRIEND_PATH: Friend path audience - RESERVATION: Reservation audience - RICHMENU_IMP: Rich menu impression audience - RICHMENU_CLICK: Rich menu click audience - APP_EVENT: App event audience - VIDEO_VIEW: Video view audience - WEBTRAFFIC: Web traffic audience (LINE Tag) - TRACKINGTAG_WEBTRAFFIC: Web traffic audience (Tracking Tag) - IMAGE_CLICK: Image click audience - POP_AD_IMP: LINE Beacon Network ad impression audienc,https://developers.line.biz/en/reference/messaging-api/#get-data-for-multiple-audiences
messaging-api,Managing Audience,Get data for multiple audiences,Response,audienceGroups[].description,String,,,,The audience's name.,https://developers.line.biz/en/reference/messaging-api/#get-data-for-multiple-audiences
messaging-api,Managing Audience,Get data for multiple audiences,Response,audienceGroups[].status,String,,,,"The audience's status. One of: - IN_PROGRESS: Pending. It may take several hours for the status to change to READY. If the number of users included in the audience is insufficient (at least 50 are required) for an audience with a user count restriction, the status will remain IN_PROGRESS and won't be updated. - READY: Ready to accept messages. - FAILED: An error occurred while creating the audience. - EXPIRED: Expired. Audiences are automatically deleted a month after they expire. - INACTIVE: The audience is inactive. - ACTIVATING: The audience is activating.",https://developers.line.biz/en/reference/messaging-api/#get-data-for-multiple-audiences
messaging-api,Managing Audience,Get data for multiple audiences,Response,audienceGroups[].audienceCount,Number,,,,"The number of users included in the audience. To protect the users' privacy, 0 is returned when it is less than 20, unless the audience type is one of the following: - An audience used for uploading user IDs (in case of recipients being specified by their user IDs) - Chat tag audience Since the audience may include users who have already blocked LINE Official Account, the value of audienceGroups[].audienceCount and the number of users to whom messages will be sent will differ.",https://developers.line.biz/en/reference/messaging-api/#get-data-for-multiple-audiences
messaging-api,Managing Audience,Get data for multiple audiences,Response,audienceGroups[].created,Number,,,,When the audience was created in UNIX time (in seconds).,https://developers.line.biz/en/reference/messaging-api/#get-data-for-multiple-audiences
messaging-api,Managing Audience,Get data for multiple audiences,Response,audienceGroups[].permission,String,,,,"Update permissions for the audience. Returns READ_WRITE if the current Messaging API channel can update the target audience, or READ if it can't. - READ: Can use, but can't update the audience. - READ_WRITE: Can use and update the audience.",https://developers.line.biz/en/reference/messaging-api/#get-data-for-multiple-audiences
messaging-api,Managing Audience,Get data for multiple audiences,Response,audienceGroups[].isIfaAudience,Boolean,,,,"The value indicating the type of account to be sent, as specified when creating the audience for uploading user IDs. One of: - true: Accounts are specified with IFAs. - false (default): Accounts are specified with user IDs.",https://developers.line.biz/en/reference/messaging-api/#get-data-for-multiple-audiences
messaging-api,Managing Audience,Get data for multiple audiences,Response,audienceGroups[].activated,Number,false,"annotation=""Not always included""",,Time the audience was activated. Only returned for audiences created with LINE Ads or LINE Points Ads (Japanese only).,https://developers.line.biz/en/reference/messaging-api/#get-data-for-multiple-audiences
messaging-api,Managing Audience,Get data for multiple audiences,Response,audienceGroups[].inactivatedTimestamp,Number,false,"annotation=""Not always included""",,Time of audience inactivation. Only returned for audiences created with LINE Ads or LINE Points Ads (Japanese only).,https://developers.line.biz/en/reference/messaging-api/#get-data-for-multiple-audiences
messaging-api,Managing Audience,Get data for multiple audiences,Response,audienceGroups[].expireTimestamp,Number,false,"annotation=""Not always included""",,Audience expiration time in UNIX time (in seconds). Only returned for specific audiences.,https://developers.line.biz/en/reference/messaging-api/#get-data-for-multiple-audiences
messaging-api,Managing Audience,Get data for multiple audiences,Response,audienceGroups[].requestId,String,false,"annotation=""Not always included""",,The request ID that was specified when the audience was created. This is only included when audienceGroups[].type is CLICK or IMP.,https://developers.line.biz/en/reference/messaging-api/#get-data-for-multiple-audiences
messaging-api,Managing Audience,Get data for multiple audiences,Response,audienceGroups[].clickUrl,String,false,"annotation=""Not always included""",,The URL that was specified when the audience was created. This is only included when audienceGroups[].type is CLICK and the link URL is specified.,https://developers.line.biz/en/reference/messaging-api/#get-data-for-multiple-audiences
messaging-api,Managing Audience,Get data for multiple audiences,Response,audienceGroups[].failedType,String,false,"annotation=""Not always included""",,The reason why the operation failed. This is only included when audienceGroups[].status is FAILED or EXPIRED. One of: - AUDIENCE_GROUP_AUDIENCE_INSUFFICIENT: Insufficient number of users included in the audience (at least 50 are needed) - INTERNAL_ERROR: Internal server error,https://developers.line.biz/en/reference/messaging-api/#get-data-for-multiple-audiences
messaging-api,Managing Audience,Get data for multiple audiences,Response,hasNextPage,Boolean,,,,true when this is not the last page.,https://developers.line.biz/en/reference/messaging-api/#get-data-for-multiple-audiences
messaging-api,Managing Audience,Get data for multiple audiences,Response,totalCount,Number,,,,The total number of audiences that can be returned with the specified filter.,https://developers.line.biz/en/reference/messaging-api/#get-data-for-multiple-audiences
messaging-api,Managing Audience,Get data for multiple audiences,Response,readWriteAudienceGroupTotalCount,Number,,,,"Of the audiences you can get with the specified filter, the number of audiences with the update permission (audienceGroups[].permission) is READ_WRITE.",https://developers.line.biz/en/reference/messaging-api/#get-data-for-multiple-audiences
messaging-api,Managing Audience,Get data for multiple audiences,Response,page,Number,,,,The current page number.,https://developers.line.biz/en/reference/messaging-api/#get-data-for-multiple-audiences
messaging-api,Managing Audience,Get data for multiple audiences,Response,size,Number,,,,The maximum number of audiences on the current page.,https://developers.line.biz/en/reference/messaging-api/#get-data-for-multiple-audiences
messaging-api,Managing Audience,Get shared audience data in Business Manager,Request headers,Authorization,Bearer {channel access token},true,required,,,https://developers.line.biz/en/reference/messaging-api/#get-shared-audience-data-in-business-manager
messaging-api,Managing Audience,Get shared audience data in Business Manager,Path parameters,audienceGroupId,The audience ID of the audience you want to get information about.,true,required,,,https://developers.line.biz/en/reference/messaging-api/#get-shared-audience-data-in-business-manager
messaging-api,Managing Audience,Get shared audience data in Business Manager,Response,audienceGroup,Object,,,,Audience group object.,https://developers.line.biz/en/reference/messaging-api/#get-shared-audience-data-in-business-manager
messaging-api,Managing Audience,Get shared audience data in Business Manager,Response,audienceGroup.audienceGroupId,Number,,,,The audience ID.,https://developers.line.biz/en/reference/messaging-api/#get-shared-audience-data-in-business-manager
messaging-api,Managing Audience,Get shared audience data in Business Manager,Response,audienceGroup.createRoute,String,,,,How the audience was created. One of: - OA_MANAGER: Audience created with LINE Official Account Manager - MESSAGING_API: Audience created with Messaging API - POINT_AD: Audience created with LINE Points Ads (only available in Japanese) - AD_MANAGER: Audience created with LINE Ads - BUSINESS_MANAGER: Audience created with Business Manager - YAHOO_DISPLAY_ADS: Audience created with LY Ads Display Ads,https://developers.line.biz/en/reference/messaging-api/#get-shared-audience-data-in-business-manager
messaging-api,Managing Audience,Get shared audience data in Business Manager,Response,audienceGroup.type,String,,,,The audience type. One of: - UPLOAD: An audience used for uploading user IDs - CLICK: Message click audience - IMP: Message impression audience - CHAT_TAG: Chat tag audience - FRIEND_PATH: Friend path audience - RESERVATION: Reservation audience - RICHMENU_IMP: Rich menu impression audience - RICHMENU_CLICK: Rich menu click audience - APP_EVENT: App event audience - VIDEO_VIEW: Video view audience - WEBTRAFFIC: Web traffic audience (LINE Tag) - TRACKINGTAG_WEBTRAFFIC: Web traffic audience (Tracking Tag) - IMAGE_CLICK: Image click audience - POP_AD_IMP: LINE Beacon Network ad impression audienc,https://developers.line.biz/en/reference/messaging-api/#get-shared-audience-data-in-business-manager
messaging-api,Managing Audience,Get shared audience data in Business Manager,Response,audienceGroup.description,String,,,,The audience's name.,https://developers.line.biz/en/reference/messaging-api/#get-shared-audience-data-in-business-manager
messaging-api,Managing Audience,Get shared audience data in Business Manager,Response,audienceGroup.status,String,,,,"The audience's status. One of: - IN_PROGRESS: Pending. It may take several hours for the status to change to READY. If the number of users included in the audience is insufficient (at least 50 are required) for an audience with a user count restriction, the status will remain IN_PROGRESS and won't be updated. - READY: Ready to accept messages (). - FAILED: An error occurred while creating the audience. - EXPIRED: Expired. Audiences are automatically deleted a month after they expire. - INACTIVE: The audience is inactive. - ACTIVATING: The audience is activating. For an audience for uploading u",https://developers.line.biz/en/reference/messaging-api/#get-shared-audience-data-in-business-manager
messaging-api,Managing Audience,Get shared audience data in Business Manager,Response,audienceGroup.audienceCount,Number,,,,"The number of users included in the audience. To protect the users' privacy, 0 is returned when it is less than 20, unless the audience type is one of the following: - An audience used for uploading user IDs (in case of recipients being specified by their user IDs) - Chat tag audience Since the audience may include users who have already blocked LINE Official Account, the value of audienceGroup.audienceCount and the number of users to whom messages will be sent will differ.",https://developers.line.biz/en/reference/messaging-api/#get-shared-audience-data-in-business-manager
messaging-api,Managing Audience,Get shared audience data in Business Manager,Response,audienceGroup.created,Number,,,,When the audience was created in UNIX time (in seconds).,https://developers.line.biz/en/reference/messaging-api/#get-shared-audience-data-in-business-manager
messaging-api,Managing Audience,Get shared audience data in Business Manager,Response,audienceGroup.permission,String,,,,"Update permissions for the audience. Returns READ_WRITE if the current Messaging API channel can update the target audience, or READ if it can't. - READ: Can use, but can't update the audience. - READ_WRITE: Can use and update the audience.",https://developers.line.biz/en/reference/messaging-api/#get-shared-audience-data-in-business-manager
messaging-api,Managing Audience,Get shared audience data in Business Manager,Response,audienceGroup.isIfaAudience,Boolean,,,,"The value indicating the type of account to be sent, as specified when creating the audience for uploading user IDs. One of: - true: Accounts are specified with IFAs. - false (default): Accounts are specified with user IDs.",https://developers.line.biz/en/reference/messaging-api/#get-shared-audience-data-in-business-manager
messaging-api,Managing Audience,Get shared audience data in Business Manager,Response,audienceGroups[].webtraffic,Object,false,"annotation=""Not always included""",,Web traffic object. This is only included when audienceGroups[].type is WEBTRAFFIC or TRACKINGTAG_WEBTRAFFIC.,https://developers.line.biz/en/reference/messaging-api/#get-shared-audience-data-in-business-manager
messaging-api,Managing Audience,Get shared audience data in Business Manager,Response,audienceGroup.requestId,String,false,"annotation=""Not always included""",,The request ID that was specified when the audience was created. This is only included when audienceGroup.type is CLICK or IMP.,https://developers.line.biz/en/reference/messaging-api/#get-shared-audience-data-in-business-manager
messaging-api,Managing Audience,Get shared audience data in Business Manager,Response,audienceGroup.clickUrl,String,false,"annotation=""Not always included""",,The URL that was specified when the audience was created. This is only included when audienceGroup.type is CLICK and link URL is specified.,https://developers.line.biz/en/reference/messaging-api/#get-shared-audience-data-in-business-manager
messaging-api,Managing Audience,Get shared audience data in Business Manager,Response,audienceGroup.failedType,String,false,"annotation=""Not always included""",,The reason why the operation failed. This is only included when audienceGroup.status is FAILED. One of: - AUDIENCE_GROUP_AUDIENCE_INSUFFICIENT: Insufficient number of users included in the audience (at least 50 are needed) - INTERNAL_ERROR: Internal server error,https://developers.line.biz/en/reference/messaging-api/#get-shared-audience-data-in-business-manager
messaging-api,Managing Audience,Get shared audience data in Business Manager,Response,audienceGroup.activated,Number,false,"annotation=""Not always included""",,Time the audience was activated. Only returned for audiences created with LINE Ads or LINE Points Ads (Japanese only).,https://developers.line.biz/en/reference/messaging-api/#get-shared-audience-data-in-business-manager
messaging-api,Managing Audience,Get shared audience data in Business Manager,Response,audienceGroup.inactivatedTimestamp,Number,false,"annotation=""Not always included""",,Time of audience inactivation. Only returned for audiences created with LINE Ads or LINE Points Ads (Japanese only).,https://developers.line.biz/en/reference/messaging-api/#get-shared-audience-data-in-business-manager
messaging-api,Managing Audience,Get shared audience data in Business Manager,Response,audienceGroup.expireTimestamp,Number,false,"annotation=""Not always included""",,Audience expiration in UNIX time (in seconds). Only returned for specific audiences.,https://developers.line.biz/en/reference/messaging-api/#get-shared-audience-data-in-business-manager
messaging-api,Managing Audience,Get shared audience data in Business Manager,Response,jobs,Array,,,50,An array of jobs. This array is used to keep track of each attempt to add new user IDs or IFAs to an audience for uploading user IDs. Empty array is returned for any other type of audience.<br />Max: 50,https://developers.line.biz/en/reference/messaging-api/#get-shared-audience-data-in-business-manager
messaging-api,Managing Audience,Get shared audience data in Business Manager,Response,jobs[].audienceGroupJobId,Number,,,,A job ID.,https://developers.line.biz/en/reference/messaging-api/#get-shared-audience-data-in-business-manager
messaging-api,Managing Audience,Get shared audience data in Business Manager,Response,jobs[].audienceGroupId,Number,,,,An audience ID.,https://developers.line.biz/en/reference/messaging-api/#get-shared-audience-data-in-business-manager
messaging-api,Managing Audience,Get shared audience data in Business Manager,Response,jobs[].description,String,,,,"The job's description. If you don't specify a value with the uploadDescription property when adding a user ID or IFA, null will be returned.",https://developers.line.biz/en/reference/messaging-api/#get-shared-audience-data-in-business-manager
messaging-api,Managing Audience,Get shared audience data in Business Manager,Response,jobs[].type,String,,,,The job's type. One of: - DIFF_ADD: Indicates that a user ID or IFA was added via the Messaging API.,https://developers.line.biz/en/reference/messaging-api/#get-shared-audience-data-in-business-manager
messaging-api,Managing Audience,Get shared audience data in Business Manager,Response,jobs[].status,String,,,,This property is deprecated. See jobs[].jobStatus for the status of jobs.,https://developers.line.biz/en/reference/messaging-api/#get-shared-audience-data-in-business-manager
messaging-api,Managing Audience,Get shared audience data in Business Manager,Response,jobs[].failedType,String,,,,"The reason why the operation failed. This is only included when jobs[].jobStatus is FAILED. One of: - AUDIENCE_GROUP_AUDIENCE_INSUFFICIENT: Insufficient number of users included in the audience (at least 50 are needed) - INTERNAL_ERROR: Internal server error If jobs[].jobStatus isn't FAILED, null is returned.",https://developers.line.biz/en/reference/messaging-api/#get-shared-audience-data-in-business-manager
messaging-api,Managing Audience,Get shared audience data in Business Manager,Response,jobs[].audienceCount,Number,,,,The number of accounts (recipients) that were added or removed.,https://developers.line.biz/en/reference/messaging-api/#get-shared-audience-data-in-business-manager
messaging-api,Managing Audience,Get shared audience data in Business Manager,Response,jobs[].created,Number,,,,When the job was created in UNIX time (in seconds).,https://developers.line.biz/en/reference/messaging-api/#get-shared-audience-data-in-business-manager
messaging-api,Managing Audience,Get shared audience data in Business Manager,Response,jobs[].jobStatus,String,,,,"The job's status. One of: - QUEUED: Waiting to run - WORKING: Running - FINISHED: Completed - FAILED: Failed Jobs whose status is QUEUED or WORKING haven't completed the process of adding user IDs or IFAs. If you want to send messages to the users including the added target recipients, confirm that jobs[].jobStatus for the relevant job is FINISHED.",https://developers.line.biz/en/reference/messaging-api/#get-shared-audience-data-in-business-manager
messaging-api,Managing Audience,Get shared audience data in Business Manager,Response,owner.serviceType,String,,,,Name of the service that created the audience. One of: - bm: Business Manager - lap: LINE Ads - account: LINE Official Account - yda: LY Ads,https://developers.line.biz/en/reference/messaging-api/#get-shared-audience-data-in-business-manager
messaging-api,Managing Audience,Get shared audience data in Business Manager,Response,owner.id,String,,,,ID of the account that created the audience.,https://developers.line.biz/en/reference/messaging-api/#get-shared-audience-data-in-business-manager
messaging-api,Managing Audience,Get shared audience data in Business Manager,Response,owner.name,String,,,,Name of the account that created the audience.,https://developers.line.biz/en/reference/messaging-api/#get-shared-audience-data-in-business-manager
messaging-api,Managing Audience,Get shared audience data in Business Manager,Response,webtrafficIsMyTag,Boolean,,,,- For LINE Tag: Returns true if the LINE Tag is created by the LINE Official Account linked to your Messaging API channel. - For Tracking Tag: Always returns false.,https://developers.line.biz/en/reference/messaging-api/#get-shared-audience-data-in-business-manager
messaging-api,Managing Audience,Get shared audience data in Business Manager,Response,webtrafficBmTagSharingStatus,String,,,,"The value that indicates the Business Manager sharing status of the LINE Tag or Tracking Tag used in the web traffic audience. For LINE Tag, one of: - SHARED: Shared on the Business Manager. - UNSHARED: Not shared on the Business Manager. - ERROR: Tag details can't be retrieved due to a temporary error. For Tracking Tag, one of: - SHARED: The organization in the Business Manager that created the Tracking Tag is linked to the LINE Official Account. - UNSHARED: The organization in the Business Manager that created the Tracking Tag isn't linked to the LINE Official Account. - ERROR: Tag details c",https://developers.line.biz/en/reference/messaging-api/#get-shared-audience-data-in-business-manager
messaging-api,Managing Audience,Get shared audience data in Business Manager,Response,webtrafficIsTagDeleted,Boolean,,,,- For LINE Tag: Returns true if the LINE Tag used in this web traffic audience has already been deleted. - For Tracking Tag: Always returns false.,https://developers.line.biz/en/reference/messaging-api/#get-shared-audience-data-in-business-manager
messaging-api,Managing Audience,Get shared audience data in Business Manager,Response,webtrafficTagCreateRoute,String,,,,Routes that created the webtraffic audience. One of the following values: - OA_MANAGER: Audience created with LINE Official Account Manager - AD_MANAGER: Audience created with LINE Ads - BUSINESS_MANAGER: Audience created with Business Manager,https://developers.line.biz/en/reference/messaging-api/#get-shared-audience-data-in-business-manager
messaging-api,Managing Audience,Get shared audience data in Business Manager,Response,webtrafficVisitType,String,,,,Matching method for the LINE Tag or Tracking Tag. One of: - VISIT_ALL: All visiting users - URL_MATCHING: URL condition - EVENT_MATCHING: Event specification,https://developers.line.biz/en/reference/messaging-api/#get-shared-audience-data-in-business-manager
messaging-api,Managing Audience,Get shared audience data in Business Manager,Response,webtrafficRetentionDays,String,,,,Retention period for the web traffic audience.,https://developers.line.biz/en/reference/messaging-api/#get-shared-audience-data-in-business-manager
messaging-api,Managing Audience,Get shared audience data in Business Manager,Response,webtrafficTagEventType,String,false,"annotation=""Not always included""",,Type of event code. Only included if webtrafficVisitType is EVENT_MATCHING. One of: - CONVERSION_EVENT: Conversion codes - CUSTOM_EVENT: Custom event codes,https://developers.line.biz/en/reference/messaging-api/#get-shared-audience-data-in-business-manager
messaging-api,Managing Audience,Get shared audience data in Business Manager,Response,webtrafficCustomEventName,String,false,"annotation=""Not always included""",,Custom event name. Only included if webtrafficVisitType is EVENT_MATCHING and webtrafficTagEventType is CUSTOM_EVENT.,https://developers.line.biz/en/reference/messaging-api/#get-shared-audience-data-in-business-manager
messaging-api,Managing Audience,Get shared audience data in Business Manager,Response,webtrafficMatchingType,String,false,"annotation=""Not always included""",,Event matching method for the LINE Tag or Tracking Tag. Only included if webtrafficVisitType is EVENT_MATCHING or URL_MATCHING. Value is always NORMAL.,https://developers.line.biz/en/reference/messaging-api/#get-shared-audience-data-in-business-manager
messaging-api,Managing Audience,Get shared audience data in Business Manager,Response,webtrafficConditionGroup,Array,,,,Array of matching conditions.,https://developers.line.biz/en/reference/messaging-api/#get-shared-audience-data-in-business-manager
messaging-api,Managing Audience,Get shared audience data in Business Manager,Response,webtrafficConditionGroup[].conditionType,String,,,,Matching condition for keywords in the keywords array. One of: - CONTAIN: Contains keywords - NOT_CONTAIN: Does not contain keywords - EQUAL_TO: Matches keywords,https://developers.line.biz/en/reference/messaging-api/#get-shared-audience-data-in-business-manager
messaging-api,Managing Audience,Get shared audience data in Business Manager,Response,webtrafficConditionGroup[].keywords[],Array of strings,,,,Array of keywords used for matching criteria.,https://developers.line.biz/en/reference/messaging-api/#get-shared-audience-data-in-business-manager
messaging-api,Managing Audience,Get shared audience data in Business Manager,Response,webtrafficTagId,String,,,,Tag ID for the LINE Tag or Tracking Tag.,https://developers.line.biz/en/reference/messaging-api/#get-shared-audience-data-in-business-manager
messaging-api,Managing Audience,Get shared audience data in Business Manager,Response,webtrafficTagOwnerName,String,false,"annotation=""Not always included""",,Name of the account that issued the LINE Tag. This is only included when the web traffic audience uses a LINE Tag.,https://developers.line.biz/en/reference/messaging-api/#get-shared-audience-data-in-business-manager
messaging-api,Managing Audience,Get a list of shared audiences in Business Manager,Request headers,Authorization,Bearer {channel access token},true,required,,,https://developers.line.biz/en/reference/messaging-api/#get-a-list-of-shared-audiences-in-business-manager
messaging-api,Managing Audience,Get a list of shared audiences in Business Manager,Query parameters,page,"The page to return when getting (paginated) results. Must be 1 or higher. If omitted, page 1 is retrieved.",false,optional,,"If you want to retrieve all audiences, repeat the request while incrementing the page parameter until the audienceGroups array in the response is less than the page size (size).",https://developers.line.biz/en/reference/messaging-api/#get-a-list-of-shared-audiences-in-business-manager
messaging-api,Managing Audience,Get a list of shared audiences in Business Manager,Query parameters,description,"The name of the audience(s) to return. You can search for partial matches. This is case-insensitive, meaning AUDIENCE and audience are considered identical. If omitted, the name of the audience(s) will not be used as a search criterion.",false,optional,,,https://developers.line.biz/en/reference/messaging-api/#get-a-list-of-shared-audiences-in-business-manager
messaging-api,Managing Audience,Get a list of shared audiences in Business Manager,Query parameters,status,"The status of the audience(s) to return. If omitted, the status of the audience(s) will not be used as a search criterion. One of:",false,optional,,- IN_PROGRESS: Pending. - READY: Ready to accept messages. - FAILED: An error occurred while creating the audience. - EXPIRED: Expired. Audiences are automatically deleted a month after they expire.,https://developers.line.biz/en/reference/messaging-api/#get-a-list-of-shared-audiences-in-business-manager
messaging-api,Managing Audience,Get a list of shared audiences in Business Manager,Query parameters,size,The number of audiences per page. Default: 20,false,optional,,Max: 40,https://developers.line.biz/en/reference/messaging-api/#get-a-list-of-shared-audiences-in-business-manager
messaging-api,Managing Audience,Get a list of shared audiences in Business Manager,Query parameters,createRoute,"How the audience was created. If omitted, all audiences are included.",false,optional,,"- OA_MANAGER: Return only audiences created with LINE Official Account Manager. - MESSAGING_API: Return only audiences created with Messaging API. - POINT_AD: Return only audiences created with LINE Points Ads (only available in Japanese). - AD_MANAGER: Return only audiences created with LINE Ads. - BUSINESS_MANAGER: Return only audiences created with Business Manager. - YAHOO_DISPLAY_ADS: Return only audiences created with LY Ads Display Ads. If you specify multiple parameters, the OR condition is used.",https://developers.line.biz/en/reference/messaging-api/#get-a-list-of-shared-audiences-in-business-manager
messaging-api,Managing Audience,Get a list of shared audiences in Business Manager,Query parameters,includesOwnedAudienceGroups,The setting that indicates whether to include the audiences created by your LINE Official Account in addition to the shared audiences in Business Manager. The default value is false.,false,optional,,"- true: Get the audiences, including those created by your LINE Official Account - false: Get only the shared audiences in Business Manager",https://developers.line.biz/en/reference/messaging-api/#get-a-list-of-shared-audiences-in-business-manager
messaging-api,Managing Audience,Get a list of shared audiences in Business Manager,Response,audienceGroups,Array,,,,"An array of audience data. If there are no audiences that match the specified filter, an empty array will be returned.",https://developers.line.biz/en/reference/messaging-api/#get-a-list-of-shared-audiences-in-business-manager
messaging-api,Managing Audience,Get a list of shared audiences in Business Manager,Response,audienceGroups[].audienceGroupId,Number,,,,The audience ID.,https://developers.line.biz/en/reference/messaging-api/#get-a-list-of-shared-audiences-in-business-manager
messaging-api,Managing Audience,Get a list of shared audiences in Business Manager,Response,audienceGroups[].createRoute,String,,,,How the audience was created. One of: - OA_MANAGER: Audience created with LINE Official Account Manager - MESSAGING_API: Audience created with Messaging API - POINT_AD: Audience created with LINE Points Ads (only available in Japanese) - AD_MANAGER: Audience created with LINE Ads - BUSINESS_MANAGER: Audience created with Business Manager - YAHOO_DISPLAY_ADS: Audience created with LY Ads Display Ads,https://developers.line.biz/en/reference/messaging-api/#get-a-list-of-shared-audiences-in-business-manager
messaging-api,Managing Audience,Get a list of shared audiences in Business Manager,Response,audienceGroups[].type,String,,,,The audience type. One of: - UPLOAD: An audience used for uploading user IDs - CLICK: Message click audience - IMP: Message impression audience - CHAT_TAG: Chat tag audience - FRIEND_PATH: Friend path audience - RESERVATION: Reservation audience - RICHMENU_IMP: Rich menu impression audience - RICHMENU_CLICK: Rich menu click audience - APP_EVENT: App event audience - VIDEO_VIEW: Video view audience - WEBTRAFFIC: Web traffic audience (LINE Tag) - TRACKINGTAG_WEBTRAFFIC: Web traffic audience (Tracking Tag) - IMAGE_CLICK: Image click audience - POP_AD_IMP: LINE Beacon Network ad impression audienc,https://developers.line.biz/en/reference/messaging-api/#get-a-list-of-shared-audiences-in-business-manager
messaging-api,Managing Audience,Get a list of shared audiences in Business Manager,Response,audienceGroups[].description,String,,,,The audience's name.,https://developers.line.biz/en/reference/messaging-api/#get-a-list-of-shared-audiences-in-business-manager
messaging-api,Managing Audience,Get a list of shared audiences in Business Manager,Response,audienceGroups[].status,String,,,,"The audience's status. One of: - IN_PROGRESS: Pending. It may take several hours for the status to change to READY. If the number of users included in the audience is insufficient (at least 50 are required) for an audience with a user count restriction, the status will remain IN_PROGRESS and won't be updated. - READY: Ready to accept messages. - FAILED: An error occurred while creating the audience. - EXPIRED: Expired. Audiences are automatically deleted a month after they expire. - INACTIVE: The audience is inactive. - ACTIVATING: The audience is activating.",https://developers.line.biz/en/reference/messaging-api/#get-a-list-of-shared-audiences-in-business-manager
messaging-api,Managing Audience,Get a list of shared audiences in Business Manager,Response,audienceGroups[].audienceCount,Number,,,,"The number of users included in the audience. To protect the users' privacy, 0 is returned when it is less than 20, unless the audience type is one of the following: - An audience used for uploading user IDs (in case of recipients being specified by their user IDs) - Chat tag audience Since the audience may include users who have already blocked LINE Official Account, the value of audienceGroups[].audienceCount and the number of users to whom messages will be sent will differ.",https://developers.line.biz/en/reference/messaging-api/#get-a-list-of-shared-audiences-in-business-manager
messaging-api,Managing Audience,Get a list of shared audiences in Business Manager,Response,audienceGroups[].created,Number,,,,When the audience was created in UNIX time (in seconds).,https://developers.line.biz/en/reference/messaging-api/#get-a-list-of-shared-audiences-in-business-manager
messaging-api,Managing Audience,Get a list of shared audiences in Business Manager,Response,audienceGroups[].permission,String,,,,"Update permissions for the audience. Returns READ_WRITE if the current Messaging API channel can update the target audience, or READ if it can't. - READ: Can use, but can't update the audience. - READ_WRITE: Can use and update the audience.",https://developers.line.biz/en/reference/messaging-api/#get-a-list-of-shared-audiences-in-business-manager
messaging-api,Managing Audience,Get a list of shared audiences in Business Manager,Response,audienceGroups[].isIfaAudience,Boolean,,,,"The value indicating the type of account to be sent, as specified when creating the audience for uploading user IDs. One of: - true: Accounts are specified with IFAs. - false (default): Accounts are specified with user IDs.",https://developers.line.biz/en/reference/messaging-api/#get-a-list-of-shared-audiences-in-business-manager
messaging-api,Managing Audience,Get a list of shared audiences in Business Manager,Response,audienceGroups[].activated,Number,false,"annotation=""Not always included""",,Time the audience was activated. Only returned for audiences created with LINE Ads or LINE Points Ads (only available in Japanese).,https://developers.line.biz/en/reference/messaging-api/#get-a-list-of-shared-audiences-in-business-manager
messaging-api,Managing Audience,Get a list of shared audiences in Business Manager,Response,audienceGroups[].inactivatedTimestamp,Number,false,"annotation=""Not always included""",,Time of audience inactivation. Only returned for audiences created with LINE Ads or LINE Points Ads (only available in Japanese).,https://developers.line.biz/en/reference/messaging-api/#get-a-list-of-shared-audiences-in-business-manager
messaging-api,Managing Audience,Get a list of shared audiences in Business Manager,Response,audienceGroups[].expireTimestamp,Number,false,"annotation=""Not always included""",,Audience expiration in UNIX time (in seconds). Only returned for specific audiences.,https://developers.line.biz/en/reference/messaging-api/#get-a-list-of-shared-audiences-in-business-manager
messaging-api,Managing Audience,Get a list of shared audiences in Business Manager,Response,audienceGroups[].webtraffic,Object,false,"annotation=""Not always included""",,Web traffic object. This is only included when audienceGroups[].type is WEBTRAFFIC or TRACKINGTAG_WEBTRAFFIC.,https://developers.line.biz/en/reference/messaging-api/#get-a-list-of-shared-audiences-in-business-manager
messaging-api,Managing Audience,Get a list of shared audiences in Business Manager,Response,audienceGroups[].requestId,String,false,"annotation=""Not always included""",,The request ID that was specified when the audience was created. This is only included when audienceGroups[].type is CLICK or IMP.,https://developers.line.biz/en/reference/messaging-api/#get-a-list-of-shared-audiences-in-business-manager
messaging-api,Managing Audience,Get a list of shared audiences in Business Manager,Response,audienceGroups[].clickUrl,String,false,"annotation=""Not always included""",,The URL that was specified when the audience was created. This is only included when audienceGroups[].type is CLICK and the link URL is specified.,https://developers.line.biz/en/reference/messaging-api/#get-a-list-of-shared-audiences-in-business-manager
messaging-api,Managing Audience,Get a list of shared audiences in Business Manager,Response,audienceGroups[].failedType,String,false,"annotation=""Not always included""",,The reason why the operation failed. This is only included when audienceGroups[].status is FAILED or EXPIRED. One of: - AUDIENCE_GROUP_AUDIENCE_INSUFFICIENT: Insufficient number of users included in the audience (at least 50 are needed) - INTERNAL_ERROR: Internal server error,https://developers.line.biz/en/reference/messaging-api/#get-a-list-of-shared-audiences-in-business-manager
messaging-api,Managing Audience,Get a list of shared audiences in Business Manager,Response,hasNextPage,Boolean,,,,true when this is not the last page.,https://developers.line.biz/en/reference/messaging-api/#get-a-list-of-shared-audiences-in-business-manager
messaging-api,Managing Audience,Get a list of shared audiences in Business Manager,Response,totalCount,Number,,,,The total number of audiences that can be returned with the specified filter.,https://developers.line.biz/en/reference/messaging-api/#get-a-list-of-shared-audiences-in-business-manager
messaging-api,Managing Audience,Get a list of shared audiences in Business Manager,Response,readWriteAudienceGroupTotalCount,Number,,,,"Of the audiences you can get with the specified filter, the number of audiences with the update permission (audienceGroups[].permission) is READ_WRITE.",https://developers.line.biz/en/reference/messaging-api/#get-a-list-of-shared-audiences-in-business-manager
messaging-api,Managing Audience,Get a list of shared audiences in Business Manager,Response,page,Number,,,,The current page number.,https://developers.line.biz/en/reference/messaging-api/#get-a-list-of-shared-audiences-in-business-manager
messaging-api,Managing Audience,Get a list of shared audiences in Business Manager,Response,size,Number,,,,The maximum number of audiences on the current page.,https://developers.line.biz/en/reference/messaging-api/#get-a-list-of-shared-audiences-in-business-manager
messaging-api,Managing Audience,Get a list of shared audiences in Business Manager,Response,webtrafficIsMyTag,Boolean,,,,- For LINE Tag: Returns true if the LINE Tag is created by the LINE Official Account linked to your Messaging API channel. - For Tracking Tag: Always returns false.,https://developers.line.biz/en/reference/messaging-api/#get-a-list-of-shared-audiences-in-business-manager
messaging-api,Managing Audience,Get a list of shared audiences in Business Manager,Response,webtrafficBmTagSharingStatus,String,,,,"The value that indicates the Business Manager sharing status of the LINE Tag or Tracking Tag used in the web traffic audience. For LINE Tag, one of: - SHARED: Shared on the Business Manager. - UNSHARED: Not shared on the Business Manager. - ERROR: Tag details can't be retrieved due to a temporary error. For Tracking Tag, one of: - SHARED: The organization in the Business Manager that created the Tracking Tag is linked to the LINE Official Account. - UNSHARED: The organization in the Business Manager that created the Tracking Tag isn't linked to the LINE Official Account. - ERROR: Tag details c",https://developers.line.biz/en/reference/messaging-api/#get-a-list-of-shared-audiences-in-business-manager
messaging-api,Managing Audience,Get a list of shared audiences in Business Manager,Response,webtrafficIsTagDeleted,Boolean,,,,- For LINE Tag: Returns true if the LINE Tag used in this web traffic audience has already been deleted. - For Tracking Tag: Always returns false.,https://developers.line.biz/en/reference/messaging-api/#get-a-list-of-shared-audiences-in-business-manager
messaging-api,Managing Audience,Get a list of shared audiences in Business Manager,Response,webtrafficTagCreateRoute,String,,,,Routes that created the webtraffic audience. One of the following values: - OA_MANAGER: Audience created with LINE Official Account Manager - AD_MANAGER: Audience created with LINE Ads - BUSINESS_MANAGER: Audience created with Business Manager,https://developers.line.biz/en/reference/messaging-api/#get-a-list-of-shared-audiences-in-business-manager
messaging-api,Insights,Get number of message deliveries,Request headers,Authorization,Bearer {channel access token},true,required,,,https://developers.line.biz/en/reference/messaging-api/#get-number-of-message-deliveries
messaging-api,Insights,Get number of message deliveries,Query parameters,date,Date for which to retrieve number of sent messages.,true,required,,- Format: yyyyMMdd (e.g. 20191231) - Timezone: UTC+9,https://developers.line.biz/en/reference/messaging-api/#get-number-of-message-deliveries
messaging-api,Insights,Get number of message deliveries,Response,status,String,,,,"Status of the counting process. One of: - ready: Calculation has finished; the numbers are up-to-date. - unready: We haven't finished calculating the number of sent messages for the specified date. Try again later. Calculation usually takes about a day. - out_of_service: The specified date is earlier than the date on which we first started calculating sent messages (March 1, 2017). The properties after the broadcast property are only included if the state property is ready.",https://developers.line.biz/en/reference/messaging-api/#get-number-of-message-deliveries
messaging-api,Insights,Get number of message deliveries,Response,broadcast,Number,false,"annotation=""Not always included""",,Number of messages sent by selecting All Friends as recipients in the LINE Official Account Manager.,https://developers.line.biz/en/reference/messaging-api/#get-number-of-message-deliveries
messaging-api,Insights,Get number of message deliveries,Response,targeting,Number,false,"annotation=""Not always included""",,Number of messages sent by selecting Targeting as recipients in the LINE Official Account Manager.,https://developers.line.biz/en/reference/messaging-api/#get-number-of-message-deliveries
messaging-api,Insights,Get number of message deliveries,Response,stepMessage,Number,false,"annotation=""Not always included""",,"Number of messages sent with step messages in the LINE Official Account Manager. For more information, see Step messages (only available in Japanese) in LINE for Business.",https://developers.line.biz/en/reference/messaging-api/#get-number-of-message-deliveries
messaging-api,Insights,Get number of message deliveries,Response,autoResponse,Number,false,"annotation=""Not always included""",,"Number of auto-response messages automatically sent when a message is received from a user. For more information, see Auto-response messages (only available in Japanese) in LINE for Business.",https://developers.line.biz/en/reference/messaging-api/#get-number-of-message-deliveries
messaging-api,Insights,Get number of message deliveries,Response,welcomeResponse,Number,false,"annotation=""Not always included""",,"Number of greeting messages automatically sent when a user adds the LINE Official Account as a friend. For more information, see Set greeting messages (only available in Japanese) in LINE for Business.",https://developers.line.biz/en/reference/messaging-api/#get-number-of-message-deliveries
messaging-api,Insights,Get number of message deliveries,Response,chat,Number,false,"annotation=""Not always included""",,Number of messages sent from LINE Official Account Manager Chat screen (only available in Japanese).,https://developers.line.biz/en/reference/messaging-api/#get-number-of-message-deliveries
messaging-api,Insights,Get number of message deliveries,Response,apiBroadcast,Number,false,"annotation=""Not always included""",,Number of messages sent with the Send broadcast message endpoint.,https://developers.line.biz/en/reference/messaging-api/#get-number-of-message-deliveries
messaging-api,Insights,Get number of message deliveries,Response,apiPush,Number,false,"annotation=""Not always included""",,Number of messages sent with the Send push message endpoint.,https://developers.line.biz/en/reference/messaging-api/#get-number-of-message-deliveries
messaging-api,Insights,Get number of message deliveries,Response,apiMulticast,Number,false,"annotation=""Not always included""",,Number of messages sent with the Send multicast message endpoint.,https://developers.line.biz/en/reference/messaging-api/#get-number-of-message-deliveries
messaging-api,Insights,Get number of message deliveries,Response,apiNarrowcast,Number,false,"annotation=""Not always included""",,Number of messages sent with the Send narrowcast message endpoint.,https://developers.line.biz/en/reference/messaging-api/#get-number-of-message-deliveries
messaging-api,Insights,Get number of message deliveries,Response,apiReply,Number,false,"annotation=""Not always included""",,Number of messages sent with the Send reply message endpoint.,https://developers.line.biz/en/reference/messaging-api/#get-number-of-message-deliveries
messaging-api,Insights,Get number of message deliveries,Response,ccAutoReply,Number,false,"annotation=""Not always included""",,Number of messages sent by auto reply with LINE Chat Plus.,https://developers.line.biz/en/reference/messaging-api/#get-number-of-message-deliveries
messaging-api,Insights,Get number of message deliveries,Response,ccManualReply,Number,false,"annotation=""Not always included""",,Number of messages sent by manual chat support with LINE Chat Plus.,https://developers.line.biz/en/reference/messaging-api/#get-number-of-message-deliveries
messaging-api,Insights,Get number of message deliveries,Response,pnpNoticeMessage,Number,false,"annotation=""Not always included""",,Number of messages sent with LINE notification messages on the options for corporate customers.,https://developers.line.biz/en/reference/messaging-api/#get-number-of-message-deliveries
messaging-api,Insights,Get number of message deliveries,Response,pnpCallToLine,Number,false,"annotation=""Not always included""",,Number of messages sent with Call to LINE. New registration for Call to LINE has been discontinued.,https://developers.line.biz/en/reference/messaging-api/#get-number-of-message-deliveries
messaging-api,Insights,Get number of message deliveries,Response,thirdPartyChatTool,Number,false,"annotation=""Not always included""",,Number of messages sent from third party chat tools.,https://developers.line.biz/en/reference/messaging-api/#get-number-of-message-deliveries
messaging-api,Insights,Get number of followers,Request headers,Authorization,Bearer {channel access token},true,required,,,https://developers.line.biz/en/reference/messaging-api/#get-number-of-followers
messaging-api,Insights,Get number of followers,Query parameters,date,Date for which to retrieve the number of followers.,true,required,,- Format: yyyyMMdd (e.g. 20191231) - Timezone: UTC+9,https://developers.line.biz/en/reference/messaging-api/#get-number-of-followers
messaging-api,Insights,Get number of followers,Response,status,String,,,,"Calculation status. One of: - ready: Calculation has finished. The numbers are up-to-date. - unready: We haven't finished calculating followers for the specified date. Try again later. Calculation usually takes about a day. - out_of_service: The specified date is earlier than the date on which we first started calculating followers (November 1, 2016).",https://developers.line.biz/en/reference/messaging-api/#get-number-of-followers
messaging-api,Insights,Get number of followers,Response,followers,Number,,,,"The number of times, as of the specified date, that a user added this LINE Official Account as a friend for the first time. The number doesn't decrease even if a user later blocks the account or when they delete their LINE account. This value is null if the status property isn't ready.",https://developers.line.biz/en/reference/messaging-api/#get-number-of-followers
messaging-api,Insights,Get number of followers,Response,targetedReaches,Number,,,,"The number of users, as of the specified date, that the LINE Official Account can reach through targeted messages based on gender, age, and/or region. This number only includes users who are active on LINE or LINE services and whose demographics have a high level of certainty. This value is null if the status property isn't ready.",https://developers.line.biz/en/reference/messaging-api/#get-number-of-followers
messaging-api,Insights,Get number of followers,Response,blocks,Number,,,,The number of users blocking the account as of the specified date. The number decreases when a user unblocks the account. This value is null if the status property isn't ready.,https://developers.line.biz/en/reference/messaging-api/#get-number-of-followers
messaging-api,Insights,Get friend demographics,Request headers,Authorization,Bearer {channel access token},true,required,,,https://developers.line.biz/en/reference/messaging-api/#get-friend-demographics
messaging-api,Insights,Get friend demographics,Response,available,Boolean,,,,"- true: Friend demographic information is available. - false: Friend demographic information isn't available. Consider these reasons: - The target reach is less than 20 people. - The LINE Official Account wasn't created by a user in Japan (JP), Thailand (TH) or Taiwan (TW). The elements of each array in the response (genders, ages, areas, appTypes, subscriptionPeriods) are only included in the response if the value of available is true.",https://developers.line.biz/en/reference/messaging-api/#get-friend-demographics
messaging-api,Insights,Get friend demographics,Response,genders,Array,,,,"Percentage per gender. If the friend demographic information isn't available, an empty array is returned.",https://developers.line.biz/en/reference/messaging-api/#get-friend-demographics
messaging-api,Insights,Get friend demographics,Response,genders[].gender,String,,,,Returns these values based on the users' gender: - male - female - unknown,https://developers.line.biz/en/reference/messaging-api/#get-friend-demographics
messaging-api,Insights,Get friend demographics,Response,genders[].percentage,Number,,,,Percentage,https://developers.line.biz/en/reference/messaging-api/#get-friend-demographics
messaging-api,Insights,Get friend demographics,Response,ages,Array,,,,"Percentage per age group. If the friend demographic information isn't available, an empty array is returned.",https://developers.line.biz/en/reference/messaging-api/#get-friend-demographics
messaging-api,Insights,Get friend demographics,Response,ages[].age,String,,,,"Returns these values based on the users' age: When you are using a Thai LINE Official Account When you retrieve the demographic information of a Thai LINE Official Account, the percentages with ages[].age values of from0to14 and from15to19 won't be included in the response. Users under the age of 20 will be counted as unknown. - from0to14 - from15to19 - from20to24 - from25to29 - from30to34 - from35to39 - from40to44 - from45to49 - from50 - As of September 5, 2024, you can now get the percentage of friends between the ages of 50 and 70. - from50to54 - from55to59 - from60to64 - from65to69 - from7",https://developers.line.biz/en/reference/messaging-api/#get-friend-demographics
messaging-api,Insights,Get friend demographics,Response,ages[].percentage,Number,,,,Percentage,https://developers.line.biz/en/reference/messaging-api/#get-friend-demographics
messaging-api,Insights,Get friend demographics,Response,areas,Array,,,,"Percentage per area. If the friend demographic information isn't available, an empty array is returned.",https://developers.line.biz/en/reference/messaging-api/#get-friend-demographics
messaging-api,Insights,Get friend demographics,Response,areas[].area,String,,,,Returns these values based on the users' country and region: JP - 北海道 (Hokkaido) - 青森 (Aomori) - 岩手 (Iwate) - 宮城 (Miyagi) - 秋田 (Akita) - 山形 (Yamagata) - 福島 (Fukushima) - 茨城 (Ibaraki) - 栃木 (Tochigi) - 群馬 (Gunma) - 埼玉 (Saitama) - 千葉 (Chiba) - 東京 (Tokyo) - 神奈川 (Kanagawa) - 新潟 (Niigata) - 富山 (Toyama) - 石川 (Ishikawa) - 福井 (Fukui) - 山梨 (Yamanashi) - 長野 (Nagano) - 岐阜 (Gifu) - 静岡 (Shizuoka) - 愛知 (Aichi) - 三重 (Mie) - 滋賀 (Shiga) - 京都 (Kyoto) - 大阪 (Osaka) - 兵庫 (Hyogo) - 奈良 (Nara) - 和歌山 (Wakayama) - 鳥取 (Tottori) - 島根 (Shimane) - 岡山 (Okayama) - 広島 (Hiroshima) - 山口 (Yamaguchi) - 徳島 (Tokushima) - 香川 (Kagawa),https://developers.line.biz/en/reference/messaging-api/#get-friend-demographics
messaging-api,Insights,Get friend demographics,Response,areas[].percentage,Number,,,,Percentage,https://developers.line.biz/en/reference/messaging-api/#get-friend-demographics
messaging-api,Insights,Get friend demographics,Response,appTypes,Array,,,,"Percentage by OS. If the friend demographic information isn't available, an empty array is returned.",https://developers.line.biz/en/reference/messaging-api/#get-friend-demographics
messaging-api,Insights,Get friend demographics,Response,appTypes[].appType,String,,,,Returns these values based on the users' OS: - ios - android - others,https://developers.line.biz/en/reference/messaging-api/#get-friend-demographics
messaging-api,Insights,Get friend demographics,Response,appTypes[].percentage,Number,,,,Percentage,https://developers.line.biz/en/reference/messaging-api/#get-friend-demographics
messaging-api,Insights,Get friend demographics,Response,subscriptionPeriods,Array,,,,"Percentage per friendship duration. If the friend demographic information isn't available, an empty array is returned.",https://developers.line.biz/en/reference/messaging-api/#get-friend-demographics
messaging-api,Insights,Get friend demographics,Response,subscriptionPeriods[].subscriptionPeriod,String,,,,"Returns these values for friendship duration. ""Friendship duration"" is defined as the time period counted from the day after a user adds a LINE Official Account as a friend. - within7days: Less than 7 days - within30days: Equal to or greater than 7 days but less than 30 days - within90days: Equal to or greater than 30 days but less than 90 days - within180days: Equal to or greater than 90 days but less than 180 days - within365days: Equal to or greater than 180 days but less than 365 days - over365days: Equal to or greater than 365 days - unknown: Unknown",https://developers.line.biz/en/reference/messaging-api/#get-friend-demographics
messaging-api,Insights,Get friend demographics,Response,subscriptionPeriods[].percentage,Number,,,,Percentage of users corresponding to the respective subscriptionPeriod values.,https://developers.line.biz/en/reference/messaging-api/#get-friend-demographics
messaging-api,Insights,Get user interaction statistics,Request headers,Authorization,Bearer {channel access token},true,required,,,https://developers.line.biz/en/reference/messaging-api/#get-user-interaction-statistics
messaging-api,Insights,Get user interaction statistics,Query parameters,requestId,Request ID of a narrowcast message or broadcast message. Each Messaging API request has a request ID. Find it in the response headers.,true,required,,,https://developers.line.biz/en/reference/messaging-api/#get-user-interaction-statistics
messaging-api,Insights,Get user interaction statistics,Response,overview,Object,,,,Summary of message statistics.,https://developers.line.biz/en/reference/messaging-api/#get-user-interaction-statistics
messaging-api,Insights,Get user interaction statistics,Response,overview.requestId,String,,,,Request ID.,https://developers.line.biz/en/reference/messaging-api/#get-user-interaction-statistics
messaging-api,Insights,Get user interaction statistics,Response,overview.timestamp,Number,,,,Message delivery time in UNIX time (in seconds).,https://developers.line.biz/en/reference/messaging-api/#get-user-interaction-statistics
messaging-api,Insights,Get user interaction statistics,Response,overview.delivered,Number,,,,"Number of messages delivered. This property shows values of less than 20. However, if all messages have not been sent, it will be null.",https://developers.line.biz/en/reference/messaging-api/#get-user-interaction-statistics
messaging-api,Insights,Get user interaction statistics,Response,overview.uniqueImpression,Number,,,,"Number of users who opened the message, meaning they displayed at least 1 bubble.",https://developers.line.biz/en/reference/messaging-api/#get-user-interaction-statistics
messaging-api,Insights,Get user interaction statistics,Response,overview.uniqueClick,Number,,,,Number of users who opened any URL in the message.,https://developers.line.biz/en/reference/messaging-api/#get-user-interaction-statistics
messaging-api,Insights,Get user interaction statistics,Response,overview.uniqueMediaPlayed,Number,,,,Number of users who started playing any video or audio in the message.,https://developers.line.biz/en/reference/messaging-api/#get-user-interaction-statistics
messaging-api,Insights,Get user interaction statistics,Response,overview.uniqueMediaPlayed100Percent,Number,,,,Number of users who played the entirety of any video or audio in the message.,https://developers.line.biz/en/reference/messaging-api/#get-user-interaction-statistics
messaging-api,Insights,Get user interaction statistics,Response,messages,Array,,,,"Array of information about individual message bubbles. If the statistic isn't available, an empty array is returned.",https://developers.line.biz/en/reference/messaging-api/#get-user-interaction-statistics
messaging-api,Insights,Get user interaction statistics,Response,messages[].seq,Number,,,,Bubble's serial number.,https://developers.line.biz/en/reference/messaging-api/#get-user-interaction-statistics
messaging-api,Insights,Get user interaction statistics,Response,messages[].impression,Number,,,,Number of times the bubble was displayed.,https://developers.line.biz/en/reference/messaging-api/#get-user-interaction-statistics
messaging-api,Insights,Get user interaction statistics,Response,messages[].mediaPlayed,Number,,,,Number of times audio or video in the bubble started playing. This count also includes the number of times a video is automatically played.,https://developers.line.biz/en/reference/messaging-api/#get-user-interaction-statistics
messaging-api,Insights,Get user interaction statistics,Response,messages[].mediaPlayed25Percent,Number,,,,Number of times audio or video in the bubble started playing and was played 25% of the total time.,https://developers.line.biz/en/reference/messaging-api/#get-user-interaction-statistics
messaging-api,Insights,Get user interaction statistics,Response,messages[].mediaPlayed50Percent,Number,,,,Number of times audio or video in the bubble started playing and was played 50% of the total time.,https://developers.line.biz/en/reference/messaging-api/#get-user-interaction-statistics
messaging-api,Insights,Get user interaction statistics,Response,messages[].mediaPlayed75Percent,Number,,,,Number of times audio or video in the bubble started playing and was played 75% of the total time.,https://developers.line.biz/en/reference/messaging-api/#get-user-interaction-statistics
messaging-api,Insights,Get user interaction statistics,Response,messages[].mediaPlayed100Percent,Number,,,,Number of times audio or video in the bubble started playing and was played 100% of the total time.,https://developers.line.biz/en/reference/messaging-api/#get-user-interaction-statistics
messaging-api,Insights,Get user interaction statistics,Response,messages[].uniqueMediaPlayed,Number,,,,Number of users that started playing audio or video in the bubble.,https://developers.line.biz/en/reference/messaging-api/#get-user-interaction-statistics
messaging-api,Insights,Get user interaction statistics,Response,messages[].uniqueMediaPlayed25Percent,Number,,,,Number of users that started playing audio or video in the bubble and played 25% of the total time.,https://developers.line.biz/en/reference/messaging-api/#get-user-interaction-statistics
messaging-api,Insights,Get user interaction statistics,Response,messages[].uniqueMediaPlayed50Percent,Number,,,,Number of users that started playing audio or video in the bubble and played 50% of the total time.,https://developers.line.biz/en/reference/messaging-api/#get-user-interaction-statistics
messaging-api,Insights,Get user interaction statistics,Response,messages[].uniqueMediaPlayed75Percent,Number,,,,Number of users that started playing audio or video in the bubble and played 75% of the total time.,https://developers.line.biz/en/reference/messaging-api/#get-user-interaction-statistics
messaging-api,Insights,Get user interaction statistics,Response,messages[].uniqueMediaPlayed100Percent,Number,,,,Number of users that started playing audio or video in the bubble and played 100% of the total time.,https://developers.line.biz/en/reference/messaging-api/#get-user-interaction-statistics
messaging-api,Insights,Get user interaction statistics,Response,clicks,Array,,,,"Array of information about opened URLs in the message. If the message doesn't contain any URLs or the statistic isn't available, an empty array is returned.",https://developers.line.biz/en/reference/messaging-api/#get-user-interaction-statistics
messaging-api,Insights,Get user interaction statistics,Response,clicks[].seq,Number,,,,The URL's serial number.,https://developers.line.biz/en/reference/messaging-api/#get-user-interaction-statistics
messaging-api,Insights,Get user interaction statistics,Response,clicks[].url,String,,,,URL.,https://developers.line.biz/en/reference/messaging-api/#get-user-interaction-statistics
messaging-api,Insights,Get user interaction statistics,Response,clicks[].click,Number,,,,Number of times the URL was opened.,https://developers.line.biz/en/reference/messaging-api/#get-user-interaction-statistics
messaging-api,Insights,Get user interaction statistics,Response,clicks[].uniqueClick,Number,,,,Number of users that opened the URL.,https://developers.line.biz/en/reference/messaging-api/#get-user-interaction-statistics
messaging-api,Insights,Get user interaction statistics,Response,clicks[].uniqueClickOfRequest,Number,,,,"Number of users who opened this url through any link in the message. If a message contains two links to the same URL and a user opens both links, they're counted only once.",https://developers.line.biz/en/reference/messaging-api/#get-user-interaction-statistics
messaging-api,Insights,Get statistics per unit,Request headers,Authorization,Bearer {channel access token},true,required,,,https://developers.line.biz/en/reference/messaging-api/#get-statistics-per-unit
messaging-api,Insights,Get statistics per unit,Query parameters,customAggregationUnit,String,true,required,,"Name of aggregation unit specified when sending the message. Case-sensitive. For example, Promotion_a and Promotion_A are regarded as different unit names. For more information about assigning a unit name, see Assign a unit name in the Messaging API documentation.",https://developers.line.biz/en/reference/messaging-api/#get-statistics-per-unit
messaging-api,Insights,Get statistics per unit,Query parameters,from,String,true,required,,Start date of aggregation period. - Format: yyyyMMdd (e.g. 20210301) - Time zone: UTC+9,https://developers.line.biz/en/reference/messaging-api/#get-statistics-per-unit
messaging-api,Insights,Get statistics per unit,Query parameters,to,String,true,required,,"End date of aggregation period. The end date can be specified for up to 30 days later. For example, if the start date is 20210301, the latest end date is 20210331. - Format: yyyyMMdd (e.g. 20210301) - Time zone: UTC+9",https://developers.line.biz/en/reference/messaging-api/#get-statistics-per-unit
messaging-api,Insights,Get statistics per unit,Response,overview,Object,,,,Statistics related to messages.,https://developers.line.biz/en/reference/messaging-api/#get-statistics-per-unit
messaging-api,Insights,Get statistics per unit,Response,overview.uniqueImpression,Number,,,,"Number of users who opened the message, meaning they displayed at least 1 bubble.",https://developers.line.biz/en/reference/messaging-api/#get-statistics-per-unit
messaging-api,Insights,Get statistics per unit,Response,overview.uniqueClick,Number,,,,Number of users who opened any URL in the message.,https://developers.line.biz/en/reference/messaging-api/#get-statistics-per-unit
messaging-api,Insights,Get statistics per unit,Response,overview.uniqueMediaPlayed,Number,,,,Number of users who started playing any video or audio in the message.,https://developers.line.biz/en/reference/messaging-api/#get-statistics-per-unit
messaging-api,Insights,Get statistics per unit,Response,overview.uniqueMediaPlayed100Percent,Number,,,,Number of users who played the entirety of any video or audio in the message.,https://developers.line.biz/en/reference/messaging-api/#get-statistics-per-unit
messaging-api,Insights,Get statistics per unit,Response,messages,Array,,,,"Array of information about individual message bubbles. If the statistic isn't available, an empty array is returned.",https://developers.line.biz/en/reference/messaging-api/#get-statistics-per-unit
messaging-api,Insights,Get statistics per unit,Response,messages[].seq,Number,,,,Bubble's serial number.,https://developers.line.biz/en/reference/messaging-api/#get-statistics-per-unit
messaging-api,Insights,Get statistics per unit,Response,messages[].impression,Number,,,,Number of times the bubble was displayed.,https://developers.line.biz/en/reference/messaging-api/#get-statistics-per-unit
messaging-api,Insights,Get statistics per unit,Response,messages[].uniqueImpression,Number,,,,Number of users that displayed the bubble.,https://developers.line.biz/en/reference/messaging-api/#get-statistics-per-unit
messaging-api,Insights,Get statistics per unit,Response,messages[].mediaPlayed,Number,,,,Number of times audio or video in the bubble started playing. This count also includes the number of times a video is automatically played.,https://developers.line.biz/en/reference/messaging-api/#get-statistics-per-unit
messaging-api,Insights,Get statistics per unit,Response,messages[].mediaPlayed25Percent,Number,,,,Number of times audio or video in the bubble started playing and was played 25% of the total time.,https://developers.line.biz/en/reference/messaging-api/#get-statistics-per-unit
messaging-api,Insights,Get statistics per unit,Response,messages[].mediaPlayed50Percent,Number,,,,Number of times audio or video in the bubble started playing and was played 50% of the total time.,https://developers.line.biz/en/reference/messaging-api/#get-statistics-per-unit
messaging-api,Insights,Get statistics per unit,Response,messages[].mediaPlayed75Percent,Number,,,,Number of times audio or video in the bubble started playing and was played 75% of the total time.,https://developers.line.biz/en/reference/messaging-api/#get-statistics-per-unit
messaging-api,Insights,Get statistics per unit,Response,messages[].mediaPlayed100Percent,Number,,,,Number of times audio or video in the bubble started playing and was played 100% of the total time.,https://developers.line.biz/en/reference/messaging-api/#get-statistics-per-unit
messaging-api,Insights,Get statistics per unit,Response,messages[].uniqueMediaPlayed,Number,,,,Number of users that started playing audio or video in the bubble.,https://developers.line.biz/en/reference/messaging-api/#get-statistics-per-unit
messaging-api,Insights,Get statistics per unit,Response,messages[].uniqueMediaPlayed25Percent,Number,,,,Number of users that started playing audio or video in the bubble and played 25% of the total time.,https://developers.line.biz/en/reference/messaging-api/#get-statistics-per-unit
messaging-api,Insights,Get statistics per unit,Response,messages[].uniqueMediaPlayed50Percent,Number,,,,Number of users that started playing audio or video in the bubble and played 50% of the total time.,https://developers.line.biz/en/reference/messaging-api/#get-statistics-per-unit
messaging-api,Insights,Get statistics per unit,Response,messages[].uniqueMediaPlayed75Percent,Number,,,,Number of users that started playing audio or video in the bubble and played 75% of the total time.,https://developers.line.biz/en/reference/messaging-api/#get-statistics-per-unit
messaging-api,Insights,Get statistics per unit,Response,messages[].uniqueMediaPlayed100Percent,Number,,,,Number of users that started playing audio or video in the bubble and played 100% of the total time.,https://developers.line.biz/en/reference/messaging-api/#get-statistics-per-unit
messaging-api,Insights,Get statistics per unit,Response,clicks,Array,,,,"Array of information about opened URLs in the message. If the message doesn't contain any URLs or the statistic isn't available, an empty array is returned.",https://developers.line.biz/en/reference/messaging-api/#get-statistics-per-unit
messaging-api,Insights,Get statistics per unit,Response,clicks[].seq,Number,,,,The URL's serial number.,https://developers.line.biz/en/reference/messaging-api/#get-statistics-per-unit
messaging-api,Insights,Get statistics per unit,Response,clicks[].url,String,,,,URL.,https://developers.line.biz/en/reference/messaging-api/#get-statistics-per-unit
messaging-api,Insights,Get statistics per unit,Response,clicks[].click,Number,,,,Number of times the URL in the bubble was opened.,https://developers.line.biz/en/reference/messaging-api/#get-statistics-per-unit
messaging-api,Insights,Get statistics per unit,Response,clicks[].uniqueClick,Number,,,,Number of users that opened the URL in the bubble.,https://developers.line.biz/en/reference/messaging-api/#get-statistics-per-unit
messaging-api,Insights,Get statistics per unit,Response,clicks[].uniqueClickOfRequest,Number,,,,"Number of users who opened this url through any link in the message. If another message bubble contains the same URL and a user opens both links, it's counted only once.",https://developers.line.biz/en/reference/messaging-api/#get-statistics-per-unit
messaging-api,Insights,Get the number of unit name types assigned during this month,Request headers,Authorization,Bearer {channel access token},true,required,,,https://developers.line.biz/en/reference/messaging-api/#get-the-number-of-unit-name-types-assigned-during-this-month
messaging-api,Insights,Get the number of unit name types assigned during this month,Response,numOfCustomAggregationUnits,Number,,,,Number of unit name types assigned to messages during this month.,https://developers.line.biz/en/reference/messaging-api/#get-the-number-of-unit-name-types-assigned-during-this-month
messaging-api,Insights,Get a list of unit names assigned during this month,Request headers,Authorization,Bearer {channel access token},true,required,,,https://developers.line.biz/en/reference/messaging-api/#get-a-list-of-unit-names-assigned-during-this-month
messaging-api,Insights,Get a list of unit names assigned during this month,Query parameters,limit,String,false,optional,,The maximum number of unit names you can get per request. The default value is 100. Max value: 100,https://developers.line.biz/en/reference/messaging-api/#get-a-list-of-unit-names-assigned-during-this-month
messaging-api,Insights,Get a list of unit names assigned during this month,Query parameters,start,String,false,optional,,"Value of the continuation token found in the next property of the JSON object returned in the response. If you can't get all the unit names in a single request, include this parameter to get the remaining array.",https://developers.line.biz/en/reference/messaging-api/#get-a-list-of-unit-names-assigned-during-this-month
messaging-api,Insights,Get a list of unit names assigned during this month,Response,customAggregationUnits,Array of strings,,,,An array of strings indicating the unit names. The array uniquely contains the unit names assigned to messages during this month.,https://developers.line.biz/en/reference/messaging-api/#get-a-list-of-unit-names-assigned-during-this-month
messaging-api,Insights,Get a list of unit names assigned during this month,Response,next,String,false,"annotation=""Not always included""",,"A continuation token to get the next array of unit names. Returned only when there are remaining unit names that weren't returned in the customAggregationUnits property in the original request. The continuation token expires in 24 hours (86,400 seconds).",https://developers.line.biz/en/reference/messaging-api/#get-a-list-of-unit-names-assigned-during-this-month
messaging-api,Insights,Get rich menu insight totals,Request headers,Authorization,Bearer {channel access token},true,required,,,https://developers.line.biz/en/reference/messaging-api/#get-rich-menu-insight-totals
messaging-api,Insights,Get rich menu insight totals,Path parameters,richMenuId,ID of the rich menu for which to retrieve statistics.,true,required,,,https://developers.line.biz/en/reference/messaging-api/#get-rich-menu-insight-totals
messaging-api,Insights,Get rich menu insight totals,Query parameters,from,String,true,required,,"Start date of aggregation period. The start date can be specified for up to 3 years earlier. For example, if today is 20260701, the earliest start date is 20230701. - Format: yyyyMMdd (e.g. 20230701) - Time zone: UTC+9",https://developers.line.biz/en/reference/messaging-api/#get-rich-menu-insight-totals
messaging-api,Insights,Get rich menu insight totals,Query parameters,to,String,true,required,,"End date of aggregation period. The end date can be specified for up to 396 days later. For example, if the start date is 20230701, the end date can be specified from 20230701 to 20240731. - Format: yyyyMMdd (e.g. 20240731) - Time zone: UTC+9",https://developers.line.biz/en/reference/messaging-api/#get-rich-menu-insight-totals
messaging-api,Insights,Get rich menu insight totals,Response,richMenuId,String,,,,ID of a rich menu,https://developers.line.biz/en/reference/messaging-api/#get-rich-menu-insight-totals
messaging-api,Insights,Get rich menu insight totals,Response,metricsFrom,String,false,"annotation=""Not always included""",,Start date of the statistical data actually retrieved within the specified period. - Format: yyyyMMdd (e.g. 20230701) - Time zone: UTC+9,https://developers.line.biz/en/reference/messaging-api/#get-rich-menu-insight-totals
messaging-api,Insights,Get rich menu insight totals,Response,metricsTo,String,false,"annotation=""Not always included""",,End date of the statistical data actually retrieved within the specified period. - Format: yyyyMMdd (e.g. 20231008) - Time zone: UTC+9,https://developers.line.biz/en/reference/messaging-api/#get-rich-menu-insight-totals
messaging-api,Insights,Get rich menu insight totals,Response,impression,Object,false,"annotation=""Not always included""",,Object containing statistics related to rich menu impressions.,https://developers.line.biz/en/reference/messaging-api/#get-rich-menu-insight-totals
messaging-api,Insights,Get rich menu insight totals,Response,impression.metrics,Object,,,,Object containing the number of rich menu impressions.,https://developers.line.biz/en/reference/messaging-api/#get-rich-menu-insight-totals
messaging-api,Insights,Get rich menu insight totals,Response,impression.metrics.count,Number,,,,The number of times the rich menu was viewed.,https://developers.line.biz/en/reference/messaging-api/#get-rich-menu-insight-totals
messaging-api,Insights,Get rich menu insight totals,Response,impression.metrics.uniqueUsers,Number,,,,The number of users who viewed the rich menu.,https://developers.line.biz/en/reference/messaging-api/#get-rich-menu-insight-totals
messaging-api,Insights,Get rich menu insight totals,Response,clicks,Array of objects,false,"annotation=""Not always included""",,Array of objects containing the number of rich menu clicks.,https://developers.line.biz/en/reference/messaging-api/#get-rich-menu-insight-totals
messaging-api,Insights,Get rich menu insight totals,Response,clicks[].bounds,Object,,,,bounds object. Object representing the coordinates and size of the click area specified when the rich menu was created.,https://developers.line.biz/en/reference/messaging-api/#get-rich-menu-insight-totals
messaging-api,Insights,Get rich menu insight totals,Response,clicks[].metrics,Object,,,,Object containing the number of rich menu clicks.,https://developers.line.biz/en/reference/messaging-api/#get-rich-menu-insight-totals
messaging-api,Insights,Get rich menu insight totals,Response,clicks[].metrics.count,Number,,,,The number of times the rich menu click area represented by clicks.bounds was clicked.,https://developers.line.biz/en/reference/messaging-api/#get-rich-menu-insight-totals
messaging-api,Insights,Get rich menu insight totals,Response,clicks[].metrics.uniqueUsers,Number,,,,The number of users who clicked the rich menu click area represented by clicks.bounds.,https://developers.line.biz/en/reference/messaging-api/#get-rich-menu-insight-totals
messaging-api,Insights,Get rich menu insight by day,Request headers,Authorization,Bearer {channel access token},true,required,,,https://developers.line.biz/en/reference/messaging-api/#get-rich-menu-insight-by-day
messaging-api,Insights,Get rich menu insight by day,Path parameters,richMenuId,ID of the rich menu for which to retrieve statistics.,true,required,,,https://developers.line.biz/en/reference/messaging-api/#get-rich-menu-insight-by-day
messaging-api,Insights,Get rich menu insight by day,Query parameters,from,String,true,required,,"Start date of aggregation period. The start date can be specified for up to 3 years earlier. For example, if today is 20260701, the earliest start date is 20230701. - Format: yyyyMMdd (e.g. 20230701) - Time zone: UTC+9",https://developers.line.biz/en/reference/messaging-api/#get-rich-menu-insight-by-day
messaging-api,Insights,Get rich menu insight by day,Query parameters,to,String,true,required,,"End date of aggregation period. The end date can be specified for up to 99 days later. For example, if the start date is 20230701, the end date can be specified from 20230701 to 20231008. - Format: yyyyMMdd (e.g. 20231008) - Time zone: UTC+9",https://developers.line.biz/en/reference/messaging-api/#get-rich-menu-insight-by-day
messaging-api,Insights,Get rich menu insight by day,Response,richMenuId,String,,,,ID of a rich menu,https://developers.line.biz/en/reference/messaging-api/#get-rich-menu-insight-by-day
messaging-api,Insights,Get rich menu insight by day,Response,metricsFrom,String,false,"annotation=""Not always included""",,Start date of the statistical data actually retrieved within the specified period. - Format: yyyyMMdd (e.g. 20230701) - Time zone: UTC+9,https://developers.line.biz/en/reference/messaging-api/#get-rich-menu-insight-by-day
messaging-api,Insights,Get rich menu insight by day,Response,metricsTo,String,false,"annotation=""Not always included""",,End date of the statistical data actually retrieved within the specified period. - Format: yyyyMMdd (e.g. 20231008) - Time zone: UTC+9,https://developers.line.biz/en/reference/messaging-api/#get-rich-menu-insight-by-day
messaging-api,Insights,Get rich menu insight by day,Response,impression,Object,false,"annotation=""Not always included""",,Object containing statistics related to rich menu impressions.,https://developers.line.biz/en/reference/messaging-api/#get-rich-menu-insight-by-day
messaging-api,Insights,Get rich menu insight by day,Response,impression.metrics,Array of objects,,,,Array of objects containing daily statistics related to rich menu impressions.,https://developers.line.biz/en/reference/messaging-api/#get-rich-menu-insight-by-day
messaging-api,Insights,Get rich menu insight by day,Response,impression.metrics[].date,String,,,,The date the rich menu was viewed. - Format: yyyyMMdd (e.g. 20230701) - Time zone: UTC+9,https://developers.line.biz/en/reference/messaging-api/#get-rich-menu-insight-by-day
messaging-api,Insights,Get rich menu insight by day,Response,impression.metrics[].count,Number,,,,The number of times the rich menu was viewed.,https://developers.line.biz/en/reference/messaging-api/#get-rich-menu-insight-by-day
messaging-api,Insights,Get rich menu insight by day,Response,impression.metrics[].uniqueUsers,Number,,,,The number of users who viewed the rich menu.,https://developers.line.biz/en/reference/messaging-api/#get-rich-menu-insight-by-day
messaging-api,Insights,Get rich menu insight by day,Response,clicks,Array of objects,false,"annotation=""Not always included""",,Array of objects containing daily statistics related to rich menu clicks.,https://developers.line.biz/en/reference/messaging-api/#get-rich-menu-insight-by-day
messaging-api,Insights,Get rich menu insight by day,Response,clicks[].bounds,Object,,,,bounds object. Object representing the coordinates and size of the click area specified when the rich menu was created.,https://developers.line.biz/en/reference/messaging-api/#get-rich-menu-insight-by-day
messaging-api,Insights,Get rich menu insight by day,Response,clicks[].metrics,Array of objects,,,,Array of objects containing the number of rich menu clicks.,https://developers.line.biz/en/reference/messaging-api/#get-rich-menu-insight-by-day
messaging-api,Insights,Get rich menu insight by day,Response,clicks[].metrics[].date,String,,,,The date the rich menu click area represented by clicks.bounds was clicked. - Format: yyyyMMdd (e.g. 20230701) - Time zone: UTC+9,https://developers.line.biz/en/reference/messaging-api/#get-rich-menu-insight-by-day
messaging-api,Insights,Get rich menu insight by day,Response,clicks[].metrics[].count,Number,,,,The number of times the rich menu click area represented by clicks.bounds was clicked.,https://developers.line.biz/en/reference/messaging-api/#get-rich-menu-insight-by-day
messaging-api,Insights,Get rich menu insight by day,Response,clicks[].metrics[].uniqueUsers,Number,,,,The number of users who clicked the rich menu click area represented by clicks.bounds.,https://developers.line.biz/en/reference/messaging-api/#get-rich-menu-insight-by-day
messaging-api,Coupon,Create a coupon,Request headers,Authorization,Bearer {channel access token},true,required,,,https://developers.line.biz/en/reference/messaging-api/#create-a-coupon
messaging-api,Coupon,Create a coupon,Request headers,Content-Type,application/json,true,required,,,https://developers.line.biz/en/reference/messaging-api/#create-a-coupon
messaging-api,Coupon,Create a coupon,Request body,title,String,true,required,,Coupon title. Max length: 60,https://developers.line.biz/en/reference/messaging-api/#create-a-coupon
messaging-api,Coupon,Create a coupon,Request body,description,String,false,optional,,"Coupon guidelines. Set usage instructions and precautions for the coupon. Line breaks can be specified with n. Max length: 1,000",https://developers.line.biz/en/reference/messaging-api/#create-a-coupon
messaging-api,Coupon,Create a coupon,Request body,acquisitionCondition,Object,true,required,,Object containing coupon acquisition conditions.,https://developers.line.biz/en/reference/messaging-api/#create-a-coupon
messaging-api,Coupon,Create a coupon,Request body,acquisitionCondition.type,String,true,required,,"Coupon acquisition conditions type. Specify one of the following values: - normal: No conditions. All users can acquire. - lottery: Lottery. Only users who win the lottery can acquire. Coupons with ""friend referral"" acquisition conditions can't be created using the Messaging API. They can only be created from LINE Official Account Manager.",https://developers.line.biz/en/reference/messaging-api/#create-a-coupon
messaging-api,Coupon,Create a coupon,Request body,acquisitionCondition.lotteryProbability,Number,false,optional,,"Specify the coupon winning probability (%) as an integer from 1 to 99. For example, if you specify 50, the winning probability will be 50%. Required when acquisitionCondition.type is lottery.",https://developers.line.biz/en/reference/messaging-api/#create-a-coupon
messaging-api,Coupon,Create a coupon,Request body,acquisitionCondition.maxAcquireCount,Number,false,optional,,"The upper limit for the number of winners in a lottery. Specify an integer from 1 to 999999. If there is no upper limit, specify -1. Required when acquisitionCondition.type is lottery.",https://developers.line.biz/en/reference/messaging-api/#create-a-coupon
messaging-api,Coupon,Create a coupon,Request body,maxUseCountPerTicket,Number,true,required,,Number of times the coupon can be used. Specify one of the following values: - 1: Only once - -1: No limit,https://developers.line.biz/en/reference/messaging-api/#create-a-coupon
messaging-api,Coupon,Create a coupon,Request body,startTimestamp,Number,true,required,,Start date and time of the coupon validity period. Specify in UNIX time (in seconds).,https://developers.line.biz/en/reference/messaging-api/#create-a-coupon
messaging-api,Coupon,Create a coupon,Request body,endTimestamp,Number,true,required,,End date and time of the coupon validity period. Specify in UNIX time (in seconds). You cannot specify a date and time before the current date and time or before the start date and time.,https://developers.line.biz/en/reference/messaging-api/#create-a-coupon
messaging-api,Coupon,Create a coupon,Request body,timezone,String,true,required,,"The timezone is used as the basis for the validity period. Specify one of the following values: - ETC_GMT_MINUS_12: (UTC-12:00) Etc/GMT-12 - ETC_GMT_MINUS_11: (UTC-11:00) Etc/GMT-11 - PACIFIC_HONOLULU: (UTC-10:00) Pacific/Honolulu - AMERICA_ANCHORAGE: (UTC-09:00) America/Anchorage - AMERICA_LOS_ANGELES: (UTC-08:00) America/Los_Angeles, Santa_Isabel - AMERICA_PHOENIX: (UTC-07:00) America/Phoenix, Denver - AMERICA_CHICAGO: (UTC-06:00) America/Chicago, Guatemala - AMERICA_NEW_YORK: (UTC-05:00) America/New_York, Indiana/Indianapolis - AMERICA_CARACAS: (UTC-04:30) America/Caracas - AMERICA_SANTIAGO",https://developers.line.biz/en/reference/messaging-api/#create-a-coupon
messaging-api,Coupon,Create a coupon,Request body,reward,Object,true,required,,Reward object containing coupon type information.,https://developers.line.biz/en/reference/messaging-api/#create-a-coupon
messaging-api,Coupon,Create a coupon,Request body,visibility,String,true,required,,"Display coupon in LY Corporation services. One of these values: - PUBLIC: Display. - UNLISTED: Do not display. For more information, see Display coupon in LY Corporation services (only available in Japanese) in LINE for Business.",https://developers.line.biz/en/reference/messaging-api/#create-a-coupon
messaging-api,Coupon,Create a coupon,Request body,imageUrl,String,false,optional,2000,"URL of the coupon image. Max character limit: 2000 Protocol: HTTPS (TLS 1.2 or later) Image format: JPEG or PNG Max file size: 10MB (1MB or less recommended) The URL should be percent-encoded using UTF-8. For more information, see About the encoding of a URL specified in a request body property. Changing the image at the URL later won't update the coupon image The image at the URL is retrieved and stored on the LINE Platform when the coupon is created. Changing the image at the URL later won't update the coupon image.",https://developers.line.biz/en/reference/messaging-api/#create-a-coupon
messaging-api,Coupon,Create a coupon,Request body,couponCode,String,false,optional,,Coupon code displayed after opening the coupon. Max length: 16,https://developers.line.biz/en/reference/messaging-api/#create-a-coupon
messaging-api,Coupon,Create a coupon,Request body,barcodeImageUrl,String,false,optional,2000,"URL of the barcode image displayed after opening the coupon. Max character limit: 2000 Protocol: HTTPS (TLS 1.2 or later) Image format: JPEG or PNG Max file size: 10MB The URL should be percent-encoded using UTF-8. For more information, see About the encoding of a URL specified in a request body property. Changing the image at the URL later won't update the coupon image The image at the URL is retrieved and stored on the LINE Platform when the coupon is created. Changing the image at the URL later won't update the coupon image.",https://developers.line.biz/en/reference/messaging-api/#create-a-coupon
messaging-api,Coupon,Create a coupon,Request body,usageCondition,String,false,optional,,Coupon usage conditions. Max length: 100,https://developers.line.biz/en/reference/messaging-api/#create-a-coupon
messaging-api,Coupon,Create a coupon,Request body,type,String,true,required,,Coupon type. Specify one of the following values: - discount: Discount - free: Free - gift: Gift - cashBack: Cashback - others: Others,https://developers.line.biz/en/reference/messaging-api/#create-a-coupon
messaging-api,Coupon,Create a coupon,Request body,priceInfo,Object,false,optional,,Object containing discount or cashback details. Required when type is discount and cashBack.,https://developers.line.biz/en/reference/messaging-api/#create-a-coupon
messaging-api,Coupon,Create a coupon,Request body,priceInfo.type,String,true,required,,"Type of coupon discount details. When type is discount, you can specify one of the following values: - fixed: Display discount amount - percentage: Display discount percentage - explicit: Cross out original price and display discounted price When type is cashBack, you can specify one of the following values: - fixed: Display cashback amount - percentage: Display cashback percentage",https://developers.line.biz/en/reference/messaging-api/#create-a-coupon
messaging-api,Coupon,Create a coupon,Request body,priceInfo.fixedAmount,Number,false,optional,,Specify the discount amount as a positive integer. Required when priceInfo.type is fixed. The currency unit is automatically set according to the country or region of the LINE Official Account. - Taiwan: TWD (Taiwan Dollar) - Thailand: THB (Thai Baht) - All other countries and regions: JPY (Japanese Yen),https://developers.line.biz/en/reference/messaging-api/#create-a-coupon
messaging-api,Coupon,Create a coupon,Request body,priceInfo.percentage,Number,false,optional,,"Specify the discount rate (%) as an integer from 1 to 99. For example, if you specify 50, the discount rate will be 50%. Required when priceInfo.type is percentage.",https://developers.line.biz/en/reference/messaging-api/#create-a-coupon
messaging-api,Coupon,Create a coupon,Request body,priceInfo.originalPrice,Number,false,optional,,Specify the price before discount as a positive integer. Required when priceInfo.type is explicit. The currency unit is automatically set according to the country or region of the LINE Official Account. - Taiwan: TWD (Taiwan Dollar) - Thailand: THB (Thai Baht) - All other countries and regions: JPY (Japanese Yen),https://developers.line.biz/en/reference/messaging-api/#create-a-coupon
messaging-api,Coupon,Create a coupon,Request body,priceInfo.priceAfterDiscount,Number,false,optional,,Specify the price after discount as a positive integer. Required when priceInfo.type is explicit. The currency unit is automatically set according to the country or region of the LINE Official Account. - Taiwan: TWD (Taiwan Dollar) - Thailand: THB (Thai Baht) - All other countries and regions: JPY (Japanese Yen),https://developers.line.biz/en/reference/messaging-api/#create-a-coupon
messaging-api,Coupon,Create a coupon,Response,couponId,String,,,,"The coupon ID. Use this when sending a coupon message, etc.",https://developers.line.biz/en/reference/messaging-api/#create-a-coupon
messaging-api,Coupon,Discontinue a coupon,Request headers,Authorization,Bearer {channel access token},true,required,,,https://developers.line.biz/en/reference/messaging-api/#discontinue-a-coupon
messaging-api,Coupon,Discontinue a coupon,Request headers,Content-Type,application/json,true,required,,,https://developers.line.biz/en/reference/messaging-api/#discontinue-a-coupon
messaging-api,Coupon,Discontinue a coupon,Path parameters,couponId,String,true,required,,The coupon ID of the coupon to discontinue.,https://developers.line.biz/en/reference/messaging-api/#discontinue-a-coupon
messaging-api,Coupon,Get a list of coupons,Request headers,Authorization,Bearer {channel access token},true,required,,,https://developers.line.biz/en/reference/messaging-api/#get-a-list-of-coupons
messaging-api,Coupon,Get a list of coupons,Query parameters,limit,Number,false,optional,,The maximum number of coupons to retrieve in a single request. The default value is 20. Max value: 100,https://developers.line.biz/en/reference/messaging-api/#get-a-list-of-coupons
messaging-api,Coupon,Get a list of coupons,Query parameters,start,String,false,optional,,Value of the continuation token found in the next property of the JSON object returned in the response. Include this parameter to get the remaining coupons if you can't get all the coupons in a single request.,https://developers.line.biz/en/reference/messaging-api/#get-a-list-of-coupons
messaging-api,Coupon,Get a list of coupons,Query parameters,status,"The status of the coupon(s) to return. If omitted, coupons with all statuses will be included.",false,optional,,"- DRAFT: Draft saved coupon. - RUNNING: Upcoming or valid coupon. - CLOSED: Expired or discontinued coupon. If you specify multiple parameters, the OR condition is used.",https://developers.line.biz/en/reference/messaging-api/#get-a-list-of-coupons
messaging-api,Coupon,Get a list of coupons,Response,items,Array of objects,,,,An array of objects representing the coupons. Max: The number specified by limit,https://developers.line.biz/en/reference/messaging-api/#get-a-list-of-coupons
messaging-api,Coupon,Get a list of coupons,Response,items[].couponId,String,,,,The coupon ID.,https://developers.line.biz/en/reference/messaging-api/#get-a-list-of-coupons
messaging-api,Coupon,Get a list of coupons,Response,items[].title,String,,,,Coupon title.,https://developers.line.biz/en/reference/messaging-api/#get-a-list-of-coupons
messaging-api,Coupon,Get a list of coupons,Response,next,String,false,"annotation=""Not always included""",,"A continuation token to get the next coupons. This property is returned only when there are coupons that couldn't be retrieved in the items property of the response. The continuation token is valid for 24 hours (86,400 seconds).",https://developers.line.biz/en/reference/messaging-api/#get-a-list-of-coupons
messaging-api,Coupon,Get details of a coupon,Request headers,Authorization,Bearer {channel access token},true,required,,,https://developers.line.biz/en/reference/messaging-api/#get-details-of-a-coupon
messaging-api,Coupon,Get details of a coupon,Path parameters,couponId,String,true,required,,The ID of the coupon to retrieve details.,https://developers.line.biz/en/reference/messaging-api/#get-details-of-a-coupon
messaging-api,Coupon,Get details of a coupon,Response,couponId,String,,,,The coupon ID of the coupon.,https://developers.line.biz/en/reference/messaging-api/#get-details-of-a-coupon
messaging-api,Coupon,Get details of a coupon,Response,title,String,,,,Coupon title.,https://developers.line.biz/en/reference/messaging-api/#get-details-of-a-coupon
messaging-api,Coupon,Get details of a coupon,Response,description,String,false,"annotation=""Not always included""",,Coupon usage guide.,https://developers.line.biz/en/reference/messaging-api/#get-details-of-a-coupon
messaging-api,Coupon,Get details of a coupon,Response,acquisitionCondition,Object,,,,Object containing coupon acquisition conditions.,https://developers.line.biz/en/reference/messaging-api/#get-details-of-a-coupon
messaging-api,Coupon,Get details of a coupon,Response,acquisitionCondition.type,String,,,,Coupon acquisition conditions type. One of these values: - normal: No conditions. All users can acquire. - lottery: Lottery. Only users who win the lottery can acquire. - referral: Friend referral. Both the user who referred the coupon and the user who receives the referral can acquire.,https://developers.line.biz/en/reference/messaging-api/#get-details-of-a-coupon
messaging-api,Coupon,Get details of a coupon,Response,acquisitionCondition.lotteryProbability,Number,false,"annotation=""Not always included""",,The coupon winning probability (%) as an integer from 1 to 99. Included when acquisitionCondition.type is lottery.,https://developers.line.biz/en/reference/messaging-api/#get-details-of-a-coupon
messaging-api,Coupon,Get details of a coupon,Response,acquisitionCondition.maxAcquireCount,Number,false,"annotation=""Not always included""",,"The upper limit for the number of winners as an integer from 1 to 999999. If there is no upper limit, the value is -1. Included when acquisitionCondition.type is lottery.",https://developers.line.biz/en/reference/messaging-api/#get-details-of-a-coupon
messaging-api,Coupon,Get details of a coupon,Response,maxUseCountPerTicket,Number,,,,Number of times the coupon can be used. One of these values: - 1: Only once - -1: No limit,https://developers.line.biz/en/reference/messaging-api/#get-details-of-a-coupon
messaging-api,Coupon,Get details of a coupon,Response,maxTicketPerUser,Number,,,,"Number of coupons each user can acquire. If acquisitionCondition.type is referral, then the number is an integer from 1 to 30. Otherwise, the value is 1.",https://developers.line.biz/en/reference/messaging-api/#get-details-of-a-coupon
messaging-api,Coupon,Get details of a coupon,Response,startTimestamp,Number,,,,Start date and time of the coupon validity period in UNIX time (in seconds).,https://developers.line.biz/en/reference/messaging-api/#get-details-of-a-coupon
messaging-api,Coupon,Get details of a coupon,Response,endTimestamp,Number,,,,End date and time of the coupon validity period in UNIX time (in seconds).,https://developers.line.biz/en/reference/messaging-api/#get-details-of-a-coupon
messaging-api,Coupon,Get details of a coupon,Response,timezone,String,,,,"The timezone is used as the basis for the validity period. One of these values: - ETC_GMT_MINUS_12: (UTC-12:00) Etc/GMT-12 - ETC_GMT_MINUS_11: (UTC-11:00) Etc/GMT-11 - PACIFIC_HONOLULU: (UTC-10:00) Pacific/Honolulu - AMERICA_ANCHORAGE: (UTC-09:00) America/Anchorage - AMERICA_LOS_ANGELES: (UTC-08:00) America/Los_Angeles, Santa_Isabel - AMERICA_PHOENIX: (UTC-07:00) America/Phoenix, Denver - AMERICA_CHICAGO: (UTC-06:00) America/Chicago, Guatemala - AMERICA_NEW_YORK: (UTC-05:00) America/New_York, Indiana/Indianapolis - AMERICA_CARACAS: (UTC-04:30) America/Caracas - AMERICA_SANTIAGO: (UTC-04:00) Am",https://developers.line.biz/en/reference/messaging-api/#get-details-of-a-coupon
messaging-api,Coupon,Get details of a coupon,Response,reward,Object,,,,Reward object containing coupon type information.,https://developers.line.biz/en/reference/messaging-api/#get-details-of-a-coupon
messaging-api,Coupon,Get details of a coupon,Response,visibility,String,,,,"Display coupon in LY Corporation services. One of these values: - PUBLIC: Display. - UNLISTED: Do not display. For more information, see Display coupon in LY Corporation services (only available in Japanese) in LINE for Business.",https://developers.line.biz/en/reference/messaging-api/#get-details-of-a-coupon
messaging-api,Coupon,Get details of a coupon,Response,imageUrl,String,false,"annotation=""Not always included""",,URL of the coupon image.,https://developers.line.biz/en/reference/messaging-api/#get-details-of-a-coupon
messaging-api,Coupon,Get details of a coupon,Response,couponCode,String,false,"annotation=""Not always included""",,Coupon code displayed after opening the coupon.,https://developers.line.biz/en/reference/messaging-api/#get-details-of-a-coupon
messaging-api,Coupon,Get details of a coupon,Response,barcodeImageUrl,String,false,"annotation=""Not always included""",,URL of the barcode image displayed after opening the coupon.,https://developers.line.biz/en/reference/messaging-api/#get-details-of-a-coupon
messaging-api,Coupon,Get details of a coupon,Response,usageCondition,String,false,"annotation=""Not always included""",,Coupon usage conditions.,https://developers.line.biz/en/reference/messaging-api/#get-details-of-a-coupon
messaging-api,Coupon,Get details of a coupon,Response,status,The status of the coupon.,,,,- DRAFT: Draft saved coupon. - RUNNING: Upcoming or valid coupon. - CLOSED: Expired or discontinued coupon.,https://developers.line.biz/en/reference/messaging-api/#get-details-of-a-coupon
messaging-api,Coupon,Get details of a coupon,Response,createdTimestamp,Number,,,,Creation date and time of the coupon in UNIX time (in seconds).,https://developers.line.biz/en/reference/messaging-api/#get-details-of-a-coupon
messaging-api,Coupon,Get details of a coupon,Response,type,String,,,,Coupon type. One of the following values: - discount: Discount - free: Free - gift: Gift - cashBack: Cashback - others: Others,https://developers.line.biz/en/reference/messaging-api/#get-details-of-a-coupon
messaging-api,Coupon,Get details of a coupon,Response,priceInfo,Object,false,"annotation=""Not always included""",,Object containing discount or cashback details. Included when type is discount and cashBack.,https://developers.line.biz/en/reference/messaging-api/#get-details-of-a-coupon
messaging-api,Coupon,Get details of a coupon,Response,priceInfo.type,String,,,,"Type of coupon discount details. When type is discount, one of the following values: - fixed: Display discount amount - percentage: Display discount percentage - explicit: Cross out original price and display discounted price When type is cashBack, one of the following values: - fixed: Display cashback amount - percentage: Display cashback percentage",https://developers.line.biz/en/reference/messaging-api/#get-details-of-a-coupon
messaging-api,Coupon,Get details of a coupon,Response,priceInfo.fixedAmount,Number,false,"annotation=""Not always included""",,The discount amount. Included when priceInfo.type is fixed.,https://developers.line.biz/en/reference/messaging-api/#get-details-of-a-coupon
messaging-api,Coupon,Get details of a coupon,Response,priceInfo.percentage,Number,false,"annotation=""Not always included""",,The discount rate (%). Included when priceInfo.type is percentage.,https://developers.line.biz/en/reference/messaging-api/#get-details-of-a-coupon
messaging-api,Coupon,Get details of a coupon,Response,priceInfo.originalPrice,Number,false,"annotation=""Not always included""",,The price before discount. Included when priceInfo.type is explicit.,https://developers.line.biz/en/reference/messaging-api/#get-details-of-a-coupon
messaging-api,Coupon,Get details of a coupon,Response,priceInfo.priceAfterDiscount,Number,false,"annotation=""Not always included""",,The price after discount. Included when priceInfo.type is explicit.,https://developers.line.biz/en/reference/messaging-api/#get-details-of-a-coupon
messaging-api,Coupon,Get details of a coupon,Response,priceInfo.currency,Number,false,"annotation=""Not always included""",,The currency unit. Automatically set according to the country or region of the LINE Official Account. Included when priceInfo.type is fixed or explicit. - TWD: Taiwan Dollar (Taiwan) - THB: Thai Baht (Thailand) - JPY: Japanese Yen (All other countries and regions),https://developers.line.biz/en/reference/messaging-api/#get-details-of-a-coupon
messaging-api,Users,Get profile,Request headers,Authorization,Bearer {channel access token},true,required,,,https://developers.line.biz/en/reference/messaging-api/#get-profile
messaging-api,Users,Get profile,Path parameters,userId,User ID that is returned in a webhook event object. Do not use the LINE ID found on LINE.,true,required,,,https://developers.line.biz/en/reference/messaging-api/#get-profile
messaging-api,Users,Get profile,Response,displayName,String,,,,User's display name,https://developers.line.biz/en/reference/messaging-api/#get-profile
messaging-api,Users,Get profile,Response,userId,String,,,,User ID,https://developers.line.biz/en/reference/messaging-api/#get-profile
messaging-api,Users,Get profile,Response,language,String,false,"annotation=""Not always included""",,"User's language, as a BCP 47 language tag. Not included in the response if the user hasn't yet consented to the LY Corporation Privacy Policy. e.g. en for English.",https://developers.line.biz/en/reference/messaging-api/#get-profile
messaging-api,Users,Get profile,Response,pictureUrl,String,false,"annotation=""Not always included""",,"Profile image URL. ""https"" image URL. Not included in the response if the user doesn't have a profile image.",https://developers.line.biz/en/reference/messaging-api/#get-profile
messaging-api,Users,Get profile,Response,statusMessage,String,false,"annotation=""Not always included""",,User's status message. Not included in the response if the user doesn't have a status message.,https://developers.line.biz/en/reference/messaging-api/#get-profile
messaging-api,Users,Get a list of users who added your LINE Official Account as a friend,Request headers,Authorization,Bearer {channel access token},true,required,,,https://developers.line.biz/en/reference/messaging-api/#get-a-list-of-users-who-added-your-line-official-account-as-a-friend
messaging-api,Users,Get a list of users who added your LINE Official Account as a friend,Query parameters,limit,Number,false,optional,,The maximum number of user IDs to retrieve in a single request. The default value is 300. Max value: 1000,https://developers.line.biz/en/reference/messaging-api/#get-a-list-of-users-who-added-your-line-official-account-as-a-friend
messaging-api,Users,Get a list of users who added your LINE Official Account as a friend,Query parameters,start,String,false,optional,,"Value of the continuation token found in the next property of the JSON object returned in the response. Include this parameter to get the next array of user IDs. If you can't get all the user IDs in a single request, specify this parameter to get the remaining user IDs.",https://developers.line.biz/en/reference/messaging-api/#get-a-list-of-users-who-added-your-line-official-account-as-a-friend
messaging-api,Users,Get a list of users who added your LINE Official Account as a friend,Response,userIds,Array of strings,,,,"An array of strings indicating user IDs of users that have added the LINE Official Account as a friend. Due to the restrictions on user IDs that can be obtained, the number of user IDs in the userIds property may not reach the maximum number specified by limit, even if the next property is returned. Max: The number specified by limit",https://developers.line.biz/en/reference/messaging-api/#get-a-list-of-users-who-added-your-line-official-account-as-a-friend
messaging-api,Users,Get a list of users who added your LINE Official Account as a friend,Response,next,String,false,"annotation=""Not always included""",,"A continuation token to get the next user IDs. Returned only when there are remaining user IDs that weren't returned in the userIds property in the previous request. The continuation token expires in 24 hours (86,400 seconds).",https://developers.line.biz/en/reference/messaging-api/#get-a-list-of-users-who-added-your-line-official-account-as-a-friend
messaging-api,Membership,Get a user's membership subscription status,Request headers,Authorization,Bearer {channel access token},true,required,,,https://developers.line.biz/en/reference/messaging-api/#get-a-users-membership-subscription-status
messaging-api,Membership,Get a user's membership subscription status,Path parameters,userId,User ID of the user whose membership subscription status you want to view.,true,required,,"For more information on how to get user IDs, see Get user IDs in the Messaging API documentation.",https://developers.line.biz/en/reference/messaging-api/#get-a-users-membership-subscription-status
messaging-api,Membership,Get a user's membership subscription status,Response,subscriptions,Array,,,,An array of memberships.,https://developers.line.biz/en/reference/messaging-api/#get-a-users-membership-subscription-status
messaging-api,Membership,Get a user's membership subscription status,Response,membership,Object,,,,Object containing information about the membership plan.,https://developers.line.biz/en/reference/messaging-api/#get-a-users-membership-subscription-status
messaging-api,Membership,Get a user's membership subscription status,Response,membership.membershipId,Number,,,,Membership plan ID.,https://developers.line.biz/en/reference/messaging-api/#get-a-users-membership-subscription-status
messaging-api,Membership,Get a user's membership subscription status,Response,membership.title,String,,,,Membership plan name.,https://developers.line.biz/en/reference/messaging-api/#get-a-users-membership-subscription-status
messaging-api,Membership,Get a user's membership subscription status,Response,membership.description,String,,,,Membership plan description.,https://developers.line.biz/en/reference/messaging-api/#get-a-users-membership-subscription-status
messaging-api,Membership,Get a user's membership subscription status,Response,membership.benefits,Array of strings,,,,List of membership plan perks. Max number of perks: 5,https://developers.line.biz/en/reference/messaging-api/#get-a-users-membership-subscription-status
messaging-api,Membership,Get a user's membership subscription status,Response,membership.price,Number,,,,Monthly fee for membership plan. (e.g. 1500.00),https://developers.line.biz/en/reference/messaging-api/#get-a-users-membership-subscription-status
messaging-api,Membership,Get a user's membership subscription status,Response,membership.currency,String,,,,The currency of membership.price. One of: - JPY: Japanese Yen - TWD: Taiwan Dollar - THB: Thai Baht,https://developers.line.biz/en/reference/messaging-api/#get-a-users-membership-subscription-status
messaging-api,Membership,Get a user's membership subscription status,Response,user,Object,,,,Object containing user membership subscription information.,https://developers.line.biz/en/reference/messaging-api/#get-a-users-membership-subscription-status
messaging-api,Membership,Get a user's membership subscription status,Response,user.membershipNo,Number,,,,The user's member number in the membership plan.,https://developers.line.biz/en/reference/messaging-api/#get-a-users-membership-subscription-status
messaging-api,Membership,Get a user's membership subscription status,Response,user.joinedTime,Number,,,,UNIX time at which the user subscribed to the membership (in seconds).,https://developers.line.biz/en/reference/messaging-api/#get-a-users-membership-subscription-status
messaging-api,Membership,Get a user's membership subscription status,Response,user.nextBillingDate,String,,,,Next payment date for membership plan. - Format: yyyy-MM-dd (e.g. 2024-02-08) - Timezone: UTC+9,https://developers.line.biz/en/reference/messaging-api/#get-a-users-membership-subscription-status
messaging-api,Membership,Get a user's membership subscription status,Response,user.totalSubscriptionMonths,Number,,,,"The period of time in months that the user has been subscribed to a membership plan. If a user previously canceled and then re-subscribed to the same membership plan, only the period after the re-subscription will be counted.",https://developers.line.biz/en/reference/messaging-api/#get-a-users-membership-subscription-status
messaging-api,Membership,Get a list of users who have joined the membership,Request headers,Authorization,Bearer {channel access token},true,required,,,https://developers.line.biz/en/reference/messaging-api/#get-a-list-of-users-who-have-joined-the-membership
messaging-api,Membership,Get a list of users who have joined the membership,Path parameters,membershipId,Membership ID.,true,required,,,https://developers.line.biz/en/reference/messaging-api/#get-a-list-of-users-who-have-joined-the-membership
messaging-api,Membership,Get a list of users who have joined the membership,Query parameters,limit,Number,false,optional,,The maximum number of user IDs to obtain in a single request. The default value is 300. Max value: 1000,https://developers.line.biz/en/reference/messaging-api/#get-a-list-of-users-who-have-joined-the-membership
messaging-api,Membership,Get a list of users who have joined the membership,Query parameters,start,"The value of the continuation token. This is included in the next property of the JSON object returned in the response. If you can't obtain all of the user IDs in a single request, you can specify this parameter to obtain the remaining array.",false,optional,,,https://developers.line.biz/en/reference/messaging-api/#get-a-list-of-users-who-have-joined-the-membership
messaging-api,Membership,Get a list of users who have joined the membership,Response,userIds,Array of strings,,,,"An array of the user IDs of users who have joined the membership. The number of user IDs contained in the userIds property may not always be the same as the number specified by the limit query parameter, even when the next property is returned, because the user IDs that can be obtained depend on the users' status. For more information, see Restrictions on user IDs that can be obtained. Max: The number specified by the limit query parameter",https://developers.line.biz/en/reference/messaging-api/#get-a-list-of-users-who-have-joined-the-membership
messaging-api,Membership,Get a list of users who have joined the membership,Response,next,String,false,"annotation=""Not always included""",,"Continuation token. Used to obtain the list of the next user IDs. This property is only returned if there are user IDs that couldn't be obtained from the previous response's userIds property. The continuation token expires in 24 hours (86,400 seconds).",https://developers.line.biz/en/reference/messaging-api/#get-a-list-of-users-who-have-joined-the-membership
messaging-api,Membership,Get membership plans being offered,Request headers,Authorization,Bearer {channel access token},true,required,,,https://developers.line.biz/en/reference/messaging-api/#get-membership-plans-being-offered
messaging-api,Membership,Get membership plans being offered,Response,memberships,Array,,,,An array of membership plans being offered. Max number of plans: 5,https://developers.line.biz/en/reference/messaging-api/#get-membership-plans-being-offered
messaging-api,Membership,Get membership plans being offered,Response,memberships[].membershipId,Number,,,,Membership plan ID.,https://developers.line.biz/en/reference/messaging-api/#get-membership-plans-being-offered
messaging-api,Membership,Get membership plans being offered,Response,memberships[].title,String,,,,Membership plan name.,https://developers.line.biz/en/reference/messaging-api/#get-membership-plans-being-offered
messaging-api,Membership,Get membership plans being offered,Response,memberships[].description,String,,,,Membership plan description.,https://developers.line.biz/en/reference/messaging-api/#get-membership-plans-being-offered
messaging-api,Membership,Get membership plans being offered,Response,memberships[].benefits,Array of strings,,,,List of membership plan perks. Max number of perks: 5,https://developers.line.biz/en/reference/messaging-api/#get-membership-plans-being-offered
messaging-api,Membership,Get membership plans being offered,Response,memberships[].price,Number,,,,Monthly fee for membership plan. (e.g. 1500.00),https://developers.line.biz/en/reference/messaging-api/#get-membership-plans-being-offered
messaging-api,Membership,Get membership plans being offered,Response,memberships[].currency,String,,,,The currency of memberships[].price. One of: - JPY: Japanese Yen - TWD: Taiwan Dollar - THB: Thai Baht,https://developers.line.biz/en/reference/messaging-api/#get-membership-plans-being-offered
messaging-api,Membership,Get membership plans being offered,Response,memberships[].memberCount,Number,,,,Number of members subscribed to the membership plan.,https://developers.line.biz/en/reference/messaging-api/#get-membership-plans-being-offered
messaging-api,Membership,Get membership plans being offered,Response,memberships[].memberLimit,Number,,,,"The upper limit of members who can subscribe. If no upper limit is set, it will be null.",https://developers.line.biz/en/reference/messaging-api/#get-membership-plans-being-offered
messaging-api,Membership,Get membership plans being offered,Response,memberships[].isInAppPurchase,Boolean,,,,Payment method for users who subscribe to a membership plan. - true: In-app purchases - false: Browser payments,https://developers.line.biz/en/reference/messaging-api/#get-membership-plans-being-offered
messaging-api,Membership,Get membership plans being offered,Response,memberships[].isPublished,Boolean,,,,"Membership plan status. - true: Public - false: Private (the plan has been discontinued and is no longer public, but still offers perks)",https://developers.line.biz/en/reference/messaging-api/#get-membership-plans-being-offered
messaging-api,LINE Official Account (bot),Get LINE Official Account (bot) info,Request headers,Authorization,Bearer {channel access token},true,required,,,https://developers.line.biz/en/reference/messaging-api/#get-line-official-account-bot-info
messaging-api,LINE Official Account (bot),Get LINE Official Account (bot) info,Response,userId,String,,,,User ID of the LINE Official Account (bot).,https://developers.line.biz/en/reference/messaging-api/#get-line-official-account-bot-info
messaging-api,LINE Official Account (bot),Get LINE Official Account (bot) info,Response,basicId,String,,,,Basic ID of the LINE Official Account (bot).,https://developers.line.biz/en/reference/messaging-api/#get-line-official-account-bot-info
messaging-api,LINE Official Account (bot),Get LINE Official Account (bot) info,Response,premiumId,String,false,"annotation=""Not always included""",,Premium ID of the LINE Official Account (bot). Not included in the response if the premium ID isn't set.,https://developers.line.biz/en/reference/messaging-api/#get-line-official-account-bot-info
messaging-api,LINE Official Account (bot),Get LINE Official Account (bot) info,Response,displayName,String,,,,Display name of the LINE Official Account (bot).,https://developers.line.biz/en/reference/messaging-api/#get-line-official-account-bot-info
messaging-api,LINE Official Account (bot),Get LINE Official Account (bot) info,Response,pictureUrl,String,false,"annotation=""Not always included""",,"Profile image URL. ""https"" image URL. Not included in the response if the LINE Official Account (bot) doesn't have a profile image.",https://developers.line.biz/en/reference/messaging-api/#get-line-official-account-bot-info
messaging-api,LINE Official Account (bot),Get LINE Official Account (bot) info,Response,chatMode,String,,,,"Chat settings set in the LINE Official Account Manager. One of: - chat: Chat is set to ""On"". - bot: Chat is set to ""Off"".",https://developers.line.biz/en/reference/messaging-api/#get-line-official-account-bot-info
messaging-api,LINE Official Account (bot),Get LINE Official Account (bot) info,Response,markAsReadMode,String,,,,"Automatic read setting for messages. If the chat is set to ""Off"", auto is returned. If the chat is set to ""On"", manual is returned. - auto: Auto read setting is enabled. - manual: Auto read setting is disabled.",https://developers.line.biz/en/reference/messaging-api/#get-line-official-account-bot-info
messaging-api,Group chats,Get group chat summary,Request headers,Authorization,Bearer {channel access token},true,required,,,https://developers.line.biz/en/reference/messaging-api/#get-group-chat-summary
messaging-api,Group chats,Get group chat summary,Path parameters,groupId,Group ID. Found in the source object of webhook event objects.,true,required,,,https://developers.line.biz/en/reference/messaging-api/#get-group-chat-summary
messaging-api,Group chats,Get group chat summary,Response,groupId,String,,,,Group ID,https://developers.line.biz/en/reference/messaging-api/#get-group-chat-summary
messaging-api,Group chats,Get group chat summary,Response,groupName,String,,,,Group name,https://developers.line.biz/en/reference/messaging-api/#get-group-chat-summary
messaging-api,Group chats,Get group chat summary,Response,pictureUrl,String,false,"annotation=""Not always included""",,Group icon URL. Not included in the response if the user doesn't set a group profile icon.,https://developers.line.biz/en/reference/messaging-api/#get-group-chat-summary
messaging-api,Group chats,Get number of users in a group chat,Request headers,Authorization,Bearer {channel access token},true,required,,,https://developers.line.biz/en/reference/messaging-api/#get-number-of-users-in-a-group-chat
messaging-api,Group chats,Get number of users in a group chat,Path parameters,groupId,Group ID. Found in the source object of webhook event objects.,true,required,,,https://developers.line.biz/en/reference/messaging-api/#get-number-of-users-in-a-group-chat
messaging-api,Group chats,Get number of users in a group chat,Response,count,Number,,,,The count of members in the group chat. The number returned excludes the LINE Official Account.,https://developers.line.biz/en/reference/messaging-api/#get-number-of-users-in-a-group-chat
messaging-api,Group chats,Get group chat member user IDs,Request headers,Authorization,Bearer {channel access token},true,required,,,https://developers.line.biz/en/reference/messaging-api/#get-group-chat-member-user-ids
messaging-api,Group chats,Get group chat member user IDs,Path parameters,groupId,Group ID. Found in the source object of webhook event objects.,true,required,,,https://developers.line.biz/en/reference/messaging-api/#get-group-chat-member-user-ids
messaging-api,Group chats,Get group chat member user IDs,Query parameters,start,Value of the continuation token found in the next property of the JSON object returned in the response. Include this parameter to get the next array of user IDs for the members of the group.,false,optional,,,https://developers.line.biz/en/reference/messaging-api/#get-group-chat-member-user-ids
messaging-api,Group chats,Get group chat member user IDs,Response,memberIds,Array of strings,,,100,"List of user IDs of members in the group chat. Only users of LINE for iOS and LINE for Android are included in memberIds. For more information, see Consent on getting user profile information. Max: 100 user IDs",https://developers.line.biz/en/reference/messaging-api/#get-group-chat-member-user-ids
messaging-api,Group chats,Get group chat member user IDs,Response,next,String,false,"annotation=""Not always included""",,"A continuation token to get the next array of user IDs of the members in the group chat. Returned only when there are remaining user IDs that were not returned in memberIds in the original request. The continuation token expires in 24 hours (86,400 seconds).",https://developers.line.biz/en/reference/messaging-api/#get-group-chat-member-user-ids
messaging-api,Group chats,Get group chat member profile,Request headers,Authorization,Bearer {channel access token},true,required,,,https://developers.line.biz/en/reference/messaging-api/#get-group-chat-member-profile
messaging-api,Group chats,Get group chat member profile,Path parameters,groupId,Group ID. Found in the source object of webhook event objects.,true,required,,,https://developers.line.biz/en/reference/messaging-api/#get-group-chat-member-profile
messaging-api,Group chats,Get group chat member profile,Path parameters,userId,User ID. Found in the source object of webhook event objects. Do not use the LINE ID used in LINE.,true,required,,,https://developers.line.biz/en/reference/messaging-api/#get-group-chat-member-profile
messaging-api,Group chats,Get group chat member profile,Response,displayName,String,,,,Display name,https://developers.line.biz/en/reference/messaging-api/#get-group-chat-member-profile
messaging-api,Group chats,Get group chat member profile,Response,userId,String,,,,User ID,https://developers.line.biz/en/reference/messaging-api/#get-group-chat-member-profile
messaging-api,Group chats,Get group chat member profile,Response,pictureUrl,String,false,"annotation=""Not always included""",,Profile image URL. Not included in the response if the user doesn't have a profile image.,https://developers.line.biz/en/reference/messaging-api/#get-group-chat-member-profile
messaging-api,Group chats,Leave group chat,Request headers,Authorization,Bearer {channel access token},true,required,,,https://developers.line.biz/en/reference/messaging-api/#leave-group-chat
messaging-api,Group chats,Leave group chat,Path parameters,groupId,Group ID. Found in the source object of webhook event objects.,true,required,,,https://developers.line.biz/en/reference/messaging-api/#leave-group-chat
messaging-api,Multi-person chats,Get number of users in a multi-person chat,Request headers,Authorization,Bearer {channel access token},true,required,,,https://developers.line.biz/en/reference/messaging-api/#get-number-of-users-in-a-multi-person-chat
messaging-api,Multi-person chats,Get number of users in a multi-person chat,Path parameters,roomId,Room ID. Found in the source object of webhook event objects.,true,required,,,https://developers.line.biz/en/reference/messaging-api/#get-number-of-users-in-a-multi-person-chat
messaging-api,Multi-person chats,Get number of users in a multi-person chat,Response,count,Number,,,,The count of members in the multi-person chat. The number returned excludes the LINE Official Account.,https://developers.line.biz/en/reference/messaging-api/#get-number-of-users-in-a-multi-person-chat
messaging-api,Multi-person chats,Get multi-person chat member user IDs,Request headers,Authorization,Bearer {channel access token},true,required,,,https://developers.line.biz/en/reference/messaging-api/#get-multi-person-chat-member-user-ids
messaging-api,Multi-person chats,Get multi-person chat member user IDs,Path parameters,roomId,Room ID. Found in the source object of webhook event objects.,true,required,,,https://developers.line.biz/en/reference/messaging-api/#get-multi-person-chat-member-user-ids
messaging-api,Multi-person chats,Get multi-person chat member user IDs,Query parameters,start,Value of the continuation token found in the next property of the JSON object returned in the response. Include this parameter to get the next array of user IDs for the members of the group.,false,optional,,,https://developers.line.biz/en/reference/messaging-api/#get-multi-person-chat-member-user-ids
messaging-api,Multi-person chats,Get multi-person chat member user IDs,Response,memberIds,Array of strings,,,100,"List of user IDs of the members in the multi-person chat. Only users of LINE for iOS and LINE for Android are included in memberIds. For more information, see Consent on getting user profile information. Max: 100 user IDs",https://developers.line.biz/en/reference/messaging-api/#get-multi-person-chat-member-user-ids
messaging-api,Multi-person chats,Get multi-person chat member user IDs,Response,next,String,false,"annotation=""Not always included""",,"A continuation token to get the next array of user IDs of the members in the multi-person chat. Returned only when there are remaining user IDs that were not returned in memberIds in the original request. The continuation token expires in 24 hours (86,400 seconds).",https://developers.line.biz/en/reference/messaging-api/#get-multi-person-chat-member-user-ids
messaging-api,Multi-person chats,Get multi-person chat member profile,Request headers,Authorization,Bearer {channel access token},true,required,,,https://developers.line.biz/en/reference/messaging-api/#get-multi-person-chat-member-profile
messaging-api,Multi-person chats,Get multi-person chat member profile,Path parameters,roomId,Room ID. Found in the source object of webhook event objects.,true,required,,,https://developers.line.biz/en/reference/messaging-api/#get-multi-person-chat-member-profile
messaging-api,Multi-person chats,Get multi-person chat member profile,Path parameters,userId,User ID. Found in the source object of webhook event objects. Do not use the LINE ID used in LINE.,true,required,,,https://developers.line.biz/en/reference/messaging-api/#get-multi-person-chat-member-profile
messaging-api,Multi-person chats,Get multi-person chat member profile,Response,displayName,String,,,,Display name,https://developers.line.biz/en/reference/messaging-api/#get-multi-person-chat-member-profile
messaging-api,Multi-person chats,Get multi-person chat member profile,Response,userId,String,,,,User ID,https://developers.line.biz/en/reference/messaging-api/#get-multi-person-chat-member-profile
messaging-api,Multi-person chats,Get multi-person chat member profile,Response,pictureUrl,String,false,"annotation=""Not always included""",,Profile image URL. Not included in the response if the user doesn't have a profile image.,https://developers.line.biz/en/reference/messaging-api/#get-multi-person-chat-member-profile
messaging-api,Multi-person chats,Leave multi-person chat,Request headers,Authorization,Bearer {channel access token},true,required,,,https://developers.line.biz/en/reference/messaging-api/#leave-multi-person-chat
messaging-api,Multi-person chats,Leave multi-person chat,Path parameters,roomId,Room ID. Found in the source object of webhook event objects.,true,required,,,https://developers.line.biz/en/reference/messaging-api/#leave-multi-person-chat
messaging-api,Rich menu,Create rich menu,Request headers,Authorization,Bearer {channel access token},true,required,,,https://developers.line.biz/en/reference/messaging-api/#create-rich-menu
messaging-api,Rich menu,Create rich menu,Request headers,Content-Type,application/json,true,required,,,https://developers.line.biz/en/reference/messaging-api/#create-rich-menu
messaging-api,Rich menu,Create rich menu,Response,richMenuId,String,,,,ID of a rich menu. Used when uploading a rich menu image.,https://developers.line.biz/en/reference/messaging-api/#create-rich-menu
messaging-api,Rich menu,Validate rich menu object,Request header,Authorization,Bearer {channel access token},true,required,,,https://developers.line.biz/en/reference/messaging-api/#validate-rich-menu-object
messaging-api,Rich menu,Validate rich menu object,Request header,Content-Type,application/json,true,required,,,https://developers.line.biz/en/reference/messaging-api/#validate-rich-menu-object
messaging-api,Rich menu,Upload rich menu image,Request headers,Authorization,Bearer {channel access token},true,required,,,https://developers.line.biz/en/reference/messaging-api/#upload-rich-menu-image
messaging-api,Rich menu,Upload rich menu image,Request headers,Content-Type,image/jpeg or image/png,true,required,,,https://developers.line.biz/en/reference/messaging-api/#upload-rich-menu-image
messaging-api,Rich menu,Upload rich menu image,Path parameters,richMenuId,The ID of the rich menu to set the image to,true,required,,,https://developers.line.biz/en/reference/messaging-api/#upload-rich-menu-image
messaging-api,Rich menu,Download rich menu image,Request headers,Authorization,Bearer {channel access token},true,required,,,https://developers.line.biz/en/reference/messaging-api/#download-rich-menu-image
messaging-api,Rich menu,Download rich menu image,Path parameters,richMenuId,ID of the rich menu with the image to be downloaded,true,required,,,https://developers.line.biz/en/reference/messaging-api/#download-rich-menu-image
messaging-api,Rich menu,Get rich menu list,Request headers,Authorization,Bearer {channel access token},true,required,,,https://developers.line.biz/en/reference/messaging-api/#get-rich-menu-list
messaging-api,Rich menu,Get rich menu list,Response,richmenus,Array,,,,Array of rich menu response objects,https://developers.line.biz/en/reference/messaging-api/#get-rich-menu-list
messaging-api,Rich menu,Get rich menu,Request headers,Authorization,Bearer {channel access token},true,required,,,https://developers.line.biz/en/reference/messaging-api/#get-rich-menu
messaging-api,Rich menu,Get rich menu,Path parameters,richMenuId,ID of a rich menu,true,required,,,https://developers.line.biz/en/reference/messaging-api/#get-rich-menu
messaging-api,Rich menu,Delete rich menu,Request headers,Authorization,Bearer {channel access token},true,required,,,https://developers.line.biz/en/reference/messaging-api/#delete-rich-menu
messaging-api,Rich menu,Delete rich menu,Path parameters,richMenuId,ID of a rich menu,true,required,,,https://developers.line.biz/en/reference/messaging-api/#delete-rich-menu
messaging-api,Rich menu,Set default rich menu,Request headers,Authorization,Bearer {channel access token},true,required,,,https://developers.line.biz/en/reference/messaging-api/#set-default-rich-menu
messaging-api,Rich menu,Set default rich menu,Path parameters,richMenuId,ID of a rich menu,true,required,,,https://developers.line.biz/en/reference/messaging-api/#set-default-rich-menu
messaging-api,Rich menu,Get default rich menu ID,Request headers,Authorization,Bearer {channel access token},true,required,,,https://developers.line.biz/en/reference/messaging-api/#get-default-rich-menu-id
messaging-api,Rich menu,Get default rich menu ID,Response,richMenuId,String,,,,ID of a rich menu,https://developers.line.biz/en/reference/messaging-api/#get-default-rich-menu-id
messaging-api,Rich menu,Clear default rich menu,Request headers,Authorization,Bearer {channel access token},true,required,,,https://developers.line.biz/en/reference/messaging-api/#clear-default-rich-menu
messaging-api,Per-user rich menu,Link rich menu to user,Request headers,Authorization,Bearer {channel access token},true,required,,,https://developers.line.biz/en/reference/messaging-api/#link-rich-menu-to-user
messaging-api,Per-user rich menu,Link rich menu to user,Path parameters,richMenuId,ID of a rich menu,true,required,,,https://developers.line.biz/en/reference/messaging-api/#link-rich-menu-to-user
messaging-api,Per-user rich menu,Link rich menu to user,Path parameters,userId,User ID. Found in the source object of webhook event objects. Do not use the LINE ID used in LINE.,true,required,,,https://developers.line.biz/en/reference/messaging-api/#link-rich-menu-to-user
messaging-api,Per-user rich menu,Link rich menu to multiple users,Request headers,Authorization,Bearer {channel access token},true,required,,,https://developers.line.biz/en/reference/messaging-api/#link-rich-menu-to-multiple-users
messaging-api,Per-user rich menu,Link rich menu to multiple users,Request headers,Content-Type,application/json,true,required,,,https://developers.line.biz/en/reference/messaging-api/#link-rich-menu-to-multiple-users
messaging-api,Per-user rich menu,Link rich menu to multiple users,Request body,richMenuId,String,true,required,,ID of a rich menu,https://developers.line.biz/en/reference/messaging-api/#link-rich-menu-to-multiple-users
messaging-api,Per-user rich menu,Link rich menu to multiple users,Request body,userIds,Array of strings,true,required,500,Array of user IDs. Found in the source object of webhook event objects. Do not use the LINE ID used in LINE. Max: 500 user IDs,https://developers.line.biz/en/reference/messaging-api/#link-rich-menu-to-multiple-users
messaging-api,Per-user rich menu,Get rich menu ID of user,Request headers,Authorization,Bearer {channel access token},true,required,,,https://developers.line.biz/en/reference/messaging-api/#get-rich-menu-id-of-user
messaging-api,Per-user rich menu,Get rich menu ID of user,Path parameters,userId,User ID. Found in the source object of webhook event objects. Do not use the LINE ID used in LINE.,true,required,,,https://developers.line.biz/en/reference/messaging-api/#get-rich-menu-id-of-user
messaging-api,Per-user rich menu,Get rich menu ID of user,Response,richMenuId,String,,,,ID of a rich menu,https://developers.line.biz/en/reference/messaging-api/#get-rich-menu-id-of-user
messaging-api,Per-user rich menu,Unlink rich menu from user,Request headers,Authorization,Bearer {channel access token},true,required,,,https://developers.line.biz/en/reference/messaging-api/#unlink-rich-menu-from-user
messaging-api,Per-user rich menu,Unlink rich menu from user,Path parameters,userId,User ID. Found in the source object of webhook event objects. Do not use the LINE ID used in LINE.,true,required,,,https://developers.line.biz/en/reference/messaging-api/#unlink-rich-menu-from-user
messaging-api,Per-user rich menu,Unlink rich menus from multiple users,Request headers,Content-Type,application/json,true,required,,,https://developers.line.biz/en/reference/messaging-api/#unlink-rich-menus-from-multiple-users
messaging-api,Per-user rich menu,Unlink rich menus from multiple users,Request headers,Authorization,Bearer {channel access token},true,required,,,https://developers.line.biz/en/reference/messaging-api/#unlink-rich-menus-from-multiple-users
messaging-api,Per-user rich menu,Unlink rich menus from multiple users,Request body,userIds,Array of strings,true,required,500,Array of user IDs. Found in the source object of webhook event objects. Do not use the LINE ID used in LINE. Max: 500 user IDs,https://developers.line.biz/en/reference/messaging-api/#unlink-rich-menus-from-multiple-users
messaging-api,Per-user rich menu,Replace or unlink the linked rich menus in batches,Request headers,Authorization,Bearer {channel access token},true,required,,,https://developers.line.biz/en/reference/messaging-api/#replace-or-unlink-the-linked-rich-menus-in-batches
messaging-api,Per-user rich menu,Replace or unlink the linked rich menus in batches,Request body,operations,Array of Rich menu operation object,true,required,"1,000","Specifies batch operations for rich menus. Max: 1,000 objects",https://developers.line.biz/en/reference/messaging-api/#replace-or-unlink-the-linked-rich-menus-in-batches
messaging-api,Per-user rich menu,Replace or unlink the linked rich menus in batches,Request body,resumeRequestKey,String,false,optional,,"Key for retry. Key value is a string matching the regular expression pattern [0-9a-zA-Z-_]{1,100}.",https://developers.line.biz/en/reference/messaging-api/#replace-or-unlink-the-linked-rich-menus-in-batches
messaging-api,Per-user rich menu,Replace or unlink the linked rich menus in batches,Request body,type,String,true,required,,"Operation to the rich menu linked to the user. One of: - link: Replace the rich menu with the rich menu specified in the to property for all users linked to the rich menu specified in the from property. - unlink: Unlink the rich menu for all users linked to the rich menu specified in the from property. - unlinkAll: Unlink the rich menu from all users linked to the rich menu. If you specify unlinkAll, type other than unlinkAll can't be included in the operations property.",https://developers.line.biz/en/reference/messaging-api/#replace-or-unlink-the-linked-rich-menus-in-batches
messaging-api,Per-user rich menu,Replace or unlink the linked rich menus in batches,Request body,from,String,false,"annotation=""Required if type is link or unlink""",,"ID of a rich menu. Specify the ID of the rich menu before replacement or the ID of the rich menu to unlink. If you specify multiple operations in the operations property, you can't specify the ID of the same rich menu in multiple from properties.",https://developers.line.biz/en/reference/messaging-api/#replace-or-unlink-the-linked-rich-menus-in-batches
messaging-api,Per-user rich menu,Replace or unlink the linked rich menus in batches,Request body,to,String,false,"annotation=""Required if type is link""",,ID of a rich menu. Specify the ID of the rich menu to be replaced.,https://developers.line.biz/en/reference/messaging-api/#replace-or-unlink-the-linked-rich-menus-in-batches
messaging-api,Per-user rich menu,Get the status of rich menu batch control,Request headers,Authorization,Bearer {channel access token},true,required,,,https://developers.line.biz/en/reference/messaging-api/#get-the-status-of-rich-menu-batch-control
messaging-api,Per-user rich menu,Get the status of rich menu batch control,Query parameters,requestId,A request ID used to batch control the rich menu linked to the user. Each Messaging API request has a request ID. Find it in the response headers.,true,required,,,https://developers.line.biz/en/reference/messaging-api/#get-the-status-of-rich-menu-batch-control
messaging-api,Per-user rich menu,Get the status of rich menu batch control,Response,phase,String,,,,"The current status. One of: - ongoing: Rich menu batch control is in progress. - succeeded: Rich menu batch control is complete. - failed: Rich menu batch control failed. This means that the rich menu for one or more users couldn't be controlled. There may also be users whose operations have been successfully completed.<br><br>By specifying a retry key in your initial request, you can safely retry failed operations. For more information, see How to avoid unintended operations when retrying.",https://developers.line.biz/en/reference/messaging-api/#get-the-status-of-rich-menu-batch-control
messaging-api,Per-user rich menu,Get the status of rich menu batch control,Response,acceptedTime,String,,,,The accepted time in milliseconds of the request of batch control the rich menu. - Format: ISO 8601 (e.g. 2020-12-03T10:15:30.121Z) - Timezone: UTC,https://developers.line.biz/en/reference/messaging-api/#get-the-status-of-rich-menu-batch-control
messaging-api,Per-user rich menu,Get the status of rich menu batch control,Response,completedTime,String,false,"annotation=""Not always included""",,The completed time in milliseconds of rich menu batch control. Returned when the phase property is succeeded or failed. - Format: ISO 8601 (e.g. 2020-12-03T10:15:30.121Z) - Timezone: UTC,https://developers.line.biz/en/reference/messaging-api/#get-the-status-of-rich-menu-batch-control
messaging-api,Per-user rich menu,Validate a request of rich menu batch control,Request headers,Authorization,Bearer {channel access token},true,required,,,https://developers.line.biz/en/reference/messaging-api/#validate-a-request-of-rich-menu-batch-control
messaging-api,Per-user rich menu,Validate a request of rich menu batch control,Request body,operations,Array of Rich menu operation object,true,required,"1,000","Defines the batch operation to the rich menu. Max: 1,000 objects",https://developers.line.biz/en/reference/messaging-api/#validate-a-request-of-rich-menu-batch-control
messaging-api,Per-user rich menu,Validate a request of rich menu batch control,Request body,resumeRequestKey,String,false,optional,,"Key for retry. Key value is a string matching the regular expression pattern [0-9a-zA-Z-_]{1,100}.",https://developers.line.biz/en/reference/messaging-api/#validate-a-request-of-rich-menu-batch-control
messaging-api,Rich menu alias,Create rich menu alias,Request header,Authorization,Bearer {channel access token},true,required,,,https://developers.line.biz/en/reference/messaging-api/#create-rich-menu-alias
messaging-api,Rich menu alias,Create rich menu alias,Request header,Content-Type,application/json,true,required,,,https://developers.line.biz/en/reference/messaging-api/#create-rich-menu-alias
messaging-api,Rich menu alias,Create rich menu alias,Request body,richMenuAliasId,String,true,required,32,"Rich menu alias ID, which can be any ID, unique for each channel. - Max character limit: 32 - Supported character types: Half-width alphanumeric characters (a-z, 0-9), underscore (_), and hyphen (-)",https://developers.line.biz/en/reference/messaging-api/#create-rich-menu-alias
messaging-api,Rich menu alias,Create rich menu alias,Request body,richMenuId,String,true,required,,The rich menu ID to be associated with the rich menu alias. About rich menus that can be associated Rich menu aliases can only be associated with rich menus created in the same channel.,https://developers.line.biz/en/reference/messaging-api/#create-rich-menu-alias
messaging-api,Rich menu alias,Delete rich menu alias,Request header,Authorization,Bearer {channel access token},true,required,,,https://developers.line.biz/en/reference/messaging-api/#delete-rich-menu-alias
messaging-api,Rich menu alias,Delete rich menu alias,Path parameter,richMenuAliasId,Rich menu alias ID that you want to delete.,true,required,,,https://developers.line.biz/en/reference/messaging-api/#delete-rich-menu-alias
messaging-api,Rich menu alias,Update rich menu alias,Request header,Authorization,Bearer {channel access token},true,required,,,https://developers.line.biz/en/reference/messaging-api/#update-rich-menu-alias
messaging-api,Rich menu alias,Update rich menu alias,Request header,Content-Type,application/json,true,required,,,https://developers.line.biz/en/reference/messaging-api/#update-rich-menu-alias
messaging-api,Rich menu alias,Update rich menu alias,Path parameter,richMenuAliasId,The rich menu alias ID you want to update.,true,required,,,https://developers.line.biz/en/reference/messaging-api/#update-rich-menu-alias
messaging-api,Rich menu alias,Update rich menu alias,Request body,richMenuId,String,true,required,,The rich menu ID to be associated with the rich menu alias About rich menus that can be associated Rich menu aliases can only be associated with rich menus created in the same channel.,https://developers.line.biz/en/reference/messaging-api/#update-rich-menu-alias
messaging-api,Rich menu alias,Get rich menu alias information,Request header,Authorization,Bearer {channel access token},true,required,,,https://developers.line.biz/en/reference/messaging-api/#get-rich-menu-alias-information
messaging-api,Rich menu alias,Get rich menu alias information,Path parameter,richMenuAliasId,The rich menu alias ID whose information you want to obtain.,true,required,,,https://developers.line.biz/en/reference/messaging-api/#get-rich-menu-alias-information
messaging-api,Rich menu alias,Get rich menu alias information,Response,richMenuAliasId,String,,,,Rich menu alias ID.,https://developers.line.biz/en/reference/messaging-api/#get-rich-menu-alias-information
messaging-api,Rich menu alias,Get rich menu alias information,Response,richMenuId,String,,,,The rich menu ID associated with the rich menu alias.,https://developers.line.biz/en/reference/messaging-api/#get-rich-menu-alias-information
messaging-api,Rich menu alias,Get list of rich menu alias,Request header,Authorization,Bearer {channel access token},true,required,,,https://developers.line.biz/en/reference/messaging-api/#get-list-of-rich-menu-alias
messaging-api,Rich menu alias,Get list of rich menu alias,Response,aliases[].richMenuAliasId,String,,,,Rich menu alias ID.,https://developers.line.biz/en/reference/messaging-api/#get-list-of-rich-menu-alias
messaging-api,Rich menu alias,Get list of rich menu alias,Response,aliases[].richMenuId,String,,,,The rich menu ID associated with the rich menu alias.,https://developers.line.biz/en/reference/messaging-api/#get-list-of-rich-menu-alias
messaging-api,Account link,Issue link token,Request headers,Authorization,Bearer {channel access token},true,required,,,https://developers.line.biz/en/reference/messaging-api/#issue-link-token
messaging-api,Account link,Issue link token,Path parameters,userId,User ID for the LINE account to be linked. Found in the source object of account link event objects. Do not use the LINE ID used in LINE.,true,required,,,https://developers.line.biz/en/reference/messaging-api/#issue-link-token
messaging-api,Account link,Issue link token,Response,linkToken,String,,,,Link token. Link tokens are valid for 10 minutes and can only be used once. Note The validity period may change without notice.,https://developers.line.biz/en/reference/messaging-api/#issue-link-token
messaging-api,Message objects,Common properties for messages,Quick reply,quickReply,Object,false,optional,,items object,https://developers.line.biz/en/reference/messaging-api/#common-properties-for-messages
messaging-api,Message objects,Common properties for messages,Quick reply,items,Array of objects,true,required,13,Quick reply button objects. Max: 13 objects,https://developers.line.biz/en/reference/messaging-api/#common-properties-for-messages
messaging-api,Message objects,Common properties for messages,Quick reply,type,String,true,required,,action,https://developers.line.biz/en/reference/messaging-api/#common-properties-for-messages
messaging-api,Message objects,Common properties for messages,Quick reply,imageUrl,String,false,optional,2000,"URL of the icon that is displayed at the beginning of the button (Max character limit: 2000) Protocol: HTTPS (TLS 1.2 or later) Image format: PNG Aspect ratio: 1:1 (width : height) Max file size: 1 MB There is no limit on the image size. If the action property has a camera action, camera roll action, or location action, and the imageUrl property is not set, the default icon is displayed. The URL should be percent-encoded using UTF-8. For more information, see About the encoding of a URL specified in a request body property.",https://developers.line.biz/en/reference/messaging-api/#common-properties-for-messages
messaging-api,Message objects,Common properties for messages,Quick reply,action,Object,true,required,,Action performed when this button is tapped. Specify an action object. The following is a list of the available actions: - Postback action - Message action - URI action - Datetime picker action - Camera action - Camera roll action - Location action - Clipboard action,https://developers.line.biz/en/reference/messaging-api/#common-properties-for-messages
messaging-api,Message objects,Common properties for messages,Customize icon and display name,sender.name,String,false,optional,20,Display name. Certain words such as LINE may not be used. Max character limit: 20,https://developers.line.biz/en/reference/messaging-api/#common-properties-for-messages
messaging-api,Message objects,Common properties for messages,Customize icon and display name,sender.iconUrl,String,false,optional,2000,"URL of the image to display as an icon when sending a message (Max character limit: 2000) Protocol: HTTPS (TLS 1.2 or later) Image format: PNG Aspect ratio: 1:1 (width : height) Max file size: 1 MB The URL should be percent-encoded using UTF-8. For more information, see About the encoding of a URL specified in a request body property.",https://developers.line.biz/en/reference/messaging-api/#common-properties-for-messages
messaging-api,Message objects,Text message,,type,String,true,required,,text,https://developers.line.biz/en/reference/messaging-api/#text-message
messaging-api,Message objects,Text message,,text,String,true,required,5000,"Message text. You can include the following emoji: - LINE emojis. Use a $ character as a placeholder and specify the product ID and emoji ID of the LINE emoji you want to use in the emojis property. For more information, see LINE emoji. - Unicode emojis Max character limit: 5000 &quot;LINE original unicode emojis&quot; has been discontinued as of March 31, 2022 Use ""LINE Emoji"" with the emojis property instead of ""LINE original unicode emojis"". For more information, see the news from April 1, 2022, ""LINE original unicode emojis"" of the Messaging API has been discontinued as of March 31, 2022 a",https://developers.line.biz/en/reference/messaging-api/#text-message
messaging-api,Message objects,Text message,,emojis,Array of LINE emoji objects,false,optional,20,One or more LINE emoji. Max: 20 LINE emoji,https://developers.line.biz/en/reference/messaging-api/#text-message
messaging-api,Message objects,Text message,,emojis.index,Number,false,optional,,"The index position for $ indicating the placeholder for LINE emojis in text, with the first character being at position 0. See the text message example for details. Note If you specify a position that doesn't match the position of $, the API returns HTTP 400 Bad request.",https://developers.line.biz/en/reference/messaging-api/#text-message
messaging-api,Message objects,Text message,,emojis.productId,String,false,optional,,"Product ID for a set of LINE emoji. For more information on product IDs, see LINE emoji.",https://developers.line.biz/en/reference/messaging-api/#text-message
messaging-api,Message objects,Text message,,emojis.emojiId,String,false,optional,,"Emoji ID. For more information on emoji IDs for LINE emojis that are sendable with the Messaging API, see LINE emoji.",https://developers.line.biz/en/reference/messaging-api/#text-message
messaging-api,Message objects,Text message,,quoteToken,String,false,optional,,"Quote token of the message you want to quote. For more information, see Get quote tokens in the Messaging API documentation.",https://developers.line.biz/en/reference/messaging-api/#text-message
messaging-api,Message objects,Text message (v2),,type,String,true,required,,textV2,https://developers.line.biz/en/reference/messaging-api/#text-message-v2
messaging-api,Message objects,Text message (v2),,text,String,true,required,5000,"Message text. You can use the substitution property to substitute strings enclosed in { and } with mentions or emojis. If you want to use { and } as strings, escape them with {{ and }}. Also, note the following when using { and }: - { and } must be used in pairs. - The substitution content of the string enclosed in { and } must be specified using the substitution property. Max character limit: 5000",https://developers.line.biz/en/reference/messaging-api/#text-message-v2
messaging-api,Message objects,Text message (v2),,substitution,Object,false,optional,,"An object that specifies the substitution content for the part enclosed in { and } of the text property. Characters that can be used for object keys are half-width alphanumeric characters (0-9a-zA-Z) and underscore (_). In addition, the maximum length of the key is 20 characters. You can specify mention objects or emoji objects for object values. Max number of objects: 100",https://developers.line.biz/en/reference/messaging-api/#text-message-v2
messaging-api,Message objects,Text message (v2),,quoteToken,String,false,optional,,"Quote token of the message you want to quote. For more information, see Get quote tokens in the Messaging API documentation.",https://developers.line.biz/en/reference/messaging-api/#text-message-v2
messaging-api,Message objects,Text message (v2),Mention object,type,String,true,required,,mention,https://developers.line.biz/en/reference/messaging-api/#text-message-v2
messaging-api,Message objects,Text message (v2),Mention object,mentionee,Object,true,required,,The object to be mentioned. Specify either the user object or the all-mention object.,https://developers.line.biz/en/reference/messaging-api/#text-message-v2
messaging-api,Message objects,Text message (v2),Mention object,type,String,true,required,,user,https://developers.line.biz/en/reference/messaging-api/#text-message-v2
messaging-api,Message objects,Text message (v2),Mention object,userId,String,true,required,,Use ID of the user to be mentioned. You can't specify the user ID of a LINE Bot.,https://developers.line.biz/en/reference/messaging-api/#text-message-v2
messaging-api,Message objects,Text message (v2),Mention object,type,String,true,required,,all,https://developers.line.biz/en/reference/messaging-api/#text-message-v2
messaging-api,Message objects,Text message (v2),Emoji object,type,String,true,required,,emoji,https://developers.line.biz/en/reference/messaging-api/#text-message-v2
messaging-api,Message objects,Text message (v2),Emoji object,productId,String,true,required,,"Product ID for a set of LINE emoji. For more information on product IDs, see LINE emoji in the Messaging API documentation.",https://developers.line.biz/en/reference/messaging-api/#text-message-v2
messaging-api,Message objects,Text message (v2),Emoji object,emojiId,String,true,required,,"Emoji ID. For more information on emoji IDs for LINE emojis that are sendable with the Messaging API, see LINE emoji in the Messaging API documentation.",https://developers.line.biz/en/reference/messaging-api/#text-message-v2
messaging-api,Message objects,Sticker message,,type,String,true,required,,sticker,https://developers.line.biz/en/reference/messaging-api/#sticker-message
messaging-api,Message objects,Sticker message,,packageId,String,true,required,,"Package ID for a set of stickers. For information on package IDs, see the Stickers.",https://developers.line.biz/en/reference/messaging-api/#sticker-message
messaging-api,Message objects,Sticker message,,stickerId,String,true,required,,"Sticker ID. For a list of sticker IDs for stickers that can be sent with the Messaging API, see the Stickers.",https://developers.line.biz/en/reference/messaging-api/#sticker-message
messaging-api,Message objects,Sticker message,,quoteToken,String,false,optional,,"Quote token of the message you want to quote. For more information, see Get quote tokens in the Messaging API documentation.",https://developers.line.biz/en/reference/messaging-api/#sticker-message
messaging-api,Message objects,Image message,,type,String,true,required,,image,https://developers.line.biz/en/reference/messaging-api/#image-message
messaging-api,Message objects,Image message,,originalContentUrl,String,true,required,2000,"Image file URL (Max character limit: 2000) Protocol: HTTPS (TLS 1.2 or later) Image format: JPEG or PNG Max file size: 10 MB The URL should be percent-encoded using UTF-8. For more information, see About the encoding of a URL specified in a request body property.",https://developers.line.biz/en/reference/messaging-api/#image-message
messaging-api,Message objects,Image message,,previewImageUrl,String,true,required,2000,"Preview image URL (Max character limit: 2000) Protocol: HTTPS (TLS 1.2 or later) Image format: JPEG or PNG Max file size: 1 MB The URL should be percent-encoded using UTF-8. For more information, see About the encoding of a URL specified in a request body property. Depending on the situation of a user device, the image of the originalContentUrl property may be used as the preview image.",https://developers.line.biz/en/reference/messaging-api/#image-message
messaging-api,Message objects,Video message,,type,String,true,required,,video,https://developers.line.biz/en/reference/messaging-api/#video-message
messaging-api,Message objects,Video message,,originalContentUrl,String,true,required,2000,"Video file URL (Max character limit: 2000) Protocol: HTTPS (TLS 1.2 or later) Video format: mp4 Max file size: 200 MB The URL should be percent-encoded using UTF-8. For more information, see About the encoding of a URL specified in a request body property.",https://developers.line.biz/en/reference/messaging-api/#video-message
messaging-api,Message objects,Video message,,previewImageUrl,String,true,required,2000,"Preview image URL (Max character limit: 2000) Protocol: HTTPS (TLS 1.2 or later) Image format: JPEG or PNG Max file size: 1 MB The URL should be percent-encoded using UTF-8. For more information, see About the encoding of a URL specified in a request body property.",https://developers.line.biz/en/reference/messaging-api/#video-message
messaging-api,Message objects,Video message,,trackingId,String,false,optional,100,"ID used to identify the video when Video viewing complete event occurs. If you send a video message with trackingId added, the video viewing complete event occurs when the user finishes watching the video. You can use the same ID in multiple messages. - Max character limit: 100 - Supported character types: Half-width alphanumeric characters (a-z, A-Z, 0-9) and symbols (-.=,+()%$&;:@{}!?<>[]) Note You can't use the trackingId property in messages addressed to group chats or multi-person chats.",https://developers.line.biz/en/reference/messaging-api/#video-message
messaging-api,Message objects,Audio message,,type,String,true,required,,audio,https://developers.line.biz/en/reference/messaging-api/#audio-message
messaging-api,Message objects,Audio message,,originalContentUrl,String,true,required,2000,"Audio file URL (Max character limit: 2000) Protocol: HTTPS (TLS 1.2 or later) Audio format: mp3 or m4a Max file size: 200 MB The URL should be percent-encoded using UTF-8. For more information, see About the encoding of a URL specified in a request body property.",https://developers.line.biz/en/reference/messaging-api/#audio-message
messaging-api,Message objects,Audio message,,duration,Number,true,required,,Length of audio file (milliseconds),https://developers.line.biz/en/reference/messaging-api/#audio-message
messaging-api,Message objects,Location message,,type,String,true,required,,location,https://developers.line.biz/en/reference/messaging-api/#location-message
messaging-api,Message objects,Location message,,title,String,true,required,100,Title Max character limit: 100,https://developers.line.biz/en/reference/messaging-api/#location-message
messaging-api,Message objects,Location message,,address,String,true,required,100,Address Max character limit: 100,https://developers.line.biz/en/reference/messaging-api/#location-message
messaging-api,Message objects,Location message,,latitude,Decimal,true,required,,Latitude,https://developers.line.biz/en/reference/messaging-api/#location-message
messaging-api,Message objects,Location message,,longitude,Decimal,true,required,,Longitude,https://developers.line.biz/en/reference/messaging-api/#location-message
messaging-api,Message objects,Coupon message,,type,String,true,required,,coupon,https://developers.line.biz/en/reference/messaging-api/#coupon-message
messaging-api,Message objects,Coupon message,,couponId,String,true,required,,Coupon ID. You can obtain the coupon ID (couponId) in the response when you create a coupon. You can also check coupon ID in the endpoint to get a list of coupons.,https://developers.line.biz/en/reference/messaging-api/#coupon-message
messaging-api,Message objects,Coupon message,,deliveryTag,String,false,optional,30,"Name of the coupon display path. Max character limit: 30 Supported character types: Half-width alphanumeric characters (a-z, A-Z, 0-9) and underscore (_) If you don't specify deliveryTag, the path will be displayed as Unknown. For more information, see Insight - Coupons (only available in Japanese) in LINE for Business.",https://developers.line.biz/en/reference/messaging-api/#coupon-message
messaging-api,Message objects,Imagemap message,,type,String,true,required,,imagemap,https://developers.line.biz/en/reference/messaging-api/#imagemap-message
messaging-api,Message objects,Imagemap message,,baseUrl,String,true,required,2000,"Image base URL (Max character limit: 2000) Protocol: HTTPS (TLS 1.2 or later) For more information about supported images in imagemap messages, see How to configure an image. The URL should be percent-encoded using UTF-8. For more information, see About the encoding of a URL specified in a request body property.",https://developers.line.biz/en/reference/messaging-api/#imagemap-message
messaging-api,Message objects,Imagemap message,,altText,String,true,required,1500,"Alternative text. When a user receives a message, it will appear as an alternative to the image in the notification or chat list of their device. You can include Unicode emojis. Max character limit: 1500",https://developers.line.biz/en/reference/messaging-api/#imagemap-message
messaging-api,Message objects,Imagemap message,,baseSize.width,Number,true,required,,Width of base image in pixels. Set to 1040.,https://developers.line.biz/en/reference/messaging-api/#imagemap-message
messaging-api,Message objects,Imagemap message,,baseSize.height,Number,true,required,,Height of base image. Set to the height that corresponds to a width of 1040 pixels.,https://developers.line.biz/en/reference/messaging-api/#imagemap-message
messaging-api,Message objects,Imagemap message,,video.originalContentUrl,String,false,"annotation=""*1""",2000,"Video file URL (Max character limit: 2000) Protocol: HTTPS (TLS 1.2 or later) Video format: mp4 Max file size: 200 MB The URL should be percent-encoded using UTF-8. For more information, see About the encoding of a URL specified in a request body property. Note A very wide or tall video may be cropped when played in some environments.",https://developers.line.biz/en/reference/messaging-api/#imagemap-message
messaging-api,Message objects,Imagemap message,,video.previewImageUrl,String,false,"annotation=""*1""",2000,"Preview image URL (Max character limit: 2000) Protocol: HTTPS (TLS 1.2 or later) Image format: JPEG or PNG Max file size: 1 MB The URL should be percent-encoded using UTF-8. For more information, see About the encoding of a URL specified in a request body property.",https://developers.line.biz/en/reference/messaging-api/#imagemap-message
messaging-api,Message objects,Imagemap message,,video.area.x,Number,false,"annotation=""*1""",,Horizontal position of the video area relative to the left edge of the imagemap area. Value must be 0 or higher.,https://developers.line.biz/en/reference/messaging-api/#imagemap-message
messaging-api,Message objects,Imagemap message,,video.area.y,Number,false,"annotation=""*1""",,Vertical position of the video area relative to the top of the imagemap area. Value must be 0 or higher.,https://developers.line.biz/en/reference/messaging-api/#imagemap-message
messaging-api,Message objects,Imagemap message,,video.area.width,Number,false,"annotation=""*1""",,Width of the video area,https://developers.line.biz/en/reference/messaging-api/#imagemap-message
messaging-api,Message objects,Imagemap message,,video.area.height,Number,false,"annotation=""*1""",,Height of the video area,https://developers.line.biz/en/reference/messaging-api/#imagemap-message
messaging-api,Message objects,Imagemap message,,video.externalLink.linkUri,String,false,"annotation=""*2""",1000,"Webpage URL. Called when the label displayed after the video is tapped. Max character limit: 1000 The available schemes are http, https, line, and tel. For more information about the LINE URL scheme, see Use LINE features with the LINE URL scheme. The URL should be percent-encoded using UTF-8. For more information, see About the encoding of a URL specified in a request body property.",https://developers.line.biz/en/reference/messaging-api/#imagemap-message
messaging-api,Message objects,Imagemap message,,video.externalLink.label,String,false,"annotation=""*2""",30,Label. Displayed after the video is finished. Max character limit: 30,https://developers.line.biz/en/reference/messaging-api/#imagemap-message
messaging-api,Message objects,Imagemap message,,actions,Array of imagemap action objects,true,required,50,Action when tapped Max: 50,https://developers.line.biz/en/reference/messaging-api/#imagemap-message
messaging-api,Message objects,Imagemap message,Imagemap action objects,type,String,true,required,,uri,https://developers.line.biz/en/reference/messaging-api/#imagemap-message
messaging-api,Message objects,Imagemap message,Imagemap action objects,label,String,false,optional,100,Label for the action. Spoken when the accessibility feature is enabled on the client device. Max character limit: 100,https://developers.line.biz/en/reference/messaging-api/#imagemap-message
messaging-api,Message objects,Imagemap message,Imagemap action objects,linkUri,String,true,required,1000,"Webpage URL Max character limit: 1000 The available schemes are http, https, line, and tel. For more information about the LINE URL scheme, see Use LINE features with the LINE URL scheme. The URL should be percent-encoded using UTF-8. For more information, see About the encoding of a URL specified in a request body property.",https://developers.line.biz/en/reference/messaging-api/#imagemap-message
messaging-api,Message objects,Imagemap message,Imagemap action objects,area,Imagemap area object,true,required,,Defined tappable area,https://developers.line.biz/en/reference/messaging-api/#imagemap-message
messaging-api,Message objects,Imagemap message,Imagemap action objects,type,String,true,required,,message,https://developers.line.biz/en/reference/messaging-api/#imagemap-message
messaging-api,Message objects,Imagemap message,Imagemap action objects,label,String,false,optional,100,Label for the action. Spoken when the accessibility feature is enabled on the client device. Max character limit: 100,https://developers.line.biz/en/reference/messaging-api/#imagemap-message
messaging-api,Message objects,Imagemap message,Imagemap action objects,text,String,true,required,400,Message to send Max character limit: 400,https://developers.line.biz/en/reference/messaging-api/#imagemap-message
messaging-api,Message objects,Imagemap message,Imagemap action objects,area,Imagemap area object,true,required,,Defined tappable area,https://developers.line.biz/en/reference/messaging-api/#imagemap-message
messaging-api,Message objects,Imagemap message,Imagemap action objects,type,String,true,required,,clipboard,https://developers.line.biz/en/reference/messaging-api/#imagemap-message
messaging-api,Message objects,Imagemap message,Imagemap action objects,label,String,false,optional,100,Label for the action. Spoken when the accessibility feature is enabled on the client device. Max character limit: 100,https://developers.line.biz/en/reference/messaging-api/#imagemap-message
messaging-api,Message objects,Imagemap message,Imagemap action objects,clipboardText,String,true,required,1000,Text that is copied to the clipboard - Max character limit: 1000,https://developers.line.biz/en/reference/messaging-api/#imagemap-message
messaging-api,Message objects,Imagemap message,Imagemap action objects,area,Imagemap area object,true,required,,Defined tappable area,https://developers.line.biz/en/reference/messaging-api/#imagemap-message
messaging-api,Message objects,Imagemap message,Imagemap action objects,x,Number,true,required,,Horizontal position relative to the left edge of the area. Value must be 0 or higher.,https://developers.line.biz/en/reference/messaging-api/#imagemap-message
messaging-api,Message objects,Imagemap message,Imagemap action objects,y,Number,true,required,,Vertical position relative to the top of the area. Value must be 0 or higher.,https://developers.line.biz/en/reference/messaging-api/#imagemap-message
messaging-api,Message objects,Imagemap message,Imagemap action objects,width,Number,true,required,,Width of the tappable area,https://developers.line.biz/en/reference/messaging-api/#imagemap-message
messaging-api,Message objects,Imagemap message,Imagemap action objects,height,Number,true,required,,Height of the tappable area,https://developers.line.biz/en/reference/messaging-api/#imagemap-message
messaging-api,Message objects,Template messages,Common properties of template message objects,type,String,true,required,,template,https://developers.line.biz/en/reference/messaging-api/#template-messages
messaging-api,Message objects,Template messages,Common properties of template message objects,altText,String,true,required,1500,"Alternative text. When a user receives a message, it will appear in the device's notifications, chat list, and quote messages as an alternative to the template message. You can include Unicode emojis. Max character limit: 1500",https://developers.line.biz/en/reference/messaging-api/#template-messages
messaging-api,Message objects,Template messages,Common properties of template message objects,template,Object,true,required,,"A Buttons, Confirm, Carousel, or Image Carousel object.",https://developers.line.biz/en/reference/messaging-api/#template-messages
messaging-api,Message objects,Template messages,Buttons template,type,String,true,required,,buttons,https://developers.line.biz/en/reference/messaging-api/#template-messages
messaging-api,Message objects,Template messages,Buttons template,thumbnailImageUrl,String,false,optional,2000,"Image URL (Max character limit: 2000) Protocol: HTTPS (TLS 1.2 or later) Image format: JPEG or PNG Max width: 1024px Max file size: 10 MB The URL should be percent-encoded using UTF-8. For more information, see About the encoding of a URL specified in a request body property. Recommended file size To avoid delays in displaying messages, keep the size of individual image files small (1 MB or less recommended).",https://developers.line.biz/en/reference/messaging-api/#template-messages
messaging-api,Message objects,Template messages,Buttons template,imageAspectRatio,String,false,optional,,Aspect ratio of the image. One of: - rectangle: 1.51:1 - square: 1:1 Default: rectangle,https://developers.line.biz/en/reference/messaging-api/#template-messages
messaging-api,Message objects,Template messages,Buttons template,imageSize,String,false,optional,,Size of the image. One of: - cover: The image fills the entire image area. Parts of the image that do not fit in the area are not displayed. - contain: The entire image is displayed in the image area. A background is displayed in the unused areas to the left and right of vertical images and in the areas above and below horizontal images. Default: cover,https://developers.line.biz/en/reference/messaging-api/#template-messages
messaging-api,Message objects,Template messages,Buttons template,imageBackgroundColor,String,false,optional,,Background color of the image. Specify a RGB color value. Default: #FFFFFF (white),https://developers.line.biz/en/reference/messaging-api/#template-messages
messaging-api,Message objects,Template messages,Buttons template,title,String,false,optional,40,Title Max character limit: 40,https://developers.line.biz/en/reference/messaging-api/#template-messages
messaging-api,Message objects,Template messages,Buttons template,text,String,true,required,160,Message text Max character limit: 160 (no image or title) Max character limit: 60 (message with an image or title),https://developers.line.biz/en/reference/messaging-api/#template-messages
messaging-api,Message objects,Template messages,Buttons template,defaultAction,Action object,false,optional,,"Action when image, title or text area is tapped.",https://developers.line.biz/en/reference/messaging-api/#template-messages
messaging-api,Message objects,Template messages,Buttons template,actions,Array of action objects,true,required,,Action when tapped Max objects: 4,https://developers.line.biz/en/reference/messaging-api/#template-messages
messaging-api,Message objects,Template messages,Confirm template,type,String,true,required,,confirm,https://developers.line.biz/en/reference/messaging-api/#template-messages
messaging-api,Message objects,Template messages,Confirm template,text,String,true,required,240,Message text Max character limit: 240,https://developers.line.biz/en/reference/messaging-api/#template-messages
messaging-api,Message objects,Template messages,Confirm template,actions,Array of action objects,true,required,,Action when tapped Set 2 actions for the 2 buttons,https://developers.line.biz/en/reference/messaging-api/#template-messages
messaging-api,Message objects,Template messages,Carousel template,type,String,true,required,,carousel,https://developers.line.biz/en/reference/messaging-api/#template-messages
messaging-api,Message objects,Template messages,Carousel template,columns,Array of column objects,true,required,,Array of columns Max columns: 10,https://developers.line.biz/en/reference/messaging-api/#template-messages
messaging-api,Message objects,Template messages,Carousel template,imageAspectRatio,String,false,optional,,Aspect ratio of the image. One of: - rectangle: 1.51:1 - square: 1:1 Applies to all columns. Default: rectangle,https://developers.line.biz/en/reference/messaging-api/#template-messages
messaging-api,Message objects,Template messages,Carousel template,imageSize,String,false,optional,,Size of the image. One of: - cover: The image fills the entire image area. Parts of the image that do not fit in the area are not displayed. - contain: The entire image is displayed in the image area. A background is displayed in the unused areas to the left and right of vertical images and in the areas above and below horizontal images. Applies to all columns. Default: cover.,https://developers.line.biz/en/reference/messaging-api/#template-messages
messaging-api,Message objects,Template messages,Carousel template,thumbnailImageUrl,String,false,optional,2000,"Image URL (Max character limit: 2000) Protocol: HTTPS (TLS 1.2 or later) Image format: JPEG or PNG Aspect ratio: 1.51:1 (width : height) Max width: 1024px Max file size: 10 MB The URL should be percent-encoded using UTF-8. For more information, see About the encoding of a URL specified in a request body property. Recommended file size To avoid delays in displaying messages, keep the size of individual image files small (1 MB or less recommended).",https://developers.line.biz/en/reference/messaging-api/#template-messages
messaging-api,Message objects,Template messages,Carousel template,imageBackgroundColor,String,false,optional,,Background color of the image. Specify a RGB color value. The default value is #FFFFFF (white).,https://developers.line.biz/en/reference/messaging-api/#template-messages
messaging-api,Message objects,Template messages,Carousel template,title,String,false,optional,40,Title Max character limit: 40,https://developers.line.biz/en/reference/messaging-api/#template-messages
messaging-api,Message objects,Template messages,Carousel template,text,String,true,required,120,Message text Max character limit: 120 (no image or title) Max character limit: 60 (message with an image or title),https://developers.line.biz/en/reference/messaging-api/#template-messages
messaging-api,Message objects,Template messages,Carousel template,defaultAction,Action object,false,optional,,"Action when image, title or text area is tapped.",https://developers.line.biz/en/reference/messaging-api/#template-messages
messaging-api,Message objects,Template messages,Carousel template,actions,Array of action objects,true,required,,Action when tapped Max objects: 3,https://developers.line.biz/en/reference/messaging-api/#template-messages
messaging-api,Message objects,Template messages,Image carousel template,type,String,true,required,,image_carousel,https://developers.line.biz/en/reference/messaging-api/#template-messages
messaging-api,Message objects,Template messages,Image carousel template,columns,Array of column objects,true,required,,Array of columns Max columns: 10,https://developers.line.biz/en/reference/messaging-api/#template-messages
messaging-api,Message objects,Template messages,Image carousel template,imageUrl,String,true,required,2000,"Image URL (Max character limit: 2000) Protocol: HTTPS (TLS 1.2 or later) Image format: JPEG or PNG Aspect ratio: 1:1 (width : height) Max width: 1024px Max file size: 10 MB The URL should be percent-encoded using UTF-8. For more information, see About the encoding of a URL specified in a request body property. Recommended file size To avoid delays in displaying messages, keep the size of individual image files small (1 MB or less recommended).",https://developers.line.biz/en/reference/messaging-api/#template-messages
messaging-api,Message objects,Template messages,Image carousel template,action,Action object,true,required,,Action when image is tapped,https://developers.line.biz/en/reference/messaging-api/#template-messages
messaging-api,Message objects,Flex Message,,type,String,true,required,,flex,https://developers.line.biz/en/reference/messaging-api/#flex-message
messaging-api,Message objects,Flex Message,,altText,String,true,required,1500,"Alternative text. When a user receives a message, it will appear in the device's notifications, talk list, and quote messages as an alternative to the Flex Message. You can include Unicode emojis. Max character limit: 1500",https://developers.line.biz/en/reference/messaging-api/#flex-message
messaging-api,Message objects,Flex Message,,contents,Object,true,required,,Flex Message container,https://developers.line.biz/en/reference/messaging-api/#flex-message
messaging-api,Message objects,Flex Message,Container,type,String,true,required,,bubble,https://developers.line.biz/en/reference/messaging-api/#flex-message
messaging-api,Message objects,Flex Message,Container,size,String,false,optional,,"The size of the bubble. You can specify one of the following values: nano, micro, deca, hecto, kilo, mega, or giga. The default value is mega. deca and hecto are supported on the following version of LINE: - LINE for iOS and Android: 13.6.0 or later - LINE for macOS and Windows: 7.17.0 or later If the version of LINE is lower than the version that supports deca and hecto, the size of the bubble will be displayed as kilo.",https://developers.line.biz/en/reference/messaging-api/#flex-message
messaging-api,Message objects,Flex Message,Container,direction,String,false,optional,,"Text directionality and the direction of placement of components in horizontal boxes. Specify one of the following values: - ltr: The text is left-to-right horizontal writing, and the components are placed from left to right - rtl: The text is right-to-left horizontal writing, and the components are placed from right to left The default value is ltr.",https://developers.line.biz/en/reference/messaging-api/#flex-message
messaging-api,Message objects,Flex Message,Container,header,Object,false,optional,,Header block. Specify a Box.,https://developers.line.biz/en/reference/messaging-api/#flex-message
messaging-api,Message objects,Flex Message,Container,hero,Object,false,optional,,"Hero block. Specify a box, an image or a video.",https://developers.line.biz/en/reference/messaging-api/#flex-message
messaging-api,Message objects,Flex Message,Container,body,Object,false,optional,,Body block. Specify a Box.,https://developers.line.biz/en/reference/messaging-api/#flex-message
messaging-api,Message objects,Flex Message,Container,footer,Object,false,optional,,Footer block. Specify a Box.,https://developers.line.biz/en/reference/messaging-api/#flex-message
messaging-api,Message objects,Flex Message,Container,styles,Object,false,optional,,Style of each block. Specify a bubble style.,https://developers.line.biz/en/reference/messaging-api/#flex-message
messaging-api,Message objects,Flex Message,Container,action,Object,false,optional,,Action performed when this image is tapped. Specify an action object.,https://developers.line.biz/en/reference/messaging-api/#flex-message
messaging-api,Message objects,Flex Message,Container,header,Object,false,optional,,Header block. Specify a block style.,https://developers.line.biz/en/reference/messaging-api/#flex-message
messaging-api,Message objects,Flex Message,Container,hero,Object,false,optional,,Hero block. Specify a block style.,https://developers.line.biz/en/reference/messaging-api/#flex-message
messaging-api,Message objects,Flex Message,Container,body,Object,false,optional,,Body block. Specify a block style.,https://developers.line.biz/en/reference/messaging-api/#flex-message
messaging-api,Message objects,Flex Message,Container,footer,Object,false,optional,,Footer block. Specify a block style.,https://developers.line.biz/en/reference/messaging-api/#flex-message
messaging-api,Message objects,Flex Message,Container,backgroundColor,String,false,optional,,Background color of the block. Use a hexadecimal color code.,https://developers.line.biz/en/reference/messaging-api/#flex-message
messaging-api,Message objects,Flex Message,Container,separator,Boolean,false,optional,,true to place a separator above the block. The default value is false.,https://developers.line.biz/en/reference/messaging-api/#flex-message
messaging-api,Message objects,Flex Message,Container,separatorColor,String,false,optional,,Color of the separator. Use a hexadecimal color code.,https://developers.line.biz/en/reference/messaging-api/#flex-message
messaging-api,Message objects,Flex Message,Container,type,String,true,required,,carousel,https://developers.line.biz/en/reference/messaging-api/#flex-message
messaging-api,Message objects,Flex Message,Container,contents,Array of objects,true,required,12,Bubbles within a carousel. Max: 12 bubbles,https://developers.line.biz/en/reference/messaging-api/#flex-message
messaging-api,Message objects,Flex Message,Component,type,String,true,required,,box,https://developers.line.biz/en/reference/messaging-api/#flex-message
messaging-api,Message objects,Flex Message,Component,layout,String,true,required,,"The layout style of components in this box. For more information, see Box component orientation in the API documentation.",https://developers.line.biz/en/reference/messaging-api/#flex-message
messaging-api,Message objects,Flex Message,Component,contents,Array of objects,true,required,,"Components in this box. Here are the types of components available: - When the layout property is horizontal or vertical: box, button, image, text, separator, and filler - When the layout property is baseline: icon, text, and filler Components are rendered in the same order specified in the array. You may also specify an empty array.",https://developers.line.biz/en/reference/messaging-api/#flex-message
messaging-api,Message objects,Flex Message,Component,backgroundColor,String,false,optional,,"Background color of the block. In addition to the RGB color, an alpha channel (transparency) can also be set. Use a hexadecimal color code. (e.g. #RRGGBBAA) The default value is #00000000.",https://developers.line.biz/en/reference/messaging-api/#flex-message
messaging-api,Message objects,Flex Message,Component,borderColor,String,false,optional,,Color of box border. Use a hexadecimal color code.,https://developers.line.biz/en/reference/messaging-api/#flex-message
messaging-api,Message objects,Flex Message,Component,borderWidth,String,false,optional,,"Width of box border. You can specify a value in pixels or any one of none, light, normal, medium, semi-bold, or bold. A value of none means that borders are not rendered; the other values are listed in order of increasing width.",https://developers.line.biz/en/reference/messaging-api/#flex-message
messaging-api,Message objects,Flex Message,Component,cornerRadius,String,false,optional,,"Radius at the time of rounding the corners of the border. You can specify a value in pixels or any one of none, xs, sm, md, lg, xl, or xxl. none doesn't round the corner while the others increase in radius in the order of listing. The default value is none.",https://developers.line.biz/en/reference/messaging-api/#flex-message
messaging-api,Message objects,Flex Message,Component,width,String,false,optional,,"Box width. The value should be given in pixels or as a percentage of the width of the parent element. For more information, see Box width in the Messaging API documentation.",https://developers.line.biz/en/reference/messaging-api/#flex-message
messaging-api,Message objects,Flex Message,Component,maxWidth,String,false,optional,,"Max width of the box. The value should be given in pixels or as a percentage of the width of the parent element. For more information, see Max width of a box in the Messaging API documentation. This property is supported on the following version of LINE: - LINE for iOS and Android: 11.22.0 or later - LINE for macOS and Windows: 7.7.0 or later",https://developers.line.biz/en/reference/messaging-api/#flex-message
messaging-api,Message objects,Flex Message,Component,height,String,false,optional,,"Box height. The value should be given in pixels or as a percentage of the height of the parent element. For more information, see Box height in the Messaging API documentation.",https://developers.line.biz/en/reference/messaging-api/#flex-message
messaging-api,Message objects,Flex Message,Component,maxHeight,String,false,optional,,"Max height of the box. The value should be given in pixels or as a percentage of the height of the parent element. For more information, see Max height of a box in the Messaging API documentation. This property is supported on the following version of LINE: - LINE for iOS and Android: 11.22.0 or later - LINE for macOS and Windows: 7.7.0 or later",https://developers.line.biz/en/reference/messaging-api/#flex-message
messaging-api,Message objects,Flex Message,Component,flex,Number,false,optional,,"The ratio of the width or height of this component within the parent box. For more information, see Component size in the Messaging API documentation.",https://developers.line.biz/en/reference/messaging-api/#flex-message
messaging-api,Message objects,Flex Message,Component,spacing,String,false,optional,,"Minimum space between components in this box. The default value is none. For more information, see spacing property for boxes in the Messaging API documentation.",https://developers.line.biz/en/reference/messaging-api/#flex-message
messaging-api,Message objects,Flex Message,Component,margin,String,false,optional,,"The minimum amount of space to include before this component in its parent container. For more information, see margin property of components in the Messaging API documentation.",https://developers.line.biz/en/reference/messaging-api/#flex-message
messaging-api,Message objects,Flex Message,Component,paddingAll,String,false,optional,,"Free space between the borders of this box and the child element. For more information, see Position child component with box padding in the Messaging API documentation.",https://developers.line.biz/en/reference/messaging-api/#flex-message
messaging-api,Message objects,Flex Message,Component,paddingTop,String,false,optional,,"Free space between the border at the upper end of this box and the upper end of the child element. For more information, see Position child component with box padding in the Messaging API documentation.",https://developers.line.biz/en/reference/messaging-api/#flex-message
messaging-api,Message objects,Flex Message,Component,paddingBottom,String,false,optional,,"Free space between the border at the lower end of this box and the lower end of the child element. For more information, see Position child component with box padding in the Messaging API documentation.",https://developers.line.biz/en/reference/messaging-api/#flex-message
messaging-api,Message objects,Flex Message,Component,paddingStart,String,false,optional,,"- If the text directionality in the bubble is LTR: Free space between the border at the left end of this box and the left end of the child element. - If the text directionality in the bubble is RTL: Free space between the border at the right end of this box and the right end of the child element. For more information, see Position child component with box padding in the Messaging API documentation.",https://developers.line.biz/en/reference/messaging-api/#flex-message
messaging-api,Message objects,Flex Message,Component,paddingEnd,String,false,optional,,"- If the text directionality in the bubble is LTR: Free space between the border at the right end of this box and the right end of the child element. - If the text directionality in the bubble is RTL: Free space between the border at the left end of this box and the left end of the child element. For more information, see Position child component with box padding in the Messaging API documentation.",https://developers.line.biz/en/reference/messaging-api/#flex-message
messaging-api,Message objects,Flex Message,Component,position,String,false,optional,,"Reference position for placing this box. Specify one of the following values: - relative: Use the previous box as reference. - absolute: Use the top left of parent element as reference. The default value is relative. For more information, see Offset in the Messaging API documentation.",https://developers.line.biz/en/reference/messaging-api/#flex-message
messaging-api,Message objects,Flex Message,Component,offsetTop,String,false,optional,,"Offset. For more information, see Offset in the Messaging API documentation.",https://developers.line.biz/en/reference/messaging-api/#flex-message
messaging-api,Message objects,Flex Message,Component,offsetBottom,String,false,optional,,"Offset. For more information, see Offset in the Messaging API documentation.",https://developers.line.biz/en/reference/messaging-api/#flex-message
messaging-api,Message objects,Flex Message,Component,offsetStart,String,false,optional,,"Offset. For more information, see Offset in the Messaging API documentation.",https://developers.line.biz/en/reference/messaging-api/#flex-message
messaging-api,Message objects,Flex Message,Component,offsetEnd,String,false,optional,,"Offset. For more information, see Offset in the Messaging API documentation.",https://developers.line.biz/en/reference/messaging-api/#flex-message
messaging-api,Message objects,Flex Message,Component,action,Object,false,optional,,Action performed when this image is tapped. Specify an action object.,https://developers.line.biz/en/reference/messaging-api/#flex-message
messaging-api,Message objects,Flex Message,Component,justifyContent,String,false,optional,,"How child elements are aligned along the main axis of the parent element. If the parent element is a horizontal box, this only takes effect when its child elements have their flex property set equal to 0. For more information, see Child component arrangement with free space in the Messaging API documentation.",https://developers.line.biz/en/reference/messaging-api/#flex-message
messaging-api,Message objects,Flex Message,Component,alignItems,String,false,optional,,"How child elements are aligned along the cross axis of the parent element. For more information, see Child component arrangement with free space in the Messaging API documentation.",https://developers.line.biz/en/reference/messaging-api/#flex-message
messaging-api,Message objects,Flex Message,Component,background.type,String,false,optional,,"The type of background used. Specify these values: - linearGradient: Linear gradient. For more information, see Linear gradient backgrounds in the Messaging API documentation.",https://developers.line.biz/en/reference/messaging-api/#flex-message
messaging-api,Message objects,Flex Message,Component,background.angle,String,false,optional,,"The angle at which a linear gradient moves. Specify the angle using an integer value like 90deg (90 degrees) or a decimal number like 23.5deg (23.5 degrees) in the half-open interval 0, 360). The direction of the linear gradient rotates clockwise as the angle increases. Given a value of 0deg, the gradient starts at the bottom and ends at the top; given a value of 45deg, the gradient starts at the bottom-left corner and ends at the top-right corner; given a value of 90deg, the gradient starts at the left and ends at the right; and given a value of 180deg, the gradient starts at the top and ends",https://developers.line.biz/en/reference/messaging-api/#flex-message
messaging-api,Message objects,Flex Message,Component,background.startColor,String,false,optional,,The color at the gradient's starting point. Use a hexadecimal color code in the #RRGGBB or #RRGGBBAA format. This is required when background.type is linearGradient.,https://developers.line.biz/en/reference/messaging-api/#flex-message
messaging-api,Message objects,Flex Message,Component,background.endColor,String,false,optional,,The color at the gradient's ending point. Use a hexadecimal color code in the #RRGGBB or #RRGGBBAA format. This is required when background.type is linearGradient.,https://developers.line.biz/en/reference/messaging-api/#flex-message
messaging-api,Message objects,Flex Message,Component,background.centerColor,String,false,optional,,"The color in the middle of the gradient. Use a hexadecimal color code in the #RRGGBB or #RRGGBBAA format. Specify a value for the background.centerColor property to create a gradient that has three colors. For more information, see Intermediate color stops for linear gradients in the Messaging API documentation.",https://developers.line.biz/en/reference/messaging-api/#flex-message
messaging-api,Message objects,Flex Message,Component,background.centerPosition,String,false,optional,,"The position of the intermediate color stop. Specify an integer or decimal value between 0% (the starting point) and 100% (the ending point). This is 50% by default. For more information, see Intermediate color stops for linear gradients in the Messaging API documentation.",https://developers.line.biz/en/reference/messaging-api/#flex-message
messaging-api,Message objects,Flex Message,Component,type,String,true,required,,button,https://developers.line.biz/en/reference/messaging-api/#flex-message
messaging-api,Message objects,Flex Message,Component,action,Object,true,required,,Action performed when this button is tapped. Specify an action object.,https://developers.line.biz/en/reference/messaging-api/#flex-message
messaging-api,Message objects,Flex Message,Component,flex,Number,false,optional,,"The ratio to use for the width or height of this component within the parent element. By default, a horizontal box's components have their flex property set equal to 1. By default, a vertical box's components have their flex property set equal to 0. For more information, see Component size in the Messaging API documentation.",https://developers.line.biz/en/reference/messaging-api/#flex-message
messaging-api,Message objects,Flex Message,Component,margin,String,false,optional,,"The minimum amount of space to include before this component in its parent container. For more information, see margin property for components in the Messaging API documentation.",https://developers.line.biz/en/reference/messaging-api/#flex-message
messaging-api,Message objects,Flex Message,Component,position,String,false,optional,,"Reference for offsetTop, offsetBottom, offsetStart, and offsetEnd. Specify one of the following values: - relative: Use the previous box as reference. - absolute: Use the top left of parent element as reference. The default value is relative. For more information, see Offset in the API documentation.",https://developers.line.biz/en/reference/messaging-api/#flex-message
messaging-api,Message objects,Flex Message,Component,offsetTop,String,false,optional,,"Offset. For more information, see Offset in the Messaging API documentation.",https://developers.line.biz/en/reference/messaging-api/#flex-message
messaging-api,Message objects,Flex Message,Component,offsetBottom,String,false,optional,,"Offset. For more information, see Offset in the Messaging API documentation.",https://developers.line.biz/en/reference/messaging-api/#flex-message
messaging-api,Message objects,Flex Message,Component,offsetStart,String,false,optional,,"Offset. For more information, see Offset in the Messaging API documentation.",https://developers.line.biz/en/reference/messaging-api/#flex-message
messaging-api,Message objects,Flex Message,Component,offsetEnd,String,false,optional,,"Offset. For more information, see Offset in the Messaging API documentation.",https://developers.line.biz/en/reference/messaging-api/#flex-message
messaging-api,Message objects,Flex Message,Component,height,String,false,optional,,Height of the button. You can specify sm or md. The default value is md.,https://developers.line.biz/en/reference/messaging-api/#flex-message
messaging-api,Message objects,Flex Message,Component,style,String,false,optional,,Style of the button. Specify one of the following values: - primary: Style for dark color buttons - secondary: Style for light color buttons - link: HTML link style The default value is link.,https://developers.line.biz/en/reference/messaging-api/#flex-message
messaging-api,Message objects,Flex Message,Component,color,String,false,optional,,Character color when the style property is link. Background color when the style property is primary or secondary. Use a hexadecimal color code.,https://developers.line.biz/en/reference/messaging-api/#flex-message
messaging-api,Message objects,Flex Message,Component,gravity,String,false,optional,,"Alignment style in vertical direction. For more information, see Vertically align text, images, or button in the Messaging API documentation.",https://developers.line.biz/en/reference/messaging-api/#flex-message
messaging-api,Message objects,Flex Message,Component,adjustMode,String,false,optional,,"The method by which to adjust the text font size. Specify this value: - shrink-to-fit: Automatically shrink the font size to fit the width of the component. This property takes a ""best-effort"" approach that may work differently—or not at all!—on some platforms. For more information, see Automatically shrink fonts to fit in the Messaging API documentation.",https://developers.line.biz/en/reference/messaging-api/#flex-message
messaging-api,Message objects,Flex Message,Component,scaling,Boolean,false,optional,,"If you set the scaling property to true, the font size of the text will be automatically scaled according to the font size setting of the LINE app. The default value is false. For more information, see Scaling to size according to the font size setting in the Messaging API documentation. This property is supported on the following version of LINE: - LINE for iOS and Android: 13.6.0 or later - LINE for macOS and Windows: 7.17.0 or later",https://developers.line.biz/en/reference/messaging-api/#flex-message
messaging-api,Message objects,Flex Message,Component,type,String,true,required,,image,https://developers.line.biz/en/reference/messaging-api/#flex-message
messaging-api,Message objects,Flex Message,Component,url,String,true,required,2000,"Image URL (Max character limit: 2000) Protocol: HTTPS (TLS 1.2 or later) Image format: JPEG or PNG Max image size: 1024 x 1024 pixels Max file size: 10 MB (300 KB when the animated property is true) The URL should be percent-encoded using UTF-8. For more information, see About the encoding of a URL specified in a request body property. Recommended file size To avoid delays in displaying messages, keep the size of individual image files small (1 MB or less recommended).",https://developers.line.biz/en/reference/messaging-api/#flex-message
messaging-api,Message objects,Flex Message,Component,flex,Number,false,optional,,"The ratio of the width or height of this component within the parent box. For more information, see Component size in the Messaging API documentation.",https://developers.line.biz/en/reference/messaging-api/#flex-message
messaging-api,Message objects,Flex Message,Component,margin,String,false,optional,,"The minimum amount of space to include before this component in its parent container. For more information, see margin property of components in the Messaging API documentation.",https://developers.line.biz/en/reference/messaging-api/#flex-message
messaging-api,Message objects,Flex Message,Component,position,String,false,optional,,"Reference for offsetTop, offsetBottom, offsetStart, and offsetEnd. Specify one of the following values: - relative: Use the previous box as reference. - absolute: Use the top left of parent element as reference. The default value is relative. For more information, see Offset in the Messaging API documentation.",https://developers.line.biz/en/reference/messaging-api/#flex-message
messaging-api,Message objects,Flex Message,Component,offsetTop,String,false,optional,,"Offset. For more information, see Offset in the Messaging API documentation.",https://developers.line.biz/en/reference/messaging-api/#flex-message
messaging-api,Message objects,Flex Message,Component,offsetBottom,String,false,optional,,"Offset. For more information, see Offset in the Messaging API documentation.",https://developers.line.biz/en/reference/messaging-api/#flex-message
messaging-api,Message objects,Flex Message,Component,offsetStart,String,false,optional,,"Offset. For more information, see Offset in the Messaging API documentation.",https://developers.line.biz/en/reference/messaging-api/#flex-message
messaging-api,Message objects,Flex Message,Component,offsetEnd,String,false,optional,,"Offset. For more information, see Offset in the Messaging API documentation.",https://developers.line.biz/en/reference/messaging-api/#flex-message
messaging-api,Message objects,Flex Message,Component,align,String,false,optional,,"Alignment style in horizontal direction. For more information, see Horizontally align text or images in the Messaging API documentation.",https://developers.line.biz/en/reference/messaging-api/#flex-message
messaging-api,Message objects,Flex Message,Component,gravity,String,false,optional,,"Alignment style in vertical direction. For more information, see Alignment in vertical direction in the Messaging API documentation.",https://developers.line.biz/en/reference/messaging-api/#flex-message
messaging-api,Message objects,Flex Message,Component,size,String,false,optional,,"The maximum image width. This is md by default. For more information, see Image size in the Messaging API documentation.",https://developers.line.biz/en/reference/messaging-api/#flex-message
messaging-api,Message objects,Flex Message,Component,aspectRatio,String,false,optional,,"Aspect ratio of the image. {width}:{height} format. Specify the value of {width} and {height} in the range from 1 to 100000. However, you cannot set {height} to a value that is more than three times the value of {width}. The default value is 1:1.",https://developers.line.biz/en/reference/messaging-api/#flex-message
messaging-api,Message objects,Flex Message,Component,aspectMode,String,false,optional,,"The display style of the image if the aspect ratio of the image and that specified by the aspectRatio property do not match. For more information, see About the drawing area.",https://developers.line.biz/en/reference/messaging-api/#flex-message
messaging-api,Message objects,Flex Message,Component,backgroundColor,String,false,optional,,Background color of the image. Use a hexadecimal color code.,https://developers.line.biz/en/reference/messaging-api/#flex-message
messaging-api,Message objects,Flex Message,Component,action,Object,false,optional,,Action performed when this image is tapped. Specify an action object.,https://developers.line.biz/en/reference/messaging-api/#flex-message
messaging-api,Message objects,Flex Message,Component,animated,Boolean,false,optional,,"When this is true, an animated image (APNG) plays. You can specify a value of true up to 10 images in a single message. You can't send messages that exceed this limit. This is false by default. Animated images larger than 300 KB aren't played back.",https://developers.line.biz/en/reference/messaging-api/#flex-message
messaging-api,Message objects,Flex Message,Component,type,String,true,required,,video,https://developers.line.biz/en/reference/messaging-api/#flex-message
messaging-api,Message objects,Flex Message,Component,url,String,true,required,2000,"Video file URL (Max character limit: 2000) Protocol: HTTPS (TLS 1.2 or later) Video format: mp4 Max file size: 200 MB The URL should be percent-encoded using UTF-8. For more information, see About the encoding of a URL specified in a request body property.",https://developers.line.biz/en/reference/messaging-api/#flex-message
messaging-api,Message objects,Flex Message,Component,previewUrl,String,true,required,2000,"Preview image URL (Max character limit: 2000) Protocol: HTTPS (TLS 1.2 or later) Image format: JPEG or PNG Max file size: 1 MB The URL should be percent-encoded using UTF-8. For more information, see About the encoding of a URL specified in a request body property.",https://developers.line.biz/en/reference/messaging-api/#flex-message
messaging-api,Message objects,Flex Message,Component,altContent,component,true,required,,Alternative content. The alternative content will be displayed on the screen of a user device that is using a version of LINE that doesn't support the video component. Specify a box or an image.,https://developers.line.biz/en/reference/messaging-api/#flex-message
messaging-api,Message objects,Flex Message,Component,aspectRatio,String,false,optional,,"Aspect ratio of the video. {width}:{height} format. Specify the value of {width} and {height} in the range from 1 to 100000. However, you can't set {height} to a value that is more than three times the value of {width}. The default value is 1:1.",https://developers.line.biz/en/reference/messaging-api/#flex-message
messaging-api,Message objects,Flex Message,Component,action,Object,false,optional,,"URI action. For more information, see URI action in the Messaging API documentation.",https://developers.line.biz/en/reference/messaging-api/#flex-message
messaging-api,Message objects,Flex Message,Component,type,String,true,required,,icon,https://developers.line.biz/en/reference/messaging-api/#flex-message
messaging-api,Message objects,Flex Message,Component,url,String,true,required,2000,"Image URL (Max character limit: 2000) Protocol: HTTPS (TLS 1.2 or later) Image format: JPEG or PNG Max image size: 1024 x 1024 pixels Max file size: 1 MB The URL should be percent-encoded using UTF-8. For more information, see About the encoding of a URL specified in a request body property.",https://developers.line.biz/en/reference/messaging-api/#flex-message
messaging-api,Message objects,Flex Message,Component,margin,String,false,optional,,"The minimum amount of space to include before this component in its parent container. For more information, see margin property of components in the Messaging API documentation.",https://developers.line.biz/en/reference/messaging-api/#flex-message
messaging-api,Message objects,Flex Message,Component,position,String,false,optional,,"Reference for offsetTop, offsetBottom, offsetStart, and offsetEnd. Specify one of the following values: - relative: Use the previous box as reference. - absolute: Use the top left of parent element as reference. The default value is relative. For more information, see Offset in the Messaging API documentation.",https://developers.line.biz/en/reference/messaging-api/#flex-message
messaging-api,Message objects,Flex Message,Component,offsetTop,String,false,optional,,"Offset. For more information, see Offset in the Messaging API documentation.",https://developers.line.biz/en/reference/messaging-api/#flex-message
messaging-api,Message objects,Flex Message,Component,offsetBottom,String,false,optional,,"Offset. For more information, see Offset in the Messaging API documentation.",https://developers.line.biz/en/reference/messaging-api/#flex-message
messaging-api,Message objects,Flex Message,Component,offsetStart,String,false,optional,,"Offset. For more information, see Offset in the Messaging API documentation.",https://developers.line.biz/en/reference/messaging-api/#flex-message
messaging-api,Message objects,Flex Message,Component,offsetEnd,String,false,optional,,"Offset. For more information, see Offset in the Messaging API documentation.",https://developers.line.biz/en/reference/messaging-api/#flex-message
messaging-api,Message objects,Flex Message,Component,size,String,false,optional,,"Maximum size of the icon width. This is md by default. For more information, see Icon, text, and span size in the Messaging API documentation.",https://developers.line.biz/en/reference/messaging-api/#flex-message
messaging-api,Message objects,Flex Message,Component,scaling,Boolean,false,optional,,"If you set the scaling property to true, the icon size will be automatically scaled according to the font size setting of the LINE app. The default value is false. For more information, see Scaling to size according to the font size setting in the Messaging API documentation. This property is supported on the following version of LINE: - LINE for iOS and Android: 13.6.0 or later - LINE for macOS and Windows: 7.17.0 or later",https://developers.line.biz/en/reference/messaging-api/#flex-message
messaging-api,Message objects,Flex Message,Component,aspectRatio,String,false,optional,,Aspect ratio of the icon. {width}:{height} format. The values of {width} and {height} must be in the range 1–100000. {height} can't be more than three times the value of {width}. The default value is 1:1.,https://developers.line.biz/en/reference/messaging-api/#flex-message
messaging-api,Message objects,Flex Message,Component,type,String,true,required,,text,https://developers.line.biz/en/reference/messaging-api/#flex-message
messaging-api,Message objects,Flex Message,Component,text,String,false,optional,,"Text. Be sure to set either one of the text property or contents property. If you set the contents property, text is ignored.",https://developers.line.biz/en/reference/messaging-api/#flex-message
messaging-api,Message objects,Flex Message,Component,contents,Array of objects,false,optional,,"Array of spans. Be sure to set either one of the text property or contents property. If you set the contents property, text is ignored.",https://developers.line.biz/en/reference/messaging-api/#flex-message
messaging-api,Message objects,Flex Message,Component,adjustMode,String,false,optional,,"The method by which to adjust the text's font size. Specify this value: - shrink-to-fit: Automatically shrink the font size to fit the width of the component. This property takes a ""best-effort"" approach that may work differently—or not at all!—on some platforms. For more information, see Automatically shrink fonts to fit in the Messaging API documentation.",https://developers.line.biz/en/reference/messaging-api/#flex-message
messaging-api,Message objects,Flex Message,Component,flex,Number,false,optional,,"The ratio of the width or height of this component within the parent box. For more information, see Component size in the Messaging API documentation.",https://developers.line.biz/en/reference/messaging-api/#flex-message
messaging-api,Message objects,Flex Message,Component,margin,String,false,optional,,"The minimum amount of space to include before this component in its parent container. For more information, see margin property of components in the Messaging API documentation.",https://developers.line.biz/en/reference/messaging-api/#flex-message
messaging-api,Message objects,Flex Message,Component,position,String,false,optional,,"Reference for offsetTop, offsetBottom, offsetStart, and offsetEnd. Specify one of the following values: - relative: Use the previous box as reference. - absolute: Use the top left of parent element as reference. The default value is relative. For more information, see Offset in the Messaging API documentation.",https://developers.line.biz/en/reference/messaging-api/#flex-message
messaging-api,Message objects,Flex Message,Component,offsetTop,String,false,optional,,"Offset. For more information, see Offset in the Messaging API documentation.",https://developers.line.biz/en/reference/messaging-api/#flex-message
messaging-api,Message objects,Flex Message,Component,offsetBottom,String,false,optional,,"Offset. For more information, see Offset in the Messaging API documentation.",https://developers.line.biz/en/reference/messaging-api/#flex-message
messaging-api,Message objects,Flex Message,Component,offsetStart,String,false,optional,,"Offset. For more information, see Offset in the Messaging API documentation.",https://developers.line.biz/en/reference/messaging-api/#flex-message
messaging-api,Message objects,Flex Message,Component,offsetEnd,String,false,optional,,"Offset. For more information, see Offset in the Messaging API documentation.",https://developers.line.biz/en/reference/messaging-api/#flex-message
messaging-api,Message objects,Flex Message,Component,size,String,false,optional,,"Font size. This is md by default. For more information, see Icon, text, and span size in the Messaging API documentation.",https://developers.line.biz/en/reference/messaging-api/#flex-message
messaging-api,Message objects,Flex Message,Component,scaling,Boolean,false,optional,,"If you set the scaling property to true, the font size of the text will be automatically scaled according to the font size setting of the LINE app. The default value is false. For more information, see Scaling to size according to the font size setting in the Messaging API documentation. If this property is true, the text in span set by the contents property is also automatically scaled in font size. This property is supported on the following version of LINE: - LINE for iOS and Android: 13.6.0 or later - LINE for macOS and Windows: 7.17.0 or later",https://developers.line.biz/en/reference/messaging-api/#flex-message
messaging-api,Message objects,Flex Message,Component,align,String,false,optional,,"Alignment style in horizontal direction. For more information, see Horizontally align text or images in the Messaging API documentation.",https://developers.line.biz/en/reference/messaging-api/#flex-message
messaging-api,Message objects,Flex Message,Component,gravity,String,false,optional,,"Alignment style in vertical direction. The default value is top. For more information, see Alignment in vertical direction in the Messaging API documentation.",https://developers.line.biz/en/reference/messaging-api/#flex-message
messaging-api,Message objects,Flex Message,Component,wrap,Boolean,false,optional,,"true to wrap text. The default value is false. If set to true, you can use a new line character (n) to begin on a new line. For more information, see Wrapping text in the Messaging API documentation.",https://developers.line.biz/en/reference/messaging-api/#flex-message
messaging-api,Message objects,Flex Message,Component,lineSpacing,String,false,optional,,"Line spacing in a wrapping text. Specify a positive integer or decimal number that ends in px. The lineSpacing property doesn't apply to the top of the start line and the bottom of the last line. For more information, see Increase the line spacing in a text in the Messaging API documentation. This property is supported on the following version of LINE: - LINE for iOS and Android: 11.22.0 or later - LINE for macOS and Windows: 7.7.0 or later",https://developers.line.biz/en/reference/messaging-api/#flex-message
messaging-api,Message objects,Flex Message,Component,maxLines,Number,false,optional,,"Max number of lines. If the text exceeds the specified number of lines, the last line will end in an ellipsis (…). If set to 0, entire text is displayed. The default value is 0.",https://developers.line.biz/en/reference/messaging-api/#flex-message
messaging-api,Message objects,Flex Message,Component,weight,String,false,optional,,Font weight. You can specify one of the following values: regular or bold. Specifying bold makes the font bold. The default value is regular.,https://developers.line.biz/en/reference/messaging-api/#flex-message
messaging-api,Message objects,Flex Message,Component,color,String,false,optional,,Font color. Use a hexadecimal color code.,https://developers.line.biz/en/reference/messaging-api/#flex-message
messaging-api,Message objects,Flex Message,Component,action,Object,false,optional,,Action performed when this image is tapped. Specify an action object.,https://developers.line.biz/en/reference/messaging-api/#flex-message
messaging-api,Message objects,Flex Message,Component,style,String,false,optional,,Style of the text. Specify one of these values: - normal: Normal - italic: Italic The default value is normal.,https://developers.line.biz/en/reference/messaging-api/#flex-message
messaging-api,Message objects,Flex Message,Component,decoration,String,false,optional,,Decoration of the text. Specify one of these values: - none: No decoration - underline: Underline - line-through: Strikethrough The default value is none.,https://developers.line.biz/en/reference/messaging-api/#flex-message
messaging-api,Message objects,Flex Message,Component,type,String,true,required,,span,https://developers.line.biz/en/reference/messaging-api/#flex-message
messaging-api,Message objects,Flex Message,Component,text,String,false,optional,,"Text. If the wrap property of the parent text is set to true, you can use a new line character (n) to begin on a new line.",https://developers.line.biz/en/reference/messaging-api/#flex-message
messaging-api,Message objects,Flex Message,Component,color,String,false,optional,,Font color. Use a hexadecimal color code.,https://developers.line.biz/en/reference/messaging-api/#flex-message
messaging-api,Message objects,Flex Message,Component,size,String,false,optional,,"Font size. For more information, see Icon, text, and span size in the Messaging API documentation.",https://developers.line.biz/en/reference/messaging-api/#flex-message
messaging-api,Message objects,Flex Message,Component,weight,String,false,optional,,Font weight. You can specify one of the following values: regular or bold. Specifying bold makes the font bold. The default value is regular.,https://developers.line.biz/en/reference/messaging-api/#flex-message
messaging-api,Message objects,Flex Message,Component,style,String,false,optional,,Style of the text. Specify one of these values: - normal: Normal - italic: Italic The default value is normal.,https://developers.line.biz/en/reference/messaging-api/#flex-message
messaging-api,Message objects,Flex Message,Component,decoration,String,false,optional,,Decoration of the text. Specify one of these values: - none: No decoration - underline: Underline - line-through: Strikethrough The default value is none. Note The decoration set in the decoration property of the text cannot be overwritten by the decoration property of the span.,https://developers.line.biz/en/reference/messaging-api/#flex-message
messaging-api,Message objects,Flex Message,Component,type,String,true,required,,separator,https://developers.line.biz/en/reference/messaging-api/#flex-message
messaging-api,Message objects,Flex Message,Component,margin,String,false,optional,,"The minimum amount of space to include before this component in its parent container. For more information, see margin property of components in the Messaging API documentation.",https://developers.line.biz/en/reference/messaging-api/#flex-message
messaging-api,Message objects,Flex Message,Component,color,String,false,optional,,Color of the separator. Use a hexadecimal color code.,https://developers.line.biz/en/reference/messaging-api/#flex-message
messaging-api,Message objects,Flex Message,Component,type,String,true,required,,filler,https://developers.line.biz/en/reference/messaging-api/#flex-message
messaging-api,Message objects,Flex Message,Component,flex,Number,false,optional,,"The ratio of the width or height of this component within the parent box. For more information, see Component size in the Messaging API documentation.",https://developers.line.biz/en/reference/messaging-api/#flex-message
messaging-api,Action objects,Postback action,,type,String,true,required,,postback,https://developers.line.biz/en/reference/messaging-api/#postback-action
messaging-api,Action objects,Postback action,,label,String,false,"annotation=""See description""",,"Label for the action. The specification depends on which object the action is set to. For more information, see Specifications of the label.",https://developers.line.biz/en/reference/messaging-api/#postback-action
messaging-api,Action objects,Postback action,,data,String,true,required,300,String returned via webhook in the postback.data property of the postback event Max character limit: 300,https://developers.line.biz/en/reference/messaging-api/#postback-action
messaging-api,Action objects,Postback action,,displayText,String,false,optional,300,Text displayed on the LINE chat screen as a message sent by the user when the action is performed. Max character limit: 300 The displayText and text properties can't both be used at the same time.,https://developers.line.biz/en/reference/messaging-api/#postback-action
messaging-api,Action objects,Postback action,,text,String,false,optional,300,【Deprecated】 Text displayed on the LINE chat screen as a message sent by the user when the action is performed. Returned from the server through a webhook. This property shouldn't be used with quick reply buttons. Max character limit: 300 The displayText and text properties cannot both be used at the same time.,https://developers.line.biz/en/reference/messaging-api/#postback-action
messaging-api,Action objects,Postback action,,inputOption,String,false,optional,,The display method of such as rich menu based on user action. Specify one of the following values: - closeRichMenu: Close rich menu - openRichMenu: Open rich menu - openKeyboard: Open keyboard - openVoice: Open voice message input mode This property is available on LINE version 12.6.0 or later for iOS or Android.,https://developers.line.biz/en/reference/messaging-api/#postback-action
messaging-api,Action objects,Postback action,,fillInText,String,false,"annotation=""See description""",300,String to be pre-filled in the input field when the keyboard is opened. Valid only when the inputOption property is set to openKeyboard. The string can be broken by a newline character (n). Max character limit: 300 This property is available on LINE version 12.6.0 or later for iOS or Android.,https://developers.line.biz/en/reference/messaging-api/#postback-action
messaging-api,Action objects,Message action,,type,String,true,required,,message,https://developers.line.biz/en/reference/messaging-api/#message-action
messaging-api,Action objects,Message action,,label,String,false,"annotation=""See description""",,"Label for the action. The specification depends on which object the action is set to. For more information, see Specifications of the label.",https://developers.line.biz/en/reference/messaging-api/#message-action
messaging-api,Action objects,Message action,,text,String,true,required,300,Text sent when the action is performed Max character limit: 300,https://developers.line.biz/en/reference/messaging-api/#message-action
messaging-api,Action objects,URI action,,type,String,true,required,,uri,https://developers.line.biz/en/reference/messaging-api/#uri-action
messaging-api,Action objects,URI action,,label,String,false,"annotation=""See description""",,"Label for the action. The specification depends on which object the action is set to. For more information, see Specifications of the label.",https://developers.line.biz/en/reference/messaging-api/#uri-action
messaging-api,Action objects,URI action,,uri,String,true,required,1000,"URI opened when the action is performed (Max character limit: 1000) The available schemes are http, https, line, and tel. For more information about the LINE URL scheme, see Use LINE features with the LINE URL scheme. The URI should be percent-encoded using UTF-8. For more information, see About the encoding of a URL specified in a request body property.",https://developers.line.biz/en/reference/messaging-api/#uri-action
messaging-api,Action objects,URI action,,altUri.desktop,String,false,optional,1000,"URI opened on LINE for macOS and Windows when the action is performed (Max character limit: 1000) If the altUri.desktop property is set, the uri property is ignored on LINE for macOS and Windows. The available schemes are http, https, line, and tel. For more information about the LINE URL scheme, see Use LINE features with the LINE URL scheme. The URI should be percent-encoded using UTF-8. For more information, see About the encoding of a URL specified in a request body property. Note The altUri.desktop is supported when you set URI actions in Flex Messages, but it doesn't work in quick reply.",https://developers.line.biz/en/reference/messaging-api/#uri-action
messaging-api,Action objects,Datetime picker action,,type,String,true,required,,datetimepicker,https://developers.line.biz/en/reference/messaging-api/#datetime-picker-action
messaging-api,Action objects,Datetime picker action,,label,String,false,"annotation=""See description""",,"Label for the action. The specification depends on which object the action is set to. For more information, see Specifications of the label.",https://developers.line.biz/en/reference/messaging-api/#datetime-picker-action
messaging-api,Action objects,Datetime picker action,,data,String,true,required,300,String returned via webhook in the postback.data property of the postback event Max character limit: 300,https://developers.line.biz/en/reference/messaging-api/#datetime-picker-action
messaging-api,Action objects,Datetime picker action,,mode,String,true,required,,Action mode date: Pick date time: Pick time datetime: Pick date and time,https://developers.line.biz/en/reference/messaging-api/#datetime-picker-action
messaging-api,Action objects,Datetime picker action,,initial,String,false,optional,,Initial value of date or time,https://developers.line.biz/en/reference/messaging-api/#datetime-picker-action
messaging-api,Action objects,Datetime picker action,,max,String,false,optional,,Largest date or time value that can be selected. Must be greater than the min value.,https://developers.line.biz/en/reference/messaging-api/#datetime-picker-action
messaging-api,Action objects,Datetime picker action,,min,String,false,optional,,Smallest date or time value that can be selected. Must be less than the max value.,https://developers.line.biz/en/reference/messaging-api/#datetime-picker-action
messaging-api,Action objects,Camera action,,type,String,true,required,,camera,https://developers.line.biz/en/reference/messaging-api/#camera-action
messaging-api,Action objects,Camera action,,label,String,true,required,20,Label for the action Max character limit: 20,https://developers.line.biz/en/reference/messaging-api/#camera-action
messaging-api,Action objects,Camera roll action,,type,String,true,required,,cameraRoll,https://developers.line.biz/en/reference/messaging-api/#camera-roll-action
messaging-api,Action objects,Camera roll action,,label,String,true,required,20,Label for the action Max character limit: 20,https://developers.line.biz/en/reference/messaging-api/#camera-roll-action
messaging-api,Action objects,Location action,,type,String,true,required,,location,https://developers.line.biz/en/reference/messaging-api/#location-action
messaging-api,Action objects,Location action,,label,String,true,required,20,Label for the action Max character limit: 20,https://developers.line.biz/en/reference/messaging-api/#location-action
messaging-api,Action objects,Rich menu switch action,,type,String,true,required,,richmenuswitch,https://developers.line.biz/en/reference/messaging-api/#rich-menu-switch-action
messaging-api,Action objects,Rich menu switch action,,label,String,false,optional,20,Action label. Optional for rich menus. Read when the user's device accessibility feature is enabled. - Max character limit: 20,https://developers.line.biz/en/reference/messaging-api/#rich-menu-switch-action
messaging-api,Action objects,Rich menu switch action,,richMenuAliasId,String,true,required,,Rich menu alias ID to switch to.,https://developers.line.biz/en/reference/messaging-api/#rich-menu-switch-action
messaging-api,Action objects,Rich menu switch action,,data,String,true,required,300,String returned by the postback.data property of the postback event via a webhook - Max character limit: 300,https://developers.line.biz/en/reference/messaging-api/#rich-menu-switch-action
messaging-api,Action objects,Clipboard action,,type,String,true,required,,clipboard,https://developers.line.biz/en/reference/messaging-api/#clipboard-action
messaging-api,Action objects,Clipboard action,,label,String,false,"annotation=""See description""",,"Label for the action. The specification depends on which object the action is set to. For more information, see Specifications of the label.",https://developers.line.biz/en/reference/messaging-api/#clipboard-action
messaging-api,Action objects,Clipboard action,,clipboardText,String,true,required,1000,Text that is copied to the clipboard - Max character limit: 1000,https://developers.line.biz/en/reference/messaging-api/#clipboard-action
messaging-api,Rich menu structure,Rich menu object,,size,Object,true,required,,"size object which contains the width and height of the rich menu displayed in the chat. The width of the rich menu image must be between 800px and 2500px. The height must be at least 250px. However, the aspect ratio (width / height) must be at least 1.45.",https://developers.line.biz/en/reference/messaging-api/#rich-menu-object
messaging-api,Rich menu structure,Rich menu object,,selected,Boolean,true,required,,"true to display the rich menu by default. Otherwise, false.",https://developers.line.biz/en/reference/messaging-api/#rich-menu-object
messaging-api,Rich menu structure,Rich menu object,,name,String,true,required,300,Name of the rich menu. This value can be used to help manage your rich menus and is not displayed to users. Max character limit: 300,https://developers.line.biz/en/reference/messaging-api/#rich-menu-object
messaging-api,Rich menu structure,Rich menu object,,chatBarText,String,true,required,14,Text displayed in the chat bar Max character limit: 14,https://developers.line.biz/en/reference/messaging-api/#rich-menu-object
messaging-api,Rich menu structure,Rich menu object,,areas,Array,true,required,20,Array of area objects which define the coordinates and size of tappable areas Max: 20 area objects,https://developers.line.biz/en/reference/messaging-api/#rich-menu-object
messaging-api,Rich menu structure,Rich menu response object,,richMenuId,String,,,,ID of a rich menu,https://developers.line.biz/en/reference/messaging-api/#rich-menu-response-object
messaging-api,Rich menu structure,Rich menu response object,,size,Object,,,,"size object which contains the width and height of the rich menu displayed in the chat. The width of the rich menu image must be between 800px and 2500px. The height must be at least 250px. However, the aspect ratio (width / height) must be at least 1.45.",https://developers.line.biz/en/reference/messaging-api/#rich-menu-response-object
messaging-api,Rich menu structure,Rich menu response object,,selected,Boolean,,,,"true to display the rich menu by default. Otherwise, false.",https://developers.line.biz/en/reference/messaging-api/#rich-menu-response-object
messaging-api,Rich menu structure,Rich menu response object,,name,String,,,300,Name of the rich menu. This value can be used to help manage your rich menus and is not displayed to users. Max character limit: 300,https://developers.line.biz/en/reference/messaging-api/#rich-menu-response-object
messaging-api,Rich menu structure,Rich menu response object,,chatBarText,String,,,14,Text displayed in the chat bar Max character limit: 14,https://developers.line.biz/en/reference/messaging-api/#rich-menu-response-object
messaging-api,Rich menu structure,Rich menu response object,,areas,Array,,,20,Array of area objects which define the coordinates and size of tappable areas Max: 20 area objects,https://developers.line.biz/en/reference/messaging-api/#rich-menu-response-object
messaging-api,Rich menu structure,Rich menu response object,`size` object,width,Number,true,required,,"Width of the rich menu. The width of the rich menu image must be between 800 and 2500. However, the aspect ratio (width / height) must be at least 1.45.",https://developers.line.biz/en/reference/messaging-api/#rich-menu-response-object
messaging-api,Rich menu structure,Rich menu response object,`size` object,height,Number,true,required,,"Height of the rich menu. The height must be at least 250. However, the aspect ratio (width / height) must be at least 1.45.",https://developers.line.biz/en/reference/messaging-api/#rich-menu-response-object
messaging-api,Rich menu structure,Rich menu response object,Area object,bounds,Object,true,required,,Object describing the boundaries of the area in pixels. See bounds object.,https://developers.line.biz/en/reference/messaging-api/#rich-menu-response-object
messaging-api,Rich menu structure,Rich menu response object,Area object,action,Object,true,required,,Action performed when the area is tapped. See action objects.,https://developers.line.biz/en/reference/messaging-api/#rich-menu-response-object
messaging-api,Rich menu structure,Rich menu response object,Area object,x,Number,true,required,,Horizontal position of the top-left corner of the tappable area relative to the left edge of the image. Value must be 0 or higher.,https://developers.line.biz/en/reference/messaging-api/#rich-menu-response-object
messaging-api,Rich menu structure,Rich menu response object,Area object,y,Number,true,required,,Vertical position of the top-left corner of the tappable area relative to the left edge of the image. Value must be 0 or higher.,https://developers.line.biz/en/reference/messaging-api/#rich-menu-response-object
messaging-api,Rich menu structure,Rich menu response object,Area object,width,Number,true,required,,Width of the tappable area.,https://developers.line.biz/en/reference/messaging-api/#rich-menu-response-object
messaging-api,Rich menu structure,Rich menu response object,Area object,height,Number,true,required,,Height of the tappable area.,https://developers.line.biz/en/reference/messaging-api/#rich-menu-response-object
line-login,OAuth,Issue access token,Request headers,Content-Type,application/x-www-form-urlencoded,true,required,,,https://developers.line.biz/en/reference/line-login/#issue-access-token
line-login,OAuth,Issue access token,Request body,grant_type,String,true,required,,authorization_code,https://developers.line.biz/en/reference/line-login/#issue-access-token
line-login,OAuth,Issue access token,Request body,code,String,true,required,,Authorization code received from the LINE Platform,https://developers.line.biz/en/reference/line-login/#issue-access-token
line-login,OAuth,Issue access token,Request body,redirect_uri,String,true,required,,Same value as redirect_uri specified in the authorization request.,https://developers.line.biz/en/reference/line-login/#issue-access-token
line-login,OAuth,Issue access token,Request body,client_id,String,true,required,,Channel ID. Found in the LINE Developers Console.,https://developers.line.biz/en/reference/line-login/#issue-access-token
line-login,OAuth,Issue access token,Request body,client_secret,String,true,required,,Channel secret. Found in the LINE Developers Console.,https://developers.line.biz/en/reference/line-login/#issue-access-token
line-login,OAuth,Issue access token,Request body,code_verifier,String,false,optional,,"A random 43-128 character string consisting of single-byte alphanumeric characters and symbols (e.g. wJKN8qz5t8SSI9lMFhBB6qwNkQBkuPZoCxzRhwLRUo1).<br><br>If your LINE Login implements PKCE, you can add this parameter to verify the validity of the code_verifier on the LINE Platform side before returning the access token.<br><br>For more information on how to implement PKCE, see Implement PKCE for LINE Login in the LINE Login documentation.",https://developers.line.biz/en/reference/line-login/#issue-access-token
line-login,OAuth,Issue access token,Response,access_token,String,,,,Access token. Valid for 30 days.,https://developers.line.biz/en/reference/line-login/#issue-access-token
line-login,OAuth,Issue access token,Response,expires_in,Number,,,,Number of seconds until the access token expires.,https://developers.line.biz/en/reference/line-login/#issue-access-token
line-login,OAuth,Issue access token,Response,id_token,String,,,,"JSON Web Token (JWT) with information about the user. This property is returned only if you requested the openid scope. For more information about ID tokens, see Get profile information from ID tokens.",https://developers.line.biz/en/reference/line-login/#issue-access-token
line-login,OAuth,Issue access token,Response,refresh_token,String,,,,"Token used to get a new access token (refresh token). Valid for 90 days after the access token is issued. For more information, see Refresh access token.",https://developers.line.biz/en/reference/line-login/#issue-access-token
line-login,OAuth,Issue access token,Response,scope,String,,,,"Permissions granted to the access token. For more information on scopes, see Scopes. Even if the email permission is granted, the scope property doesn't include email.",https://developers.line.biz/en/reference/line-login/#issue-access-token
line-login,OAuth,Issue access token,Response,token_type,String,,,,Bearer,https://developers.line.biz/en/reference/line-login/#issue-access-token
line-login,OAuth,Verify access token validity,Query parameters,access_token,Access token,true,required,,,https://developers.line.biz/en/reference/line-login/#verify-access-token-validity
line-login,OAuth,Verify access token validity,Response,scope,String,,,,"Permissions granted to the access token. To learn more about scopes, see Scopes. Even if the email permission is granted, the scope property doesn't include email.",https://developers.line.biz/en/reference/line-login/#verify-access-token-validity
line-login,OAuth,Verify access token validity,Response,client_id,String,,,,Channel ID for which the access token is issued,https://developers.line.biz/en/reference/line-login/#verify-access-token-validity
line-login,OAuth,Verify access token validity,Response,expires_in,Number,,,,Number of seconds until the access token expires.,https://developers.line.biz/en/reference/line-login/#verify-access-token-validity
line-login,OAuth,Refresh access token,Request headers,Content-Type,application/x-www-form-urlencoded,true,required,,,https://developers.line.biz/en/reference/line-login/#refresh-access-token
line-login,OAuth,Refresh access token,Request body,grant_type,String,true,required,,refresh_token,https://developers.line.biz/en/reference/line-login/#refresh-access-token
line-login,OAuth,Refresh access token,Request body,refresh_token,String,true,required,,"The refresh token corresponding to the access token to be reissued. Valid for up to 90 days after the access token was issued. If the refresh token expires, you must prompt the user to log in again to generate a new access token.",https://developers.line.biz/en/reference/line-login/#refresh-access-token
line-login,OAuth,Refresh access token,Request body,client_id,String,true,required,,Channel ID. Found in the LINE Developers Console.,https://developers.line.biz/en/reference/line-login/#refresh-access-token
line-login,OAuth,Refresh access token,Request body,client_secret,String,false,"annotation=""See description""",,Channel secret. Found in the LINE Developers Console. - Required for channels whose App types is only Web app. - Ignored for channels whose App types is Mobile app and Web app. - Ignored for channels whose App types is only Mobile app.,https://developers.line.biz/en/reference/line-login/#refresh-access-token
line-login,OAuth,Refresh access token,Response,access_token,String,,,,Access token. Valid for 30 days.,https://developers.line.biz/en/reference/line-login/#refresh-access-token
line-login,OAuth,Refresh access token,Response,token_type,String,,,,Bearer,https://developers.line.biz/en/reference/line-login/#refresh-access-token
line-login,OAuth,Refresh access token,Response,refresh_token,String,,,,Refresh token you specified for the refresh_token property when requesting to reissue an access token. Getting a new access token won't extend the validity period of the refresh token.,https://developers.line.biz/en/reference/line-login/#refresh-access-token
line-login,OAuth,Refresh access token,Response,expires_in,Number,,,,Validity period of the access token. Expressed in the remaining number of seconds to expiry from when the API was called.,https://developers.line.biz/en/reference/line-login/#refresh-access-token
line-login,OAuth,Refresh access token,Response,scope,String,,,,"Permissions obtained through the access token. For more information on scopes, see Scopes. Even if the email permission is granted, the scope property doesn't include email.",https://developers.line.biz/en/reference/line-login/#refresh-access-token
line-login,OAuth,Revoke access token,Request headers,Content-Type,application/x-www-form-urlencoded,true,required,,,https://developers.line.biz/en/reference/line-login/#revoke-access-token
line-login,OAuth,Revoke access token,Request body,access_token,String,true,required,,Access token,https://developers.line.biz/en/reference/line-login/#revoke-access-token
line-login,OAuth,Revoke access token,Request body,client_id,String,true,required,,Channel ID. Found in the LINE Developers Console.,https://developers.line.biz/en/reference/line-login/#revoke-access-token
line-login,OAuth,Revoke access token,Request body,client_secret,String,false,"annotation=""See description""",,Channel secret. Found in the LINE Developers Console. - Required for channels whose App types is only Web app. - Ignored for channels whose App types is Mobile app and Web app. - Ignored for channels whose App types is only Mobile app.,https://developers.line.biz/en/reference/line-login/#revoke-access-token
line-login,OAuth,Deauthorize your app to which the user has granted permissions,Request headers,Authorization,Bearer {channel access token},true,required,,"The following types of channel access tokens are available: - Channel access token with a user-specified expiration (Channel access token v2.1) - Stateless channel access token For more information about how to issue channel access tokens, see Channel access token in the LINE Platform basics.",https://developers.line.biz/en/reference/line-login/#deauthorize-your-app-to-which-the-user-has-granted-permissions
line-login,OAuth,Deauthorize your app to which the user has granted permissions,Request body,userAccessToken,String,true,required,,Access token of the target user,https://developers.line.biz/en/reference/line-login/#deauthorize-your-app-to-which-the-user-has-granted-permissions
line-login,OAuth,Verify ID token,Request headers,Content-Type,application/x-www-form-urlencoded,true,required,,,https://developers.line.biz/en/reference/line-login/#verify-id-token
line-login,OAuth,Verify ID token,Request body,id_token,String,true,required,,ID token,https://developers.line.biz/en/reference/line-login/#verify-id-token
line-login,OAuth,Verify ID token,Request body,client_id,String,true,required,,Expected channel ID. Unique identifier for your channel issued by the LINE Platform. Found in the LINE Developers Console.,https://developers.line.biz/en/reference/line-login/#verify-id-token
line-login,OAuth,Verify ID token,Request body,nonce,String,false,optional,,Expected nonce value. Use the nonce value provided in the authorization request. Omit if the nonce value was not specified in the authorization request.,https://developers.line.biz/en/reference/line-login/#verify-id-token
line-login,OAuth,Verify ID token,Request body,user_id,String,false,optional,,Expected user ID. Learn how to get the user ID from Get user profile.,https://developers.line.biz/en/reference/line-login/#verify-id-token
line-login,OAuth,Verify ID token,Response,iss,String,,,,URL used to generate the ID token.,https://developers.line.biz/en/reference/line-login/#verify-id-token
line-login,OAuth,Verify ID token,Response,sub,String,,,,User ID for which the ID token was generated.,https://developers.line.biz/en/reference/line-login/#verify-id-token
line-login,OAuth,Verify ID token,Response,aud,String,,,,Channel ID,https://developers.line.biz/en/reference/line-login/#verify-id-token
line-login,OAuth,Verify ID token,Response,exp,Number,,,,The expiration time of the ID token in UNIX time (in seconds).,https://developers.line.biz/en/reference/line-login/#verify-id-token
line-login,OAuth,Verify ID token,Response,iat,Number,,,,Time when the ID token was generated in UNIX time (in seconds).,https://developers.line.biz/en/reference/line-login/#verify-id-token
line-login,OAuth,Verify ID token,Response,auth_time,Number,,,,Time the user was authenticated in UNIX time (in seconds). Not included if the max_age value wasn't specified in the authorization request.,https://developers.line.biz/en/reference/line-login/#verify-id-token
line-login,OAuth,Verify ID token,Response,nonce,String,,,,The nonce value specified in the authorization URL. Not included if the nonce value wasn't specified in the authorization request.,https://developers.line.biz/en/reference/line-login/#verify-id-token
line-login,OAuth,Verify ID token,Response,amr,Array of strings,,,,A list of authentication methods used by the user. Not included in the payload under certain conditions. One or more of: - pwd: Log in with email and password - lineautologin: LINE automatic login (including through LINE SDK) - lineqr: Log in with QR code - linesso: Log in with single sign-on - mfa: Log in with two-factor authentication,https://developers.line.biz/en/reference/line-login/#verify-id-token
line-login,OAuth,Verify ID token,Response,name,String,,,,User's display name. Not included if the profile scope wasn't specified in the authorization request.,https://developers.line.biz/en/reference/line-login/#verify-id-token
line-login,OAuth,Verify ID token,Response,picture,String,,,,User's profile image URL. Not included if the profile scope wasn't specified in the authorization request.,https://developers.line.biz/en/reference/line-login/#verify-id-token
line-login,OAuth,Verify ID token,Response,email,String,,,,User's email address. Not included if the email scope wasn't specified in the authorization request.,https://developers.line.biz/en/reference/line-login/#verify-id-token
line-login,OAuth,Get user information,Request headers,Authorization,Bearer {access token},true,required,,,https://developers.line.biz/en/reference/line-login/#get-user-information
line-login,OAuth,Get user information,Response,sub,String,,,,User ID,https://developers.line.biz/en/reference/line-login/#get-user-information
line-login,OAuth,Get user information,Response,name,String,,,,User's display name. Not included if the profile scope wasn't specified in the authorization request.,https://developers.line.biz/en/reference/line-login/#get-user-information
line-login,OAuth,Get user information,Response,picture,String,,,,User's profile image URL. Not included if the profile scope wasn't specified in the authorization request.,https://developers.line.biz/en/reference/line-login/#get-user-information
line-login,Profile,Get user profile,Request headers,Authorization,Bearer {access token},true,required,,,https://developers.line.biz/en/reference/line-login/#get-user-profile
line-login,Profile,Get user profile,Response,userId,String,,,,User ID,https://developers.line.biz/en/reference/line-login/#get-user-profile
line-login,Profile,Get user profile,Response,displayName,String,,,,User's display name,https://developers.line.biz/en/reference/line-login/#get-user-profile
line-login,Profile,Get user profile,Response,pictureUrl,String,,,,Profile image URL. This is an HTTPS URL. It's only included in the response if the user has set a profile image. Profile image thumbnails: You can get a thumbnail version of a user's profile image by appending any of the following suffixes to their profile image URL. | Suffix | Thumbnail size | | -------- | -------------- | | /large | 200 x 200 | | /small | 51 x 51 | e.g. https://profile.line-scdn.net/abcdefghijklmn/large,https://developers.line.biz/en/reference/line-login/#get-user-profile
line-login,Profile,Get user profile,Response,statusMessage,String,,,,User's status message. Not included in the response if the user doesn't have a status message.,https://developers.line.biz/en/reference/line-login/#get-user-profile
line-login,Friendship status,Get friendship status,Request headers,Authorization,Bearer {access token},true,required,,,https://developers.line.biz/en/reference/line-login/#get-friendship-status
line-login,Friendship status,Get friendship status,Response,friendFlag,Boolean,,,,"- true: The user has added the LINE Official Account as a friend and has not blocked it. - Otherwise, false.",https://developers.line.biz/en/reference/line-login/#get-friendship-status
line-login-v2,OAuth,Issue access token,Request headers,Content-Type,application/x-www-form-urlencoded,true,required,,,https://developers.line.biz/en/reference/line-login-v2/#issue-access-token
line-login-v2,OAuth,Issue access token,Request body,grant_type,String,true,required,,authorization_code,https://developers.line.biz/en/reference/line-login-v2/#issue-access-token
line-login-v2,OAuth,Issue access token,Request body,code,String,true,required,,Authorization code received from the LINE Platform,https://developers.line.biz/en/reference/line-login-v2/#issue-access-token
line-login-v2,OAuth,Issue access token,Request body,redirect_uri,String,true,required,,Callback URL,https://developers.line.biz/en/reference/line-login-v2/#issue-access-token
line-login-v2,OAuth,Issue access token,Request body,client_id,String,true,required,,Channel ID. Found in the LINE Developers Console.,https://developers.line.biz/en/reference/line-login-v2/#issue-access-token
line-login-v2,OAuth,Issue access token,Request body,client_secret,String,true,required,,Channel secret. Found in the LINE Developers Console.,https://developers.line.biz/en/reference/line-login-v2/#issue-access-token
line-login-v2,OAuth,Issue access token,Response,access_token,String,,,,Access token. Valid for 30 days.,https://developers.line.biz/en/reference/line-login-v2/#issue-access-token
line-login-v2,OAuth,Issue access token,Response,expires_in,Number,,,,Number of seconds until the access token expires.,https://developers.line.biz/en/reference/line-login-v2/#issue-access-token
line-login-v2,OAuth,Issue access token,Response,refresh_token,String,,,,"Token used to get a new access token (refresh token). Valid for up to 10 days after the access token expires. To learn more, see Refresh access token.",https://developers.line.biz/en/reference/line-login-v2/#issue-access-token
line-login-v2,OAuth,Issue access token,Response,scope,String,,,,Permissions granted to the access token. - P: You have permission to access the user's profile information.,https://developers.line.biz/en/reference/line-login-v2/#issue-access-token
line-login-v2,OAuth,Issue access token,Response,token_type,String,,,,Bearer,https://developers.line.biz/en/reference/line-login-v2/#issue-access-token
line-login-v2,OAuth,Verify access token validity,Request headers,Content-Type,application/x-www-form-urlencoded,true,required,,,https://developers.line.biz/en/reference/line-login-v2/#verify-access-token-validity
line-login-v2,OAuth,Verify access token validity,Request body,access_token,String,,,,Access token,https://developers.line.biz/en/reference/line-login-v2/#verify-access-token-validity
line-login-v2,OAuth,Verify access token validity,Response,scope,String,,,,Permissions granted to the access token. - P: You have permission to access the user's profile information.,https://developers.line.biz/en/reference/line-login-v2/#verify-access-token-validity
line-login-v2,OAuth,Verify access token validity,Response,client_id,String,,,,The channel ID for which the access token was issued.,https://developers.line.biz/en/reference/line-login-v2/#verify-access-token-validity
line-login-v2,OAuth,Verify access token validity,Response,expires_in,Number,,,,Number of seconds until the access token expires.,https://developers.line.biz/en/reference/line-login-v2/#verify-access-token-validity
line-login-v2,OAuth,Refresh access token,Request headers,Content-Type,application/x-www-form-urlencoded,true,required,,,https://developers.line.biz/en/reference/line-login-v2/#refresh-access-token
line-login-v2,OAuth,Refresh access token,Request body,grant_type,String,,,,refresh_token,https://developers.line.biz/en/reference/line-login-v2/#refresh-access-token
line-login-v2,OAuth,Refresh access token,Request body,refresh_token,String,,,,"The refresh token corresponding to the access token to be reissued. Valid for up to 10 days after the access token expires. If the refresh token expires, you must prompt the user to log in again to generate a new access token.",https://developers.line.biz/en/reference/line-login-v2/#refresh-access-token
line-login-v2,OAuth,Refresh access token,Request body,client_id,String,,,,Channel ID. Found in the LINE Developers Console.,https://developers.line.biz/en/reference/line-login-v2/#refresh-access-token
line-login-v2,OAuth,Refresh access token,Request body,client_secret,String,,,,Channel secret. Found in the LINE Developers Console.,https://developers.line.biz/en/reference/line-login-v2/#refresh-access-token
line-login-v2,OAuth,Refresh access token,Response,token_type,String,,,,Bearer,https://developers.line.biz/en/reference/line-login-v2/#refresh-access-token
line-login-v2,OAuth,Refresh access token,Response,scope,String,,,,Permissions granted to the access token. - P: You have permission to access the user's profile information.,https://developers.line.biz/en/reference/line-login-v2/#refresh-access-token
line-login-v2,OAuth,Refresh access token,Response,access_token,String,,,,Access token,https://developers.line.biz/en/reference/line-login-v2/#refresh-access-token
line-login-v2,OAuth,Refresh access token,Response,expires_in,Number,,,,Number of seconds until the access token expires.,https://developers.line.biz/en/reference/line-login-v2/#refresh-access-token
line-login-v2,OAuth,Refresh access token,Response,refresh_token,String,,,,Token used to get a new access token (refresh token). Valid for up to 10 days after the access token expires.,https://developers.line.biz/en/reference/line-login-v2/#refresh-access-token
line-login-v2,OAuth,Revoke access token,Request headers,Content-Type,application/x-www-form-urlencoded,true,required,,,https://developers.line.biz/en/reference/line-login-v2/#revoke-access-token
line-login-v2,OAuth,Revoke access token,Request body,refresh_token,String,,,,The refresh token corresponding to the access token to be invalidated.,https://developers.line.biz/en/reference/line-login-v2/#revoke-access-token
line-login-v2,Profile,Get user profile,Request headers,Authorization,Bearer {access token},true,required,,,https://developers.line.biz/en/reference/line-login-v2/#get-user-profile
line-login-v2,Profile,Get user profile,Response,userId,String,,,,User ID,https://developers.line.biz/en/reference/line-login-v2/#get-user-profile
line-login-v2,Profile,Get user profile,Response,displayName,String,,,,User's display name,https://developers.line.biz/en/reference/line-login-v2/#get-user-profile
line-login-v2,Profile,Get user profile,Response,pictureUrl,String,,,,Profile image URL. This is an HTTPS URL. Not included in the response if the user doesn't have a profile image. Profile image thumbnails: You can get a thumbnail version of a user's profile image by appending any of these suffixes to their profile image URL. Suffix | Thumbnail size -------- | ------ /large | 200 x 200 /small | 51 x 51 e.g. https://profile.line-scdn.net/abcdefghijklmn/large,https://developers.line.biz/en/reference/line-login-v2/#get-user-profile
line-login-v2,Profile,Get user profile,Response,statusMessage,String,,,,User's status message. Not included in the response if the user doesn't have a status message.,https://developers.line.biz/en/reference/line-login-v2/#get-user-profile
liff-server,Server API,Adding the LIFF app to a channel,Request headers,Authorization,Bearer {channel access token},true,required,,"For more information, see Preparing a channel access token.",https://developers.line.biz/en/reference/liff-server/#adding-the-liff-app-to-a-channel
liff-server,Server API,Adding the LIFF app to a channel,Request headers,Content-Type,application/json,true,required,,,https://developers.line.biz/en/reference/liff-server/#adding-the-liff-app-to-a-channel
liff-server,Server API,Adding the LIFF app to a channel,Request body,view.type,String,true,required,,"Size of the LIFF app view. Specify one of these values: - compact - tall - full For more information, see Size of the LIFF app view.",https://developers.line.biz/en/reference/liff-server/#adding-the-liff-app-to-a-channel
liff-server,Server API,Adding the LIFF app to a channel,Request body,view.url,String,true,required,,Endpoint URL. This is the URL of the web app that implements the LIFF app (e.g. https://example.com). Used when the LIFF app is launched using the LIFF URL. The URL scheme must be https. URL fragments (#URL-fragment) can't be specified.,https://developers.line.biz/en/reference/liff-server/#adding-the-liff-app-to-a-channel
liff-server,Server API,Adding the LIFF app to a channel,Request body,view.moduleMode,Boolean,false,optional,,"true to use the LIFF app in modular mode. When in modular mode, the action button in the header is not displayed.",https://developers.line.biz/en/reference/liff-server/#adding-the-liff-app-to-a-channel
liff-server,Server API,Adding the LIFF app to a channel,Request body,description,String,false,optional,,"Name of the LIFF app. The LIFF app name can't include ""LINE"" or similar strings, or inappropriate strings.",https://developers.line.biz/en/reference/liff-server/#adding-the-liff-app-to-a-channel
liff-server,Server API,Adding the LIFF app to a channel,Request body,features.qrCode,Boolean,false,optional,,true to use the 2D code reader in the LIFF app. false otherwise. The default value is false.,https://developers.line.biz/en/reference/liff-server/#adding-the-liff-app-to-a-channel
liff-server,Server API,Adding the LIFF app to a channel,Request body,permanentLinkPattern,String,false,optional,,"How additional information in LIFF URLs is handled. Specify concat. For more information, see Opening a LIFF app in the LIFF documentation.",https://developers.line.biz/en/reference/liff-server/#adding-the-liff-app-to-a-channel
liff-server,Server API,Adding the LIFF app to a channel,Request body,scope,Array of strings,false,optional,,"Array of scopes required for some LIFF SDK methods to function. - openid - email - profile - chat_message.write The default value is [""profile"", ""chat_message.write""]. For more information on each scope, see Adding the LIFF app to your channel in the LIFF documentation.",https://developers.line.biz/en/reference/liff-server/#adding-the-liff-app-to-a-channel
liff-server,Server API,Adding the LIFF app to a channel,Request body,botPrompt,String,false,optional,,Specify the setting for add friend option with one of the following values: - normal: Display the option to add the LINE Official Account as a friend in the channel consent screen. - aggressive: Display a screen with the option to add the LINE Official Account as a friend after the channel consent screen. - none: Don't display the option to add the LINE Official Account as a friend. The default value is none.,https://developers.line.biz/en/reference/liff-server/#adding-the-liff-app-to-a-channel
liff-server,Server API,Adding the LIFF app to a channel,Response,liffId,String,,,,LIFF app ID,https://developers.line.biz/en/reference/liff-server/#adding-the-liff-app-to-a-channel
liff-server,Server API,Update LIFF app settings,Request headers,Authorization,Bearer {channel access token},true,required,,"For more information, see Preparing a channel access token.",https://developers.line.biz/en/reference/liff-server/#update-liff-app-settings
liff-server,Server API,Update LIFF app settings,Request headers,Content-Type,application/json,true,required,,,https://developers.line.biz/en/reference/liff-server/#update-liff-app-settings
liff-server,Server API,Update LIFF app settings,Path parameters,liffId,ID of the LIFF app to be updated,true,required,,,https://developers.line.biz/en/reference/liff-server/#update-liff-app-settings
liff-server,Server API,Update LIFF app settings,Request body,view.type,String,false,optional,,"Size of the LIFF app view. Specify one of these values: - compact - tall - full For more information, see Size of the LIFF app view.",https://developers.line.biz/en/reference/liff-server/#update-liff-app-settings
liff-server,Server API,Update LIFF app settings,Request body,view.url,String,false,optional,,Endpoint URL. This is the URL of the web app that implements the LIFF app (e.g. https://example.com). Used when the LIFF app is launched using the LIFF URL. The URL scheme must be https. URL fragments (#URL-fragment) can't be specified.,https://developers.line.biz/en/reference/liff-server/#update-liff-app-settings
liff-server,Server API,Update LIFF app settings,Request body,view.moduleMode,Boolean,false,optional,,"true to use the LIFF app in modular mode. When in modular mode, the action button in the header is not displayed.",https://developers.line.biz/en/reference/liff-server/#update-liff-app-settings
liff-server,Server API,Update LIFF app settings,Request body,description,String,false,optional,,"Name of the LIFF app. The LIFF app name can't include ""LINE"" or similar strings, or inappropriate strings.",https://developers.line.biz/en/reference/liff-server/#update-liff-app-settings
liff-server,Server API,Update LIFF app settings,Request body,features.qrCode,Boolean,false,optional,,true to use the 2D code reader in the LIFF app. false otherwise.,https://developers.line.biz/en/reference/liff-server/#update-liff-app-settings
liff-server,Server API,Update LIFF app settings,Request body,permanentLinkPattern,String,false,optional,,"How additional information in LIFF URLs is handled. Specify concat. For more information, see Opening a LIFF app in the LIFF documentation.",https://developers.line.biz/en/reference/liff-server/#update-liff-app-settings
liff-server,Server API,Update LIFF app settings,Request body,scope,Array of strings,false,optional,,"Array of scopes required for some LIFF SDK methods to function. - openid - email - profile - chat_message.write For more information on each scope, see Adding the LIFF app to your channel in the LIFF documentation.",https://developers.line.biz/en/reference/liff-server/#update-liff-app-settings
liff-server,Server API,Update LIFF app settings,Request body,botPrompt,String,false,optional,,Specify the setting for add friend option with one of the following values: - normal: Display the option to add the LINE Official Account as a friend in the channel consent screen. - aggressive: Display a screen with the option to add the LINE Official Account as a friend after the channel consent screen. - none: Don't display the option to add the LINE Official Account as a friend.,https://developers.line.biz/en/reference/liff-server/#update-liff-app-settings
liff-server,Server API,Get all LIFF apps,Request headers,Authorization,Bearer {channel access token},true,required,,"For more information, see Preparing a channel access token.",https://developers.line.biz/en/reference/liff-server/#get-all-liff-apps
liff-server,Server API,Get all LIFF apps,Response,apps,Array of objects,,,,Array of LIFF app objects,https://developers.line.biz/en/reference/liff-server/#get-all-liff-apps
liff-server,Server API,Get all LIFF apps,Response,apps[].liffId,String,,,,LIFF app ID,https://developers.line.biz/en/reference/liff-server/#get-all-liff-apps
liff-server,Server API,Get all LIFF apps,Response,apps[].view.type,String,,,,"Size of the LIFF app view. One of these values: - compact - tall - full For more information, see Size of the LIFF app view.",https://developers.line.biz/en/reference/liff-server/#get-all-liff-apps
liff-server,Server API,Get all LIFF apps,Response,apps[].view.url,String,,,,Endpoint URL. This is the URL of the web app that implements the LIFF app (e.g. https://example.com). Used when the LIFF app is launched using the LIFF URL.,https://developers.line.biz/en/reference/liff-server/#get-all-liff-apps
liff-server,Server API,Get all LIFF apps,Response,apps[].view.moduleMode,Boolean,,,,"true to use the LIFF app in modular mode. When in modular mode, the action button in the header is not displayed.",https://developers.line.biz/en/reference/liff-server/#get-all-liff-apps
liff-server,Server API,Get all LIFF apps,Response,apps[].description,String,,,,Name of the LIFF app,https://developers.line.biz/en/reference/liff-server/#get-all-liff-apps
liff-server,Server API,Get all LIFF apps,Response,apps[].features.ble,Boolean,,,,true if the LIFF app supports Bluetooth® Low Energy for LINE Things. false otherwise.,https://developers.line.biz/en/reference/liff-server/#get-all-liff-apps
liff-server,Server API,Get all LIFF apps,Response,apps[].features.qrCode,Boolean,,,,true if the 2D code reader can be launched in the LIFF app. false otherwise.,https://developers.line.biz/en/reference/liff-server/#get-all-liff-apps
liff-server,Server API,Get all LIFF apps,Response,apps[].permanentLinkPattern,String,,,,"How additional information in LIFF URLs is handled. concat is returned. For more information, see Opening a LIFF app in the LIFF documentation.",https://developers.line.biz/en/reference/liff-server/#get-all-liff-apps
liff-server,Server API,Get all LIFF apps,Response,apps[].scope,Array of strings,,,,"Scopes of the LIFF app. - openid - email - profile - chat_message.write For more information on each scope, see Adding the LIFF app to your channel in the LIFF documentation.",https://developers.line.biz/en/reference/liff-server/#get-all-liff-apps
liff-server,Server API,Get all LIFF apps,Response,apps[].botPrompt,String,,,,The setting for add friend option. - normal: Display the option to add the LINE Official Account as a friend in the channel consent screen. - aggressive: Display a screen with the option to add the LINE Official Account as a friend after the channel consent screen. - none: Don't display the option to add the LINE Official Account as a friend.,https://developers.line.biz/en/reference/liff-server/#get-all-liff-apps
liff-server,Server API,Delete LIFF app from a channel,Request headers,Authorization,Bearer {channel access token},true,required,,"For more information, see Preparing a channel access token.",https://developers.line.biz/en/reference/liff-server/#delete-liff-app-from-a-channel
liff-server,Server API,Delete LIFF app from a channel,Path parameters,liffId,ID of the LIFF app to be deleted,true,required,,,https://developers.line.biz/en/reference/liff-server/#delete-liff-app-from-a-channel
line-mini-app,Service Messages,Issuing a service notification token,Request headers,Content-Type,application/json,true,required,,,https://developers.line.biz/en/reference/line-mini-app/#issuing-a-service-notification-token
line-mini-app,Service Messages,Issuing a service notification token,Request headers,Authorization,Bearer {channel access token},true,required,,"For more information, see Channel access token in the LINE Platform basics.",https://developers.line.biz/en/reference/line-mini-app/#issuing-a-service-notification-token
line-mini-app,Service Messages,Issuing a service notification token,Request body,liffAccessToken,String,true,required,,User access token obtained by liff.getAccessToken() (LIFF access token).,https://developers.line.biz/en/reference/line-mini-app/#issuing-a-service-notification-token
line-mini-app,Service Messages,Issuing a service notification token,Response,notificationToken,String,,,,Service notification token,https://developers.line.biz/en/reference/line-mini-app/#issuing-a-service-notification-token
line-mini-app,Service Messages,Issuing a service notification token,Response,expiresIn,Number,,,,"The amount of time remaining in seconds before the service notification token expires. A service notification token expires 1 year (31,536,000 seconds) after being issued.",https://developers.line.biz/en/reference/line-mini-app/#issuing-a-service-notification-token
line-mini-app,Service Messages,Issuing a service notification token,Response,remainingCount,Number,,,,The number of times you can send a service message with the issued service notification token,https://developers.line.biz/en/reference/line-mini-app/#issuing-a-service-notification-token
line-mini-app,Service Messages,Issuing a service notification token,Response,sessionId,String,,,,"The session ID. For more information, see Sending service messages.",https://developers.line.biz/en/reference/line-mini-app/#issuing-a-service-notification-token
line-mini-app,Service Messages,Sending service messages,Request headers,Content-Type,application/json,true,required,,,https://developers.line.biz/en/reference/line-mini-app/#sending-service-messages
line-mini-app,Service Messages,Sending service messages,Request headers,Authorization,Bearer {channel access token},true,required,,"For more information, see Channel access token in the LINE Platform basics.",https://developers.line.biz/en/reference/line-mini-app/#sending-service-messages
line-mini-app,Service Messages,Sending service messages,Query parameters,target,service,true,required,,,https://developers.line.biz/en/reference/line-mini-app/#sending-service-messages
line-mini-app,Service Messages,Sending service messages,Request body,templateName,String,true,required,30,"The name of the template that was added and will be used for the service message. You can check the template name in the LINE Developers Console. For more information, see Types of service messages that can be sent. Use with a BCP 47 language tag suffix. Format: {template name}_{BCP 47 language tag} Max character limit: 30 Note The languages and language tags supported by the service message are as follows. - Japanese: ja - English: en - Chinese (Traditional): zh-TW - Thai: th - Indonesian: id - Korean: ko",https://developers.line.biz/en/reference/line-mini-app/#sending-service-messages
line-mini-app,Service Messages,Sending service messages,Request body,params,object,true,required,,"JSON Object to specify each template variable-value pair. If the template has no template variable, specify an empty JSON object ({ }). The template variables are defined for each template. If a template variable is part of the required elements, be sure to specify a template variable-value pair. For more information, see Adding service message templates to the channel.",https://developers.line.biz/en/reference/line-mini-app/#sending-service-messages
line-mini-app,Service Messages,Sending service messages,Request body,notificationToken,String,true,required,,Service notification token,https://developers.line.biz/en/reference/line-mini-app/#sending-service-messages
line-mini-app,Service Messages,Sending service messages,Response,notificationToken,String,,,,A renewed service notification token. Use this service notification token to send successive service messages.,https://developers.line.biz/en/reference/line-mini-app/#sending-service-messages
line-mini-app,Service Messages,Sending service messages,Response,expiresIn,Number,,,,The remaining amount of time in seconds until renewed service notification token expires,https://developers.line.biz/en/reference/line-mini-app/#sending-service-messages
line-mini-app,Service Messages,Sending service messages,Response,remainingCount,Number,,,,The number of times you can send successive service messages with the renewed service notification token.,https://developers.line.biz/en/reference/line-mini-app/#sending-service-messages
line-mini-app,Service Messages,Sending service messages,Response,sessionId,String,,,,"The session ID. For more information, see Sending service messages.",https://developers.line.biz/en/reference/line-mini-app/#sending-service-messages
line-mini-app,Common Profile Quick-fill,liff.$commonProfile.get(),Arguments,scopes,Array of strings,true,required,,"Specify the scope of the Common Profile you want to obtain. For information on the values that can be specified for scopes, see The scopes parameters that can be specified and its return value.",https://developers.line.biz/en/reference/line-mini-app/#liff-commonprofileget
line-mini-app,Common Profile Quick-fill,liff.$commonProfile.get(),Arguments,options,Object,false,optional,,Options for getting Common Profile information,https://developers.line.biz/en/reference/line-mini-app/#liff-commonprofileget
line-mini-app,Common Profile Quick-fill,liff.$commonProfile.get(),Arguments,options.formatOptions,Object,false,optional,,"Options related to the format of information. Specify a formatOptions object for each scope specified in the scopes property. Specify the scope for which you want to set the option in camel case format as the key. For example, when the scope is given-name, the key is givenName.",https://developers.line.biz/en/reference/line-mini-app/#liff-commonprofileget
line-mini-app,Common Profile Quick-fill,liff.$commonProfile.get(),`formatOptions` object,excludeEmojis,Boolean,false,optional,,Whether to remove emojis from the string. The default is true. This can only be specified in the following scopes: - givenName - familyName,https://developers.line.biz/en/reference/line-mini-app/#liff-commonprofileget
line-mini-app,Common Profile Quick-fill,liff.$commonProfile.get(),`formatOptions` object,excludeNonJp,Boolean,false,optional,,"Whether to exclude phone numbers with 12 or more digits. The default is true. If true, an empty string and error information are returned when the phone number has 12 or more digits. This can only be specified in the following scope: - tel",https://developers.line.biz/en/reference/line-mini-app/#liff-commonprofileget
line-mini-app,Common Profile Quick-fill,liff.$commonProfile.get(),`formatOptions` object,digitsOnly,Boolean,false,optional,,"Whether to exclude postal codes that contain non-numeric characters. The default is true. If true, an empty string and error information are returned when the postal code contains characters other than numbers. This can only be specified in the following scope: - postalCode",https://developers.line.biz/en/reference/line-mini-app/#liff-commonprofileget
line-mini-app,Common Profile Quick-fill,liff.$commonProfile.getDummy(),Arguments,scopes,Array of strings,true,required,,"Specify the scope of the Common Profile you want to obtain. For information on the values that can be specified for scopes, see The scopes parameters that can be specified and its return value.",https://developers.line.biz/en/reference/line-mini-app/#liff-commonprofilegetdummy
line-mini-app,Common Profile Quick-fill,liff.$commonProfile.getDummy(),Arguments,options,Object,false,optional,,Options for getting Common Profile information,https://developers.line.biz/en/reference/line-mini-app/#liff-commonprofilegetdummy
line-mini-app,Common Profile Quick-fill,liff.$commonProfile.getDummy(),Arguments,options.formatOptions,Object,false,optional,,"Options related to the format of information. Specify a formatOptions object for each scope specified in the scopes property. Specify the scope for which you want to set the option in camel case format as the key. For example, when the scope is given-name, the key is givenName.",https://developers.line.biz/en/reference/line-mini-app/#liff-commonprofilegetdummy
line-mini-app,Common Profile Quick-fill,liff.$commonProfile.getDummy(),Arguments,caseId,number,true,required,,"Specify the ID of the dummy data you want to get. Dummy data with IDs from 1 to 10 is available. For information about dummy data for each caseId, see Dummy data for Common Profile that can be obtained.",https://developers.line.biz/en/reference/line-mini-app/#liff-commonprofilegetdummy
line-mini-app,Common Profile Quick-fill,liff.$commonProfile.fill(),Arguments,profile,Partial<CommonProfile>,true,required,,"Specify the profile information that is automatically fill into the form as a Partial<CommonProfile> type. For information on the scopes, that can be specified, see The scopes parameters that can be specified and its return value.",https://developers.line.biz/en/reference/line-mini-app/#liff-commonprofilefill
line-mini-app,In-app purchase (Client),liff.iap.getPlatformProducts(),Arguments,productIds,Array of strings,true,required,,Array of product IDs for items you want to retrieve,https://developers.line.biz/en/reference/line-mini-app/#liffiapgetplatformproducts
line-mini-app,In-app purchase (Client),liff.iap.getPlatformProducts(),Return value,currency,String,,,,Currency code in ISO 4217 format. Returned in the currency localized to the region of the app store the user is using.,https://developers.line.biz/en/reference/line-mini-app/#liffiapgetplatformproducts
line-mini-app,In-app purchase (Client),liff.iap.getPlatformProducts(),Return value,price,Number,,,,Price of the item. Returned in the currency localized to the region of the app store the user is using.,https://developers.line.biz/en/reference/line-mini-app/#liffiapgetplatformproducts
line-mini-app,In-app purchase (Client),liff.iap.getPlatformProducts(),Return value,productName,String,,,,Name of the item. Returned in the representation localized to the region of the app store the user is using.,https://developers.line.biz/en/reference/line-mini-app/#liffiapgetplatformproducts
line-mini-app,In-app purchase (Client),liff.iap.createPayment(),Arguments,productId,String,true,required,,Pre-defined product ID,https://developers.line.biz/en/reference/line-mini-app/#liffiapcreatepayment
line-mini-app,In-app purchase (Client),liff.iap.createPayment(),Arguments,orderId,String,true,required,,"Order ID obtained from the ""Reserve purchase"" endpoint",https://developers.line.biz/en/reference/line-mini-app/#liffiapcreatepayment
line-mini-app,In-app purchase (Server),Error response,,errorCode,String,true,required,,Error code,https://developers.line.biz/en/reference/line-mini-app/#error-response
line-mini-app,In-app purchase (Server),Error response,,message,String,true,required,,Error message,https://developers.line.biz/en/reference/line-mini-app/#error-response
line-mini-app,In-app purchase (Server),Error response,,details,array,false,"annotation=""Not always included""",,Error details,https://developers.line.biz/en/reference/line-mini-app/#error-response
line-mini-app,In-app purchase (Server),Error response,,details[].message,String,false,"annotation=""Not always included""",,Detailed message,https://developers.line.biz/en/reference/line-mini-app/#error-response
line-mini-app,In-app purchase (Server),Error response,,details[].property,String,false,"annotation=""Not always included""",,Location where error occurred,https://developers.line.biz/en/reference/line-mini-app/#error-response
line-mini-app,In-app purchase (Server),Reserve purchase,Request headers,Authorization,Bearer {user access token},true,required,,The current user's access token. Can be obtained with the liff.getAccessToken() method.,https://developers.line.biz/en/reference/line-mini-app/#reserve-purchase
line-mini-app,In-app purchase (Server),Reserve purchase,Request headers,Content-Type,application/json,true,required,,,https://developers.line.biz/en/reference/line-mini-app/#reserve-purchase
line-mini-app,In-app purchase (Server),Reserve purchase,Request body,clientIp,String,true,required,,The IP address of the user's device obtained from the server. Specify in IPv4 or IPv6 format.,https://developers.line.biz/en/reference/line-mini-app/#reserve-purchase
line-mini-app,In-app purchase (Server),Reserve purchase,Request body,clientOs,String,true,required,,The value obtained from the liff.getOS() method. Either ios or android.,https://developers.line.biz/en/reference/line-mini-app/#reserve-purchase
line-mini-app,In-app purchase (Server),Reserve purchase,Request body,productId,String,true,required,,The product ID of the item to be purchased.,https://developers.line.biz/en/reference/line-mini-app/#reserve-purchase
line-mini-app,In-app purchase (Server),Reserve purchase,Request body,shopProductName,String,true,required,,The item name displayed in the purchase history. Emojis and symbols can't be used. Set an appropriate value so that users can recognize the item they purchased. Maximum characters: 20 (UTF-16),https://developers.line.biz/en/reference/line-mini-app/#reserve-purchase
line-mini-app,In-app purchase (Server),Reserve purchase,Response,orderId,String,,,,Order ID.,https://developers.line.biz/en/reference/line-mini-app/#reserve-purchase
line-mini-app,In-app purchase (Server),Get webhook event history,Request headers,Authorization,Bearer {channel access token},true,required,,"For more information, see Channel access token in the LINE Platform Basics.",https://developers.line.biz/en/reference/line-mini-app/#get-webhook-event-history
line-mini-app,In-app purchase (Server),Get webhook event history,Query parameters,startEpochSeconds,Number,true,required,,Specifies the start date and time of the period for which you want to retrieve webhook event history. The specified date and time are included in the retrieval target. Specify a UNIX time (in seconds) within the past 7 days.,https://developers.line.biz/en/reference/line-mini-app/#get-webhook-event-history
line-mini-app,In-app purchase (Server),Get webhook event history,Query parameters,endEpochSeconds,Number,true,required,,Specifies the end date and time of the period for which you want to retrieve webhook event history. The specified date and time are included in the retrieval target. Specify a UNIX time (in seconds) within the past 7 days.,https://developers.line.biz/en/reference/line-mini-app/#get-webhook-event-history
line-mini-app,In-app purchase (Server),Get webhook event history,Query parameters,cursor,String,,,,"Cursor for the webhook event page. Do not specify this in the first request. For the second and subsequent requests, you can retrieve the subsequent webhook events by specifying the nextCursor value included in the response from the previous request.",https://developers.line.biz/en/reference/line-mini-app/#get-webhook-event-history
line-mini-app,In-app purchase (Server),Get webhook event history,Query parameters,pageSize,Number,true,required,,Number of webhook events per page.<br> <ul><li>Minimum value: 1</li><li>Maximum value: 100</li></ul>,https://developers.line.biz/en/reference/line-mini-app/#get-webhook-event-history
line-mini-app,In-app purchase (Server),Get webhook event history,Query parameters,status,String,,,,"Status of the webhook events you want to retrieve. Specify one of the following: - SUCCESS: Retrieves the history of webhook events received successfully. - FAILED: Retrieves the history of webhook events that failed to be received. If not specified, the history of all webhook events is retrieved regardless of whether the receipt was successful or failed.",https://developers.line.biz/en/reference/line-mini-app/#get-webhook-event-history
line-mini-app,In-app purchase (Server),Get webhook event history,Response,events,Array,,,,List of webhook events.,https://developers.line.biz/en/reference/line-mini-app/#get-webhook-event-history
line-mini-app,In-app purchase (Server),Get webhook event history,Response,events[].transactionType,String,,,,Always returns PRODUCT.,https://developers.line.biz/en/reference/line-mini-app/#get-webhook-event-history
line-mini-app,In-app purchase (Server),Get webhook event history,Response,events[].event,Object,,,,Webhook event object.,https://developers.line.biz/en/reference/line-mini-app/#get-webhook-event-history
line-mini-app,In-app purchase (Server),Get webhook event history,Response,nextCursor,String,false,"annotation=""Not always included""",,"Cursor for the next page. If the next page does not exist, the value is null.",https://developers.line.biz/en/reference/line-mini-app/#get-webhook-event-history
line-mini-app,In-app purchase webhook event object,Purchase complete event,Webhook payload,type,String,,,,The type of webhook event. purchaseComplete is specified.,https://developers.line.biz/en/reference/line-mini-app/#purchase-complete-event
line-mini-app,In-app purchase webhook event object,Purchase complete event,Webhook payload,orderId,String,,,,"The ID of the order purchased by the user. Included in the response of the ""Reserve purchase"" endpoint.",https://developers.line.biz/en/reference/line-mini-app/#purchase-complete-event
line-mini-app,In-app purchase webhook event object,Purchase complete event,Webhook payload,productId,String,,,,The product ID (productId) of the item purchased by the user.,https://developers.line.biz/en/reference/line-mini-app/#purchase-complete-event
line-mini-app,In-app purchase webhook event object,Purchase complete event,Webhook payload,userId,String,,,,The user ID of the user who made the purchase.,https://developers.line.biz/en/reference/line-mini-app/#purchase-complete-event
line-mini-app,In-app purchase webhook event object,Purchase complete event,Webhook payload,purchaseTimestamp,number,,,,The time when the payment was completed on the LINE Platform. The unit is UNIX time (in seconds). This time is not the time when the user actually completed the payment.,https://developers.line.biz/en/reference/line-mini-app/#purchase-complete-event
line-mini-app,In-app purchase webhook event object,Purchase complete event,Webhook payload,channelId,String,,,,The channel ID of the LINE MINI App channel.,https://developers.line.biz/en/reference/line-mini-app/#purchase-complete-event
line-mini-app,In-app purchase webhook event object,Refund event,Webhook payload,type,String,,,,The type of webhook event. refundComplete is specified.,https://developers.line.biz/en/reference/line-mini-app/#refund-event
line-mini-app,In-app purchase webhook event object,Refund event,Webhook payload,orderId,String,,,,The ID of the order that was refunded by the user. Included in the response of the Reserve purchase endpoint.,https://developers.line.biz/en/reference/line-mini-app/#refund-event
line-mini-app,In-app purchase webhook event object,Refund event,Webhook payload,productId,String,,,,The product ID (productId) of the item that was refunded by the user.,https://developers.line.biz/en/reference/line-mini-app/#refund-event
line-mini-app,In-app purchase webhook event object,Refund event,Webhook payload,userId,String,,,,The user ID of the user who requested the refund.,https://developers.line.biz/en/reference/line-mini-app/#refund-event
line-mini-app,In-app purchase webhook event object,Refund event,Webhook payload,purchaseTimestamp,number,,,,The time when the refunded item was purchased. The unit is UNIX time (in seconds). Matches the purchaseTimestamp of the purchase complete event. This time is not when the user actually completed the refund.,https://developers.line.biz/en/reference/line-mini-app/#refund-event
line-mini-app,In-app purchase webhook event object,Refund event,Webhook payload,channelId,String,,,,The channel ID of the LINE MINI App channel.,https://developers.line.biz/en/reference/line-mini-app/#refund-event
line-notification-messages,LINE notification messages (template),Send a LINE notification message (template),Request headers,Content-Type,application/json,true,required,,,https://developers.line.biz/en/reference/line-notification-messages/#send-a-line-notification-message-template
line-notification-messages,LINE notification messages (template),Send a LINE notification message (template),Request headers,Authorization,Bearer {channel access token},true,required,,,https://developers.line.biz/en/reference/line-notification-messages/#send-a-line-notification-message-template
line-notification-messages,LINE notification messages (template),Send a LINE notification message (template),Request headers,X-Line-Delivery-Tag,"String returned in the delivery.data property of the delivery completion event via webhook. For more information, see Get message delivery notifications.",false,optional,,Minimum character count: 16 Max character count: 100,https://developers.line.biz/en/reference/line-notification-messages/#send-a-line-notification-message-template
line-notification-messages,LINE notification messages (template),Send a LINE notification message (template),Request body,to,String,true,required,,"Message destination. Specify a phone number that has been normalized to E.164 format and hashed with SHA256. For more information about conditions for sending a message, see Conditions for sending LINE notification messages. Note - You can't specify group chats or multi-person chats. - You can't specify multiple phone numbers as the transmission target.",https://developers.line.biz/en/reference/line-notification-messages/#send-a-line-notification-message-template
line-notification-messages,LINE notification messages (template),Send a LINE notification message (template),Request body,templateKey,String,true,required,,Specify the Key of the template you want to send. See Templates for available Key.,https://developers.line.biz/en/reference/line-notification-messages/#send-a-line-notification-message-template
line-notification-messages,LINE notification messages (template),Send a LINE notification message (template),Request body,body,Object,false,optional,,The body object of the template you want to send. Specify the content of the message with three objects. You can't specify the same item more than once in a single message. - emphasizedItem: The item to emphasize. - items: The array of items. - buttons: The array of buttons.,https://developers.line.biz/en/reference/line-notification-messages/#send-a-line-notification-message-template
line-notification-messages,LINE notification messages (template),Send a LINE notification message (template),Request body,body.emphasizedItem,Object,false,optional,,Specify the item you want to emphasize in the message. Max number of objects: 1,https://developers.line.biz/en/reference/line-notification-messages/#send-a-line-notification-message-template
line-notification-messages,LINE notification messages (template),Send a LINE notification message (template),Request body,body.items,Array of objects,false,optional,,Specify the array of items you want to include in the message. Min number of objects: 0 Max number of objects: 15,https://developers.line.biz/en/reference/line-notification-messages/#send-a-line-notification-message-template
line-notification-messages,LINE notification messages (template),Send a LINE notification message (template),Request body,body.buttons,Array of objects,false,optional,,Specify the array of buttons you want to include in the message. Min number of objects: 0 Max number of objects: 2,https://developers.line.biz/en/reference/line-notification-messages/#send-a-line-notification-message-template
line-notification-messages,LINE notification messages (template),Send a LINE notification message (template),Request body,itemKey,String,true,required,,Specify the Key of the item you want to include. See Items for available Key.,https://developers.line.biz/en/reference/line-notification-messages/#send-a-line-notification-message-template
line-notification-messages,LINE notification messages (template),Send a LINE notification message (template),Request body,content,String,true,required,,"Specify the string to be displayed as the value of the item. Max number of characters: 15 for body.emphasizedItem, 300 for body.items",https://developers.line.biz/en/reference/line-notification-messages/#send-a-line-notification-message-template
line-notification-messages,LINE notification messages (template),Send a LINE notification message (template),Request body,buttonKey,String,true,required,,Specify the Key of the button you want to include. See Buttons for available Key.,https://developers.line.biz/en/reference/line-notification-messages/#send-a-line-notification-message-template
line-notification-messages,LINE notification messages (template),Send a LINE notification message (template),Request body,url,String,true,required,,Specify the URL of the page to be opened when the user presses the button. Max number of characters: 1000,https://developers.line.biz/en/reference/line-notification-messages/#send-a-line-notification-message-template
line-notification-messages,LINE notification messages (template),Get number of sent LINE notification messages (template),Request header,Authorization,Bearer {channel access token},true,required,,,https://developers.line.biz/en/reference/line-notification-messages/#get-number-of-sent-line-notification-messages-template
line-notification-messages,LINE notification messages (template),Get number of sent LINE notification messages (template),Query parameter,date,Date the message was sent,true,required,,- Format: yyyyMMdd (Example:20240916) - Time zone: UTC+9,https://developers.line.biz/en/reference/line-notification-messages/#get-number-of-sent-line-notification-messages-template
line-notification-messages,LINE notification messages (template),Get number of sent LINE notification messages (template),Response,status,String,,,,Aggregation processing status. One of: - ready: You can get the number of messages. - unready: The total number of messages for the date specified in date isn't yet complete. Try the request again after a short time. The aggregation process is usually completed within the next day. - out_of_service: The date specified in date is before the aggregation system operation's start date (03/31/2018).,https://developers.line.biz/en/reference/line-notification-messages/#get-number-of-sent-line-notification-messages-template
line-notification-messages,LINE notification messages (template),Get number of sent LINE notification messages (template),Response,success,Number,false,"annotation=""Not always included""",,Number of messages sent using the LINE notification messages API on the date specified in date. Only included in the response if the value of status is ready.,https://developers.line.biz/en/reference/line-notification-messages/#get-number-of-sent-line-notification-messages-template
line-notification-messages,LINE notification messages (flexible),Send a LINE notification message (flexible),Request header,Content-Type,application/json,true,required,,,https://developers.line.biz/en/reference/line-notification-messages/#send-a-line-notification-message-flexible
line-notification-messages,LINE notification messages (flexible),Send a LINE notification message (flexible),Request header,Authorization,Bearer {channel access token},true,required,,,https://developers.line.biz/en/reference/line-notification-messages/#send-a-line-notification-message-flexible
line-notification-messages,LINE notification messages (flexible),Send a LINE notification message (flexible),Request header,X-Line-Delivery-Tag,"String returned in the delivery.data property of the delivery completion event via Webhook. For more information, see Get message delivery notifications.",false,optional,,Minimum character count: 16 Max character count: 100,https://developers.line.biz/en/reference/line-notification-messages/#send-a-line-notification-message-flexible
line-notification-messages,LINE notification messages (flexible),Send a LINE notification message (flexible),Request body,to,String,true,required,,"Message destination. Specify a phone number that has been normalized to E.164 format and hashed with SHA256. For more information about conditions for sending a message, see Conditions for sending LINE notification messages. Note - You can't specify group chats and chats with multiple users. - You can't specify multiple phone numbers as the transmission target.",https://developers.line.biz/en/reference/line-notification-messages/#send-a-line-notification-message-flexible
line-notification-messages,LINE notification messages (flexible),Send a LINE notification message (flexible),Request body,messages,Array of message objects,true,required,5,"Message to be sent. Max: 5 For more information, see Message types that can be sent in LINE notification messages.",https://developers.line.biz/en/reference/line-notification-messages/#send-a-line-notification-message-flexible
line-notification-messages,LINE notification messages (flexible),Get number of sent LINE notification messages (flexible),Request header,Authorization,Bearer {channel access token},true,required,,,https://developers.line.biz/en/reference/line-notification-messages/#get-number-of-sent-line-notification-messages-flexible
line-notification-messages,LINE notification messages (flexible),Get number of sent LINE notification messages (flexible),Query parameter,date,Date the message was sent,true,required,,- Format: yyyyMMdd (Example:20211231) - Time zone: UTC+9,https://developers.line.biz/en/reference/line-notification-messages/#get-number-of-sent-line-notification-messages-flexible
line-notification-messages,LINE notification messages (flexible),Get number of sent LINE notification messages (flexible),Response,status,String,,,,Aggregation processing status. One of: - ready: You can get the number of messages. - unready: The total number of messages for the date specified in date isn't yet complete. Try the request again after a short time. The aggregation process is usually completed within the next day. - out_of_service: The date specified in date is before the aggregation system operation's start date (03/31/2018).,https://developers.line.biz/en/reference/line-notification-messages/#get-number-of-sent-line-notification-messages-flexible
line-notification-messages,LINE notification messages (flexible),Get number of sent LINE notification messages (flexible),Response,success,Number,false,"annotation=""Not always included""",,Number of messages sent using the LINE notification messages API on the date specified in date. Only included in the response if the value of status is ready.,https://developers.line.biz/en/reference/line-notification-messages/#get-number-of-sent-line-notification-messages-flexible
partner-docs,Mission Sticker API,Provide mission stickers to the users,Request headers,Content-Type,application/json,true,required,,,https://developers.line.biz/en/reference/partner-docs/#provide-mission-stickers-to-the-users
partner-docs,Mission Sticker API,Provide mission stickers to the users,Request headers,Authorization,Bearer {channel access token},true,required,,,https://developers.line.biz/en/reference/partner-docs/#provide-mission-stickers-to-the-users
partner-docs,Mission Sticker API,Provide mission stickers to the users,Request body,to,String,true,required,,User ID of a user to grant download permission,https://developers.line.biz/en/reference/partner-docs/#provide-mission-stickers-to-the-users
partner-docs,Mission Sticker API,Provide mission stickers to the users,Request body,productType,String,true,required,,STICKER,https://developers.line.biz/en/reference/partner-docs/#provide-mission-stickers-to-the-users
partner-docs,Mission Sticker API,Provide mission stickers to the users,Request body,productId,String,true,required,,Package ID for a set of stickers,https://developers.line.biz/en/reference/partner-docs/#provide-mission-stickers-to-the-users
partner-docs,Mission Sticker API,Provide mission stickers to the users,Request body,sendPresentMessage,Boolean,true,required,,false,https://developers.line.biz/en/reference/partner-docs/#provide-mission-stickers-to-the-users
partner-docs,Mission Sticker API,Provide mission stickers to the users,Error response,message,String,,,,"Message containing error information. For more information, see Error messages.",https://developers.line.biz/en/reference/partner-docs/#provide-mission-stickers-to-the-users
partner-docs,Mark as read API (old),Mark messages from users as read,Request headers,Content-Type,application/json,true,required,,,https://developers.line.biz/en/reference/partner-docs/#mark-messages-from-users-as-read
partner-docs,Mark as read API (old),Mark messages from users as read,Request headers,Authorization,Bearer {channel access token},true,required,,,https://developers.line.biz/en/reference/partner-docs/#mark-messages-from-users-as-read
partner-docs,Mark as read API (old),Mark messages from users as read,Request body,chat.userId,String,true,required,,The target user ID,https://developers.line.biz/en/reference/partner-docs/#mark-messages-from-users-as-read
partner-docs,Module,Attach by operation of the module channel provider,Request headers,Content-Type,application/x-www-form-urlencoded,true,required,,,https://developers.line.biz/en/reference/partner-docs/#attach-by-operation-of-the-module-channel-provider
partner-docs,Module,Attach by operation of the module channel provider,Request headers,Authorization,Basic {base64({Channel ID}:{Channel Secret})},false,optional,,"For {base64({Channel ID}:{Channel Secret})}, specify a Base64-encoded string by concatenating ""Module Channel ID"" and ""Module Channel Secret"" with :. You can find the module channel's channel ID and channel secret in the LINE Developers Console. Instead of using client_id and client_secret in request body, you can use this header to specify the channel ID and the channel secret of the module channel.",https://developers.line.biz/en/reference/partner-docs/#attach-by-operation-of-the-module-channel-provider
partner-docs,Module,Attach by operation of the module channel provider,Request body,grant_type,String,true,required,,authorization_code,https://developers.line.biz/en/reference/partner-docs/#attach-by-operation-of-the-module-channel-provider
partner-docs,Module,Attach by operation of the module channel provider,Request body,code,String,true,required,,Authorization code received from the LINE Platform.,https://developers.line.biz/en/reference/partner-docs/#attach-by-operation-of-the-module-channel-provider
partner-docs,Module,Attach by operation of the module channel provider,Request body,redirect_uri,String,true,required,,Specify the redirect_uri specified in the URL for authentication and authorization.,https://developers.line.biz/en/reference/partner-docs/#attach-by-operation-of-the-module-channel-provider
partner-docs,Module,Attach by operation of the module channel provider,Request body,code_verifier,String,false,optional,,Specify when using PKCE (Proof Key for Code Exchange) defined in the OAuth 2.0 extension specification as a countermeasure against authorization code interception attacks. Compliant with RFC 7636.,https://developers.line.biz/en/reference/partner-docs/#attach-by-operation-of-the-module-channel-provider
partner-docs,Module,Attach by operation of the module channel provider,Request body,client_id,String,false,optional,,"Instead of using Authorization header, you can use this parameter to specify the channel ID of the module channel. You can find the channel ID of the module channel in the LINE Developers Console.",https://developers.line.biz/en/reference/partner-docs/#attach-by-operation-of-the-module-channel-provider
partner-docs,Module,Attach by operation of the module channel provider,Request body,client_secret,String,false,optional,,"Instead of using Authorization header, you can use this parameter to specify the channel secret of the module channel. You can find the channel secret of the module channel in the LINE Developers Console.",https://developers.line.biz/en/reference/partner-docs/#attach-by-operation-of-the-module-channel-provider
partner-docs,Module,Attach by operation of the module channel provider,Request body,region,String,false,optional,,"If you specified a value for region in the URL for authentication and authorization, specify the same value.",https://developers.line.biz/en/reference/partner-docs/#attach-by-operation-of-the-module-channel-provider
partner-docs,Module,Attach by operation of the module channel provider,Request body,basic_search_id,String,false,optional,,"If you specified a value for basic_search_id in the URL for authentication and authorization, specify the same value.",https://developers.line.biz/en/reference/partner-docs/#attach-by-operation-of-the-module-channel-provider
partner-docs,Module,Attach by operation of the module channel provider,Request body,scope,String,false,optional,,"If you specified a value for scope in the URL for authentication and authorization, specify the same value.",https://developers.line.biz/en/reference/partner-docs/#attach-by-operation-of-the-module-channel-provider
partner-docs,Module,Attach by operation of the module channel provider,Request body,brand_type,String,false,optional,,"If you specified a value for brand_type in the URL for authentication and authorization, specify the same value.",https://developers.line.biz/en/reference/partner-docs/#attach-by-operation-of-the-module-channel-provider
partner-docs,Module,Attach by operation of the module channel provider,Response,bot_id,String,,,,User ID of the bot on the LINE Official Account. The bot's user ID is used when calling the Messaging API or the Acquire Control API. Note The bot's user ID isn't the Your user ID displayed on the Basic Settings tab of the LINE Developers Console for the Messaging API channel.,https://developers.line.biz/en/reference/partner-docs/#attach-by-operation-of-the-module-channel-provider
partner-docs,Module,Attach by operation of the module channel provider,Response,scope,String,,,,Permissions (scope) granted by the LINE Official Account admin.,https://developers.line.biz/en/reference/partner-docs/#attach-by-operation-of-the-module-channel-provider
partner-docs,Module,Unlink (detach) the module channel by the operation of the module channel administrator,Request headers,Content-Type,application/json,true,required,,,https://developers.line.biz/en/reference/partner-docs/#unlink-detach-the-module-channel-by-the-operation-of-the-module-channel-administrator
partner-docs,Module,Unlink (detach) the module channel by the operation of the module channel administrator,Request headers,Authorization,Bearer {channel access token},true,required,,"For {channel access token}, specify the channel access token of your module channel.",https://developers.line.biz/en/reference/partner-docs/#unlink-detach-the-module-channel-by-the-operation-of-the-module-channel-administrator
partner-docs,Module,Unlink (detach) the module channel by the operation of the module channel administrator,Request body,botId,String,true,required,,The user ID of the LINE Official Account bot attached to the module channel. You can get the user ID of the bot from the response of the Attach by operation of the module channel provider or the Attached event.,https://developers.line.biz/en/reference/partner-docs/#unlink-detach-the-module-channel-by-the-operation-of-the-module-channel-administrator
partner-docs,Module,Acquire Control API,Request headers,Content-Type,application/json,true,required,,,https://developers.line.biz/en/reference/partner-docs/#acquire-control-api
partner-docs,Module,Acquire Control API,Request headers,Authorization,Bearer {channel access token},true,required,,"For {channel access token}, specify the channel access token of your module channel.",https://developers.line.biz/en/reference/partner-docs/#acquire-control-api
partner-docs,Module,Acquire Control API,Request headers,Header specifying the bot's user ID,The user ID of the LINE Official Account bot attached to the module channel.,true,required,,You can get the user ID of the bot from the response of the Attach by operation of the module channel provider or the Attached event. The specific header will be provided when after participation The name (parameter name) of this header is open only to customers who participate in the LINE Marketplace (only available in Japanese).,https://developers.line.biz/en/reference/partner-docs/#acquire-control-api
partner-docs,Module,Acquire Control API,Path parameter,chatId,"The userId, roomId, or groupId",true,required,,,https://developers.line.biz/en/reference/partner-docs/#acquire-control-api
partner-docs,Module,Acquire Control API,Request body,expired,Boolean,false,optional,,"- True: After the time limit (ttl) has passed, the initiative (Chat Control) will return to the Primary Channel. (Default) - False: There's no time limit and the initiative (Chat Control) doesn't change over time.",https://developers.line.biz/en/reference/partner-docs/#acquire-control-api
partner-docs,Module,Acquire Control API,Request body,ttl,Number,false,optional,,The time it takes for initiative (Chat Control) to return to the Primary Channel (the time that the module channel stays on the Active Channel). The value is specified in seconds. The maximum value is one year (3600 24 365). The default value is 3600 (1 hour). Ignored if the value of expired is false.,https://developers.line.biz/en/reference/partner-docs/#acquire-control-api
partner-docs,Module,Release Control API,Request headers,Content-Type,application/json,true,required,,,https://developers.line.biz/en/reference/partner-docs/#release-control-api
partner-docs,Module,Release Control API,Request headers,Authorization,Bearer {channel access token},true,required,,"For {channel access token}, specify the channel access token of your module channel.",https://developers.line.biz/en/reference/partner-docs/#release-control-api
partner-docs,Module,Release Control API,Request headers,Header specifying the bot's user ID,The user ID of the LINE Official Account bot attached to the module channel.,true,required,,You can get the user ID of the bot from the response of the Attach by operation of the module channel provider or the Attached event. The specific header will be provided when after participation The name (parameter name) of this header is open only to customers who participate in the LINE Marketplace (only available in Japanese).,https://developers.line.biz/en/reference/partner-docs/#release-control-api
partner-docs,Module,Release Control API,Path parameter,chatId,"The userId, roomId, or groupId",true,required,,,https://developers.line.biz/en/reference/partner-docs/#release-control-api
partner-docs,Module,Module channel-specific webhook events,Attached event,"timestamp, etc.",See Common properties.,,,,"However, mode is fixed to active.",https://developers.line.biz/en/reference/partner-docs/#module-channel-specific-webhook-events
partner-docs,Module,Module channel-specific webhook events,Attached event,type,String,,,,module,https://developers.line.biz/en/reference/partner-docs/#module-channel-specific-webhook-events
partner-docs,Module,Module channel-specific webhook events,Attached event,module.type,String,,,,attached,https://developers.line.biz/en/reference/partner-docs/#module-channel-specific-webhook-events
partner-docs,Module,Module channel-specific webhook events,Attached event,module.botId,String,,,,User ID of the bot on the attached LINE Official Account,https://developers.line.biz/en/reference/partner-docs/#module-channel-specific-webhook-events
partner-docs,Module,Module channel-specific webhook events,Attached event,module.scopes,Array of strings,,,,An array of strings indicating the scope permitted by the admin of the LINE Official Account.,https://developers.line.biz/en/reference/partner-docs/#module-channel-specific-webhook-events
partner-docs,Module,Module channel-specific webhook events,Detached event,"timestamp, etc.",See Common properties.,,,,"However, mode is fixed to active.",https://developers.line.biz/en/reference/partner-docs/#module-channel-specific-webhook-events
partner-docs,Module,Module channel-specific webhook events,Detached event,type,String,,,,module,https://developers.line.biz/en/reference/partner-docs/#module-channel-specific-webhook-events
partner-docs,Module,Module channel-specific webhook events,Detached event,module.type,String,,,,detached,https://developers.line.biz/en/reference/partner-docs/#module-channel-specific-webhook-events
partner-docs,Module,Module channel-specific webhook events,Detached event,module.botId,String,,,,Detached LINE Official Account bot user ID,https://developers.line.biz/en/reference/partner-docs/#module-channel-specific-webhook-events
partner-docs,Module,Module channel-specific webhook events,Detached event,module.reason,String,,,,"Reason for detaching bot_deleted: All information, including analysis data for the LINE Official Account, has been completely deleted.",https://developers.line.biz/en/reference/partner-docs/#module-channel-specific-webhook-events
partner-docs,Module,Module channel-specific webhook events,Activated event,"timestamp, etc.",See Common properties.,,,,"However, mode is fixed to active.",https://developers.line.biz/en/reference/partner-docs/#module-channel-specific-webhook-events
partner-docs,Module,Module channel-specific webhook events,Activated event,type,String,,,,activated,https://developers.line.biz/en/reference/partner-docs/#module-channel-specific-webhook-events
partner-docs,Module,Module channel-specific webhook events,Activated event,chatControl.expireAt,Number,,,,"The time limit for maintaining ""active.""",https://developers.line.biz/en/reference/partner-docs/#module-channel-specific-webhook-events
partner-docs,Module,Module channel-specific webhook events,Deactivated event,"timestamp, etc.",See Common properties.,,,,"However, mode is fixed to active.",https://developers.line.biz/en/reference/partner-docs/#module-channel-specific-webhook-events
partner-docs,Module,Module channel-specific webhook events,Deactivated event,type,String,,,,deactivated,https://developers.line.biz/en/reference/partner-docs/#module-channel-specific-webhook-events
partner-docs,Module,Module channel-specific webhook events,botSuspend event,"timestamp, etc.",See Common properties.,,,,"However, mode is fixed to active.",https://developers.line.biz/en/reference/partner-docs/#module-channel-specific-webhook-events
partner-docs,Module,Module channel-specific webhook events,botSuspend event,type,String,,,,botSuspended,https://developers.line.biz/en/reference/partner-docs/#module-channel-specific-webhook-events
partner-docs,Module,Module channel-specific webhook events,botResumed event,"timestamp, etc.",See Common properties.,,,,"However, mode is fixed to active.",https://developers.line.biz/en/reference/partner-docs/#module-channel-specific-webhook-events
partner-docs,Module,Module channel-specific webhook events,botResumed event,type,String,,,,botResumed,https://developers.line.biz/en/reference/partner-docs/#module-channel-specific-webhook-events
partner-docs,Module,Get a list of bots to which the module is attached,Request headers,Authorization,Bearer {channel access token},true,required,,"For {channel access token}, specify the channel access token of your module channel.",https://developers.line.biz/en/reference/partner-docs/#get-a-list-of-bots-to-which-the-module-is-attached
partner-docs,Module,Get a list of bots to which the module is attached,Query parameters,limit,Specify the maximum number of bots that you get basic information from. The default value is 100.,false,optional,,Max value: 100,https://developers.line.biz/en/reference/partner-docs/#get-a-list-of-bots-to-which-the-module-is-attached
partner-docs,Module,Get a list of bots to which the module is attached,Query parameters,start,"Value of the continuation token found in the next property of the JSON object returned in the response. If you can't get all basic information about the bots in one request, include this parameter to get the remaining array.",false,optional,,,https://developers.line.biz/en/reference/partner-docs/#get-a-list-of-bots-to-which-the-module-is-attached
partner-docs,Module,Get a list of bots to which the module is attached,Response,bots,Array,,,,Array of Bot list Item objects representing basic information about the bot.,https://developers.line.biz/en/reference/partner-docs/#get-a-list-of-bots-to-which-the-module-is-attached
partner-docs,Module,Get a list of bots to which the module is attached,Response,bots[].userId,String,,,,Bot's user ID,https://developers.line.biz/en/reference/partner-docs/#get-a-list-of-bots-to-which-the-module-is-attached
partner-docs,Module,Get a list of bots to which the module is attached,Response,bots[].basicId,String,,,,Bot's basic ID,https://developers.line.biz/en/reference/partner-docs/#get-a-list-of-bots-to-which-the-module-is-attached
partner-docs,Module,Get a list of bots to which the module is attached,Response,bots[].premiumId,String,false,"annotation=""Not always included""",,Bot's premium ID. Not included in the response if the premium ID isn't set.,https://developers.line.biz/en/reference/partner-docs/#get-a-list-of-bots-to-which-the-module-is-attached
partner-docs,Module,Get a list of bots to which the module is attached,Response,bots[].displayName,String,,,,Bot's display name,https://developers.line.biz/en/reference/partner-docs/#get-a-list-of-bots-to-which-the-module-is-attached
partner-docs,Module,Get a list of bots to which the module is attached,Response,bots[].pictureUrl,String,false,"annotation=""Not always included""",,"Profile image URL. Image URL starting with ""https://"". Not included in the response if the bot doesn't have a profile image.",https://developers.line.biz/en/reference/partner-docs/#get-a-list-of-bots-to-which-the-module-is-attached
partner-docs,Module,Get a list of bots to which the module is attached,Response,next,String,false,"annotation=""Not always included""",,"Continuation token. Used to get the next array of basic bot information. This property is only returned if there are more unreturned results. The continuation token expires in 24 hours (86,400 seconds).",https://developers.line.biz/en/reference/partner-docs/#get-a-list-of-bots-to-which-the-module-is-attached
